-- MySQL dump 10.13  Distrib 8.0.26, for Win64 (x86_64)
--
-- Host: localhost    Database: rest_api
-- ------------------------------------------------------
-- Server version	8.0.26

/*!40101 SET @OLD_CHARACTER_SET_CLIENT=@@CHARACTER_SET_CLIENT */;
/*!40101 SET @OLD_CHARACTER_SET_RESULTS=@@CHARACTER_SET_RESULTS */;
/*!40101 SET @OLD_COLLATION_CONNECTION=@@COLLATION_CONNECTION */;
/*!50503 SET NAMES utf8 */;
/*!40103 SET @OLD_TIME_ZONE=@@TIME_ZONE */;
/*!40103 SET TIME_ZONE='+00:00' */;
/*!40014 SET @OLD_UNIQUE_CHECKS=@@UNIQUE_CHECKS, UNIQUE_CHECKS=0 */;
/*!40014 SET @OLD_FOREIGN_KEY_CHECKS=@@FOREIGN_KEY_CHECKS, FOREIGN_KEY_CHECKS=0 */;
/*!40101 SET @OLD_SQL_MODE=@@SQL_MODE, SQL_MODE='NO_AUTO_VALUE_ON_ZERO' */;
/*!40111 SET @OLD_SQL_NOTES=@@SQL_NOTES, SQL_NOTES=0 */;

--
-- Table structure for table `account`
--

DROP TABLE IF EXISTS `account`;
/*!40101 SET @saved_cs_client     = @@character_set_client */;
/*!50503 SET character_set_client = utf8mb4 */;
CREATE TABLE `account` (
  `uuid` varchar(36) NOT NULL,
  `user` varchar(128) NOT NULL,
  `communication_medium_uuid` varchar(36) NOT NULL,
  `creation_datetime` timestamp NULL DEFAULT CURRENT_TIMESTAMP,
  `active` tinyint NOT NULL DEFAULT '1',
  `activation_datetime` datetime DEFAULT NULL,
  `deleted` tinyint DEFAULT '0',
  `deletion_datetime` datetime DEFAULT NULL,
  `changed_datetime` datetime DEFAULT NULL,
  PRIMARY KEY (`user`,`communication_medium_uuid`),
  KEY `uuid_Idx` (`uuid`),
  KEY `fk_accountToCommMedium_idx` (`communication_medium_uuid`),
  CONSTRAINT `fk_accountToCommMedium` FOREIGN KEY (`communication_medium_uuid`) REFERENCES `communication_medium` (`uuid`)
) ENGINE=InnoDB DEFAULT CHARSET=utf8mb3;
/*!40101 SET character_set_client = @saved_cs_client */;

--
-- Dumping data for table `account`
--

LOCK TABLES `account` WRITE;
/*!40000 ALTER TABLE `account` DISABLE KEYS */;
INSERT INTO `account` VALUES ('d0eb95d2-3425-11ec-b696-d8bbc10f2ae0','mika-roos@web.de','199b28e3-d921-11eb-81f0-842afd097283','2021-10-23 17:22:36',1,NULL,0,NULL,NULL),('edf04962-1ca5-11ec-a4a4-d8bbc10f2ae0','root','65980434-1ca4-11ec-a4a4-d8bbc10f2ae0','2021-09-23 19:39:12',1,NULL,0,NULL,NULL),('8aaa84d0-e245-11eb-9dd4-309c2364fdb6','service@helixdb.org','6ad9523e-d91a-11eb-81f0-842afd097283','2021-07-11 12:43:07',1,NULL,0,NULL,NULL),('98caf4cf-3418-11ec-b696-d8bbc10f2ae0','Strato Mail','6ad9523e-d91a-11eb-81f0-842afd097283','2021-10-23 15:47:58',1,NULL,0,NULL,NULL),('dcd8ec4e-bfa2-11eb-a11f-309c2364fdb6','test2@helixdb.org','199b28e3-d921-11eb-81f0-842afd097283','2021-05-28 10:52:57',1,NULL,0,NULL,'2021-10-16 12:36:53'),('322c1723-dbf0-11eb-8cd9-842afd097283','test3@helixdb.org','199b28e3-d921-11eb-81f0-842afd097283','2021-07-03 11:17:04',1,NULL,0,NULL,'2021-10-16 12:36:53'),('dcd8ac39-bfa2-11eb-a11f-309c2364fdb6','test@helixdb.org','199b28e3-d921-11eb-81f0-842afd097283','2021-05-28 10:52:57',1,NULL,0,NULL,'2021-10-16 12:36:53');
/*!40000 ALTER TABLE `account` ENABLE KEYS */;
UNLOCK TABLES;
/*!50003 SET @saved_cs_client      = @@character_set_client */ ;
/*!50003 SET @saved_cs_results     = @@character_set_results */ ;
/*!50003 SET @saved_col_connection = @@collation_connection */ ;
/*!50003 SET character_set_client  = utf8mb4 */ ;
/*!50003 SET character_set_results = utf8mb4 */ ;
/*!50003 SET collation_connection  = utf8mb4_0900_ai_ci */ ;
/*!50003 SET @saved_sql_mode       = @@sql_mode */ ;
/*!50003 SET sql_mode              = 'STRICT_TRANS_TABLES,NO_ENGINE_SUBSTITUTION' */ ;
DELIMITER ;;
/*!50003 CREATE*/ /*!50017 DEFINER=`root`@`localhost`*/ /*!50003 TRIGGER `account_BEFORE_INSERT` BEFORE INSERT ON `account` FOR EACH ROW BEGIN

SET new.creation_datetime = NOW();   
END */;;
DELIMITER ;
/*!50003 SET sql_mode              = @saved_sql_mode */ ;
/*!50003 SET character_set_client  = @saved_cs_client */ ;
/*!50003 SET character_set_results = @saved_cs_results */ ;
/*!50003 SET collation_connection  = @saved_col_connection */ ;
/*!50003 SET @saved_cs_client      = @@character_set_client */ ;
/*!50003 SET @saved_cs_results     = @@character_set_results */ ;
/*!50003 SET @saved_col_connection = @@collation_connection */ ;
/*!50003 SET character_set_client  = utf8mb4 */ ;
/*!50003 SET character_set_results = utf8mb4 */ ;
/*!50003 SET collation_connection  = utf8mb4_0900_ai_ci */ ;
/*!50003 SET @saved_sql_mode       = @@sql_mode */ ;
/*!50003 SET sql_mode              = 'STRICT_TRANS_TABLES,NO_ENGINE_SUBSTITUTION' */ ;
DELIMITER ;;
/*!50003 CREATE*/ /*!50017 DEFINER=`root`@`localhost`*/ /*!50003 TRIGGER `account_BEFORE_UPDATE` BEFORE UPDATE ON `account` FOR EACH ROW BEGIN

SET new.changed_datetime = NOW();
END */;;
DELIMITER ;
/*!50003 SET sql_mode              = @saved_sql_mode */ ;
/*!50003 SET character_set_client  = @saved_cs_client */ ;
/*!50003 SET character_set_results = @saved_cs_results */ ;
/*!50003 SET collation_connection  = @saved_col_connection */ ;

--
-- Table structure for table `api`
--

DROP TABLE IF EXISTS `api`;
/*!40101 SET @saved_cs_client     = @@character_set_client */;
/*!50503 SET character_set_client = utf8mb4 */;
CREATE TABLE `api` (
  `uuid` varchar(36) NOT NULL,
  `name` varchar(45) NOT NULL,
  `controller_area_pattern` varchar(128) DEFAULT NULL,
  `controller_route_pattern` varchar(128) NOT NULL,
  `maintanance` tinyint DEFAULT '0',
  `creation_datetime` timestamp NULL DEFAULT CURRENT_TIMESTAMP,
  `active` tinyint NOT NULL DEFAULT '1',
  `activation_datetime` datetime DEFAULT NULL,
  `deleted` tinyint DEFAULT '0',
  `deletion_datetime` datetime DEFAULT NULL,
  `changed_datetime` datetime DEFAULT NULL,
  PRIMARY KEY (`uuid`)
) ENGINE=InnoDB DEFAULT CHARSET=utf8mb3;
/*!40101 SET character_set_client = @saved_cs_client */;

--
-- Dumping data for table `api`
--

LOCK TABLES `api` WRITE;
/*!40000 ALTER TABLE `api` DISABLE KEYS */;
INSERT INTO `api` VALUES ('c998f46f-a5ad-11eb-bac0-309c2364fdb6','apiv1','{area}','{area}/{controller}/{action}/{id?}',0,'2021-04-25 10:05:39',1,NULL,0,NULL,'2021-05-27 11:49:04');
/*!40000 ALTER TABLE `api` ENABLE KEYS */;
UNLOCK TABLES;
/*!50003 SET @saved_cs_client      = @@character_set_client */ ;
/*!50003 SET @saved_cs_results     = @@character_set_results */ ;
/*!50003 SET @saved_col_connection = @@collation_connection */ ;
/*!50003 SET character_set_client  = utf8mb4 */ ;
/*!50003 SET character_set_results = utf8mb4 */ ;
/*!50003 SET collation_connection  = utf8mb4_0900_ai_ci */ ;
/*!50003 SET @saved_sql_mode       = @@sql_mode */ ;
/*!50003 SET sql_mode              = 'STRICT_TRANS_TABLES,NO_ENGINE_SUBSTITUTION' */ ;
DELIMITER ;;
/*!50003 CREATE*/ /*!50017 DEFINER=`rest`@`%`*/ /*!50003 TRIGGER `api_BEFORE_INSERT` BEFORE INSERT ON `api` FOR EACH ROW BEGIN 	SET new.creation_datetime = NOW();   END */;;
DELIMITER ;
/*!50003 SET sql_mode              = @saved_sql_mode */ ;
/*!50003 SET character_set_client  = @saved_cs_client */ ;
/*!50003 SET character_set_results = @saved_cs_results */ ;
/*!50003 SET collation_connection  = @saved_col_connection */ ;
/*!50003 SET @saved_cs_client      = @@character_set_client */ ;
/*!50003 SET @saved_cs_results     = @@character_set_results */ ;
/*!50003 SET @saved_col_connection = @@collation_connection */ ;
/*!50003 SET character_set_client  = utf8mb4 */ ;
/*!50003 SET character_set_results = utf8mb4 */ ;
/*!50003 SET collation_connection  = utf8mb4_0900_ai_ci */ ;
/*!50003 SET @saved_sql_mode       = @@sql_mode */ ;
/*!50003 SET sql_mode              = 'STRICT_TRANS_TABLES,NO_ENGINE_SUBSTITUTION' */ ;
DELIMITER ;;
/*!50003 CREATE*/ /*!50017 DEFINER=`rest`@`%`*/ /*!50003 TRIGGER `api_BEFORE_UPDATE` BEFORE UPDATE ON `api` FOR EACH ROW BEGIN 	SET new.changed_datetime = NOW();END */;;
DELIMITER ;
/*!50003 SET sql_mode              = @saved_sql_mode */ ;
/*!50003 SET character_set_client  = @saved_cs_client */ ;
/*!50003 SET character_set_results = @saved_cs_results */ ;
/*!50003 SET collation_connection  = @saved_col_connection */ ;

--
-- Table structure for table `auth`
--

DROP TABLE IF EXISTS `auth`;
/*!40101 SET @saved_cs_client     = @@character_set_client */;
/*!50503 SET character_set_client = utf8mb4 */;
CREATE TABLE `auth` (
  `uuid` varchar(36) NOT NULL,
  `user_uuid` varchar(36) NOT NULL,
  `ip_addrv4_remote` varchar(45) DEFAULT NULL,
  `ip_addrv6_remote` varchar(150) DEFAULT NULL,
  `remote_port` int DEFAULT NULL,
  `ip_addrv4_local` varchar(45) DEFAULT NULL,
  `ip_addrv6_local` varchar(150) DEFAULT NULL,
  `local_port` int DEFAULT NULL,
  `token` varchar(2000) NOT NULL,
  `token_expires_in` datetime NOT NULL,
  `user_agent` text NOT NULL,
  `logout_datetime` datetime DEFAULT NULL,
  `refresh_token` varchar(2000) NOT NULL,
  `refresh_token_expires_in` datetime NOT NULL,
  `creation_datetime` timestamp NULL DEFAULT CURRENT_TIMESTAMP,
  `active` tinyint NOT NULL DEFAULT '1',
  `activation_datetime` datetime DEFAULT NULL,
  `deleted` tinyint DEFAULT '0',
  `deletion_datetime` datetime DEFAULT NULL,
  `changed_datetime` datetime DEFAULT NULL,
  PRIMARY KEY (`uuid`),
  KEY `fk_authToUser_idx` (`user_uuid`),
  CONSTRAINT `fk_authToUser` FOREIGN KEY (`user_uuid`) REFERENCES `user` (`uuid`)
) ENGINE=InnoDB DEFAULT CHARSET=utf8mb3;
/*!40101 SET character_set_client = @saved_cs_client */;

--
-- Dumping data for table `auth`
--

LOCK TABLES `auth` WRITE;
/*!40000 ALTER TABLE `auth` DISABLE KEYS */;
INSERT INTO `auth` VALUES ('003ae1c7-fb5a-11eb-9892-309c2364fdb6','6c7d07e0-a5b5-11eb-bac0-309c2364fdb6',NULL,'::1',8235,NULL,'::1',5001,'eyJhbGciOiJIUzUxMiIsInR5cCI6IkpXVCJ9.eyJ1dWlkIjoiNmM3ZDA3ZTAtYTViNS0xMWViLWJhYzAtMzA5YzIzNjRmZGI2IiwidXNlciI6InRlc3QiLCJ1c2VyX3R5cGVfaWQiOiI3MzQwNDI1ZS1hNWI1LTExZWItYmFjMC0zMDljMjM2NGZkYjYiLCJpc19hZG0iOiJGYWxzZSIsImVtYWlsIjoiZGNkOGFjMzktYmZhMi0xMWViLWExMWYtMzA5YzIzNjRmZGI2IiwiYXBpX2FjY2Vzc19ncmFudCI6IlRydWUiLCJuYmYiOjE2Mjg3NjQ5NTMsImV4cCI6MTYyODc2Njc1MywiaWF0IjoxNjI4NzY0OTUzfQ.BJpdG8h_u9QGKL3o9FEkqHNYfdn34-SwFSNzQLsBeD_QWS_8t2uAG4WVHiLrFFn75wYYQqoJl1dBZdr-zE_bHg','2021-08-12 13:12:33','PostmanRuntime/7.28.3',NULL,'003594cf-fb5a-11eb-9892-309c2364fdb6','2021-08-12 13:42:33','2021-08-12 10:42:33',1,NULL,0,NULL,NULL),('00bea5a7-ab49-11eb-9ca7-309c2364fdb6','6c7d07e0-a5b5-11eb-bac0-309c2364fdb6',NULL,'::1',53528,NULL,'::1',5001,'eyJhbGciOiJIUzUxMiIsInR5cCI6IkpXVCJ9.eyJpZCI6IjZjN2QwN2UwLWE1YjUtMTFlYi1iYWMwLTMwOWMyMzY0ZmRiNiIsInVzZXIiOiJ0ZXN0IiwidXNlcl90eXBlX2lkIjoiNzMzZmQwOWMtYTViNS0xMWViLWJhYzAtMzA5YzIzNjRmZGI2IiwiZW1haWwiOiJ0ZXN0IiwibmJmIjoxNjE5OTYxNTU5LCJleHAiOjE2MTk5NjMzNTksImlhdCI6MTYxOTk2MTU1OX0.eoT0L3jfGRRX1Y_746RVNe3xWELW83XOjQNyZMIhwLOp3ih1Yanm5EC0KOcjJNwWL7XbABPx3Ty1x4i2XcqADw','2021-05-02 15:49:19','PostmanRuntime/7.26.8',NULL,'00bd8787-ab49-11eb-9ca7-309c2364fdb6','2021-05-02 16:19:19','2021-05-02 13:19:19',1,NULL,0,NULL,'2021-05-27 11:48:28'),('0129a49c-be61-11eb-9f54-842afd097283','6c7d07e0-a5b5-11eb-bac0-309c2364fdb6',NULL,'::1',1568,NULL,'::1',5001,'eyJhbGciOiJIUzUxMiIsInR5cCI6IkpXVCJ9.eyJ1dWlkIjoiNmM3ZDA3ZTAtYTViNS0xMWViLWJhYzAtMzA5YzIzNjRmZGI2IiwidXNlciI6InRlc3QiLCJ1c2VyX3R5cGVfaWQiOiI3MzNmZDA5Yy1hNWI1LTExZWItYmFjMC0zMDljMjM2NGZkYjYiLCJpc19hZG1pbiI6IlRydWUiLCJlbWFpbCI6InRlc3QiLCJhcGlfYWNjZXNzX2dyYW50IjoiRmFsc2UiLCJuYmYiOjE2MjIwNjA5NDAsImV4cCI6MTYyMjA2MjczMiwiaWF0IjoxNjIyMDYwOTQwfQ.zUDyy1Kc6M7RB1ZP9J21RBTLIrM5tKkZSWU1xDfoFLsaIYpsjnRj7tV360x_zSryealg2nDAIIsOh1aVBPBODQ','2021-05-26 22:58:52','PostmanRuntime/7.26.8',NULL,'0123f358-be61-11eb-9f54-842afd097283','2021-05-26 23:28:52','2021-05-26 20:29:00',1,NULL,0,NULL,NULL),('01904f92-f1ff-11eb-ad62-309c2364fdb6','6c7d07e0-a5b5-11eb-bac0-309c2364fdb6',NULL,'::1',51547,NULL,'::1',5001,'eyJhbGciOiJIUzUxMiIsInR5cCI6IkpXVCJ9.eyJ1dWlkIjoiNmM3ZDA3ZTAtYTViNS0xMWViLWJhYzAtMzA5YzIzNjRmZGI2IiwidXNlciI6InRlc3QiLCJ1c2VyX3R5cGVfaWQiOiI3MzQwNDI1ZS1hNWI1LTExZWItYmFjMC0zMDljMjM2NGZkYjYiLCJpc19hZG0iOiJGYWxzZSIsImVtYWlsIjoiZGNkOGFjMzktYmZhMi0xMWViLWExMWYtMzA5YzIzNjRmZGI2IiwiYXBpX2FjY2Vzc19ncmFudCI6IlRydWUiLCJuYmYiOjE2Mjc3MzYzMTAsImV4cCI6MTYyNzczODExMCwiaWF0IjoxNjI3NzM2MzEwfQ.BObBWxXNXG1mCvYnLNaLESaDSEiQAoN6m2hZ1J756soW6JTMWlakgaLOHS8Qp75vp0T5FAviZap4XT3lGvFNbw','2021-07-31 15:28:31','PostmanRuntime/7.26.8',NULL,'018ba8b2-f1ff-11eb-ad62-309c2364fdb6','2021-07-31 15:58:31','2021-07-31 12:58:31',1,NULL,0,NULL,NULL),('0308abba-bed9-11eb-8e36-309c2364fdb6','3e166107-be6a-11eb-9f54-842afd097283',NULL,'::1',53284,NULL,'::1',5001,'eyJhbGciOiJIUzUxMiIsInR5cCI6IkpXVCJ9.eyJ1dWlkIjoiM2UxNjYxMDctYmU2YS0xMWViLTlmNTQtODQyYWZkMDk3MjgzIiwidXNlciI6InRlc3QyIiwidXNlcl90eXBlX2lkIjoiNzM0MDQyNWUtYTViNS0xMWViLWJhYzAtMzA5YzIzNjRmZGI2IiwiaXNfYWRtIjoiRmFsc2UiLCJlbWFpbCI6InRlc3QyIiwiYXBpX2FjY2Vzc19ncmFudCI6IlRydWUiLCJuYmYiOjE2MjIxMTI0ODMsImV4cCI6MTYyMjExNDI4MywiaWF0IjoxNjIyMTEyNDgzfQ.FJ2IZT_h002j3fniAla_WHGR_conkdFuN4LkQtuhp6Olyhz7G0v33-9NtvqpGFWFWYCDeGX_NEdJOGZm_-CcBQ','2021-05-27 13:18:03','PostmanRuntime/7.26.8',NULL,'03044391-bed9-11eb-8e36-309c2364fdb6','2021-05-27 13:48:03','2021-05-27 10:48:03',1,NULL,0,NULL,NULL),('03b5a331-2b9a-11ec-a833-d8bbc10f2ae0','6c7d07e0-a5b5-11eb-bac0-309c2364fdb6',NULL,'::1',9014,NULL,'::1',5001,'eyJhbGciOiJIUzUxMiIsInR5cCI6IkpXVCJ9.eyJ1dWlkIjoiNmM3ZDA3ZTAtYTViNS0xMWViLWJhYzAtMzA5YzIzNjRmZGI2IiwidXNlciI6InRlc3QiLCJ1c2VyX3R5cGVfaWQiOiI3MzQwNDI1ZS1hNWI1LTExZWItYmFjMC0zMDljMjM2NGZkYjYiLCJpc19hZG0iOiJGYWxzZSIsImVtYWlsIjoiZGNkOGFjMzktYmZhMi0xMWViLWExMWYtMzA5YzIzNjRmZGI2IiwiYXBpX2FjY2Vzc19ncmFudCI6IlRydWUiLCJuYmYiOjE2MzQwNzAxMDIsImV4cCI6MTYzNDA3MTkwMiwiaWF0IjoxNjM0MDcwMTAyfQ.mG_qu_UbhWMjwTa4Q43Sx4nARLEa3VjvpN2Q9rbSCrr5hJ8dqDXHqEhZVM4RUHAQ5MgR16RRjS19xil4EYhn_A','2021-10-12 22:51:43','PostmanRuntime/7.28.4',NULL,'03b573bc-2b9a-11ec-a833-d8bbc10f2ae0','2021-10-12 23:21:43','2021-10-12 20:21:42',1,NULL,0,NULL,NULL),('03f67e19-bec3-11eb-8e36-309c2364fdb6','3e166107-be6a-11eb-9f54-842afd097283',NULL,'::1',51880,NULL,'::1',5001,'eyJhbGciOiJIUzUxMiIsInR5cCI6IkpXVCJ9.eyJ1dWlkIjoiM2UxNjYxMDctYmU2YS0xMWViLTlmNTQtODQyYWZkMDk3MjgzIiwidXNlciI6InRlc3QyIiwidXNlcl90eXBlX2lkIjoiNzM0MDQyNWUtYTViNS0xMWViLWJhYzAtMzA5YzIzNjRmZGI2IiwiaXNfYWRtIjoiRmFsc2UiLCJlbWFpbCI6InRlc3QyIiwiYXBpX2FjY2Vzc19ncmFudCI6IlRydWUiLCJuYmYiOjE2MjIxMDMwMzUsImV4cCI6MTYyMjEwNDgzNSwiaWF0IjoxNjIyMTAzMDM1fQ.QLFggHZFyVpSGFZntPCFGNrbcitSRCLCpLsJiTUCxO_vLte488qgFNtLf579lebl_XjQGBTSKjxOznVvFr8a9w','2021-05-27 10:40:36','PostmanRuntime/7.26.8',NULL,'03f54526-bec3-11eb-8e36-309c2364fdb6','2021-05-27 11:10:36','2021-05-27 08:10:35',1,NULL,0,NULL,NULL),('044a3396-1fbd-11ec-b836-d8bbc10f2ae0','f8708bc4-1ca5-11ec-a4a4-d8bbc10f2ae0',NULL,'::1',50694,NULL,'::1',5001,'eyJhbGciOiJIUzUxMiIsInR5cCI6IkpXVCJ9.eyJ1dWlkIjoiZjg3MDhiYzQtMWNhNS0xMWVjLWE0YTQtZDhiYmMxMGYyYWUwIiwidXNlciI6InJvb3QiLCJ1c2VyX3R5cGVfaWQiOiIwZTEyNDRmOC0xY2EzLTExZWMtYTRhNC1kOGJiYzEwZjJhZTAiLCJpc19hZG0iOiJGYWxzZSIsImVtYWlsIjoiZWRmMDQ5NjItMWNhNS0xMWVjLWE0YTQtZDhiYmMxMGYyYWUwIiwiYXBpX2FjY2Vzc19ncmFudCI6IlRydWUiLCJuYmYiOjE2MzI3NjU3MjIsImV4cCI6MTYzMjc2NzUyMiwiaWF0IjoxNjMyNzY1NzIyfQ.JZ4fQbLmf1LZprnzaitnjArX9hyjzsEqeuputGFP5S_qnfcAF1P54VJd6rKy5Q7UR-b7Uwoc5azbrOsifGa7cA','2021-09-27 20:32:02','PostmanRuntime/7.28.4','2021-09-27 20:30:02','044625e7-1fbd-11ec-b836-d8bbc10f2ae0','2021-09-27 21:02:02','2021-09-27 18:02:02',1,NULL,0,NULL,'2021-09-27 20:30:02'),('050fa909-bede-11eb-8e36-309c2364fdb6','3e166107-be6a-11eb-9f54-842afd097283',NULL,'::1',53858,NULL,'::1',5001,'eyJhbGciOiJIUzUxMiIsInR5cCI6IkpXVCJ9.eyJ1dWlkIjoiM2UxNjYxMDctYmU2YS0xMWViLTlmNTQtODQyYWZkMDk3MjgzIiwidXNlciI6InRlc3QyIiwidXNlcl90eXBlX2lkIjoiNzM0MDQyNWUtYTViNS0xMWViLWJhYzAtMzA5YzIzNjRmZGI2IiwiaXNfYWRtIjoiRmFsc2UiLCJlbWFpbCI6InRlc3QyIiwiYXBpX2FjY2Vzc19ncmFudCI6IlRydWUiLCJuYmYiOjE2MjIxMTQ2MzQsImV4cCI6MTYyMjExNjQzNCwiaWF0IjoxNjIyMTE0NjM0fQ.E3_-lnp-RZ3O1pHTUhzFfL-xbjJVrtAGJrGdUhI2-Z-pfkC-PtHakUad6mAsrlPSTTcEov5_TCr4GXY3TQdz-g','2021-05-27 13:53:54','PostmanRuntime/7.26.8',NULL,'050b72b3-bede-11eb-8e36-309c2364fdb6','2021-05-27 14:23:54','2021-05-27 11:23:54',1,NULL,0,NULL,NULL),('0627671f-bec2-11eb-8e36-309c2364fdb6','6c7d07e0-a5b5-11eb-bac0-309c2364fdb6',NULL,'::1',51842,NULL,'::1',5001,'eyJhbGciOiJIUzUxMiIsInR5cCI6IkpXVCJ9.eyJ1dWlkIjoiNmM3ZDA3ZTAtYTViNS0xMWViLWJhYzAtMzA5YzIzNjRmZGI2IiwidXNlciI6InRlc3QiLCJ1c2VyX3R5cGVfaWQiOiI3MzQwNDI1ZS1hNWI1LTExZWItYmFjMC0zMDljMjM2NGZkYjYiLCJpc19hZG0iOiJGYWxzZSIsImVtYWlsIjoidGVzdCIsImFwaV9hY2Nlc3NfZ3JhbnQiOiJUcnVlIiwibmJmIjoxNjIyMTAyNjA5LCJleHAiOjE2MjIxMDQ0MDksImlhdCI6MTYyMjEwMjYwOX0.XiS9GJMiP-vE1gM8Vfskcs3VPSSsPZI8KN_OMhJ3ENXxmPHzjhhryF8-XKKZB98aTEP1I0okJ8uGfNWI4sRpCg','2021-05-27 10:33:30','PostmanRuntime/7.26.8',NULL,'0623858c-bec2-11eb-8e36-309c2364fdb6','2021-05-27 11:03:30','2021-05-27 08:03:30',1,NULL,0,NULL,NULL),('06404b49-b038-11eb-bbf1-309c2364fdb6','6c7d07e0-a5b5-11eb-bac0-309c2364fdb6',NULL,'::1',55002,NULL,'::1',5001,'eyJhbGciOiJIUzUxMiIsInR5cCI6IkpXVCJ9.eyJpZCI6IjZjN2QwN2UwLWE1YjUtMTFlYi1iYWMwLTMwOWMyMzY0ZmRiNiIsInVzZXIiOiJ0ZXN0IiwidXNlcl90eXBlX2lkIjoiNzMzZmQwOWMtYTViNS0xMWViLWJhYzAtMzA5YzIzNjRmZGI2IiwiZW1haWwiOiJ0ZXN0IiwibmJmIjoxNjIwNTA0MDIzLCJleHAiOjE2MjA1MDU4MjIsImlhdCI6MTYyMDUwNDAyM30.Dkf5RFWH_xKFz54g-u8ulpEgXT34QR8rrZVlvVKYW8ESODFlPdJ5OjVwMVTZ67ZOI3ktSnloNi1OViD28JaMpg','2021-05-08 22:30:23','PostmanRuntime/7.26.8',NULL,'06393b29-b038-11eb-bbf1-309c2364fdb6','2021-05-08 23:00:23','2021-05-08 20:00:23',1,NULL,0,NULL,'2021-05-27 11:48:28'),('06a7b61c-f798-11eb-9131-309c2364fdb6','6c7d07e0-a5b5-11eb-bac0-309c2364fdb6',NULL,'::1',24093,NULL,'::1',5001,'eyJhbGciOiJIUzUxMiIsInR5cCI6IkpXVCJ9.eyJ1dWlkIjoiNmM3ZDA3ZTAtYTViNS0xMWViLWJhYzAtMzA5YzIzNjRmZGI2IiwidXNlciI6InRlc3QiLCJ1c2VyX3R5cGVfaWQiOiI3MzQwNDI1ZS1hNWI1LTExZWItYmFjMC0zMDljMjM2NGZkYjYiLCJpc19hZG0iOiJGYWxzZSIsImVtYWlsIjoiZGNkOGFjMzktYmZhMi0xMWViLWExMWYtMzA5YzIzNjRmZGI2IiwiYXBpX2FjY2Vzc19ncmFudCI6IlRydWUiLCJuYmYiOjE2MjgzNTE3ODgsImV4cCI6MTYyODM1MzU4OCwiaWF0IjoxNjI4MzUxNzg4fQ.ztINnC_06Yx88qwkyojOGmIYquz2rgZ7BBJKJAuofDW_J0yOOWam48aN6allHaXRq-HPcO8UDVcbPgdwck6FAQ','2021-08-07 18:26:28','PostmanRuntime/7.28.3',NULL,'06a07661-f798-11eb-9131-309c2364fdb6','2021-08-07 18:56:28','2021-08-07 15:56:28',1,NULL,0,NULL,NULL),('07637983-f05d-11eb-87d0-309c2364fdb6','6c7d07e0-a5b5-11eb-bac0-309c2364fdb6',NULL,'::1',51632,NULL,'::1',5001,'eyJhbGciOiJIUzUxMiIsInR5cCI6IkpXVCJ9.eyJ1dWlkIjoiNmM3ZDA3ZTAtYTViNS0xMWViLWJhYzAtMzA5YzIzNjRmZGI2IiwidXNlciI6InRlc3QiLCJ1c2VyX3R5cGVfaWQiOiI3MzQwNDI1ZS1hNWI1LTExZWItYmFjMC0zMDljMjM2NGZkYjYiLCJpc19hZG0iOiJGYWxzZSIsImVtYWlsIjoiZGNkOGFjMzktYmZhMi0xMWViLWExMWYtMzA5YzIzNjRmZGI2IiwiYXBpX2FjY2Vzc19ncmFudCI6IlRydWUiLCJuYmYiOjE2Mjc1NTY3OTAsImV4cCI6MTYyNzU1ODU5MCwiaWF0IjoxNjI3NTU2NzkwfQ.NcIRqyTU3ZhHpXVnOahZ0i9J0EruDlnUpiIHcUpwvCCXNNMCgIJnZVpvNUYqHgYv5GbIKjmsjP-0QIzZu44Z7Q','2021-07-29 13:36:31','PostmanRuntime/7.26.8',NULL,'075c7d12-f05d-11eb-87d0-309c2364fdb6','2021-07-29 14:06:31','2021-07-29 11:06:31',1,NULL,0,NULL,NULL),('078be5d2-f784-11eb-9131-309c2364fdb6','6c7d07e0-a5b5-11eb-bac0-309c2364fdb6',NULL,'::1',23697,NULL,'::1',5001,'eyJhbGciOiJIUzUxMiIsInR5cCI6IkpXVCJ9.eyJ1dWlkIjoiNmM3ZDA3ZTAtYTViNS0xMWViLWJhYzAtMzA5YzIzNjRmZGI2IiwidXNlciI6InRlc3QiLCJ1c2VyX3R5cGVfaWQiOiI3MzQwNDI1ZS1hNWI1LTExZWItYmFjMC0zMDljMjM2NGZkYjYiLCJpc19hZG0iOiJGYWxzZSIsImVtYWlsIjoiZGNkOGFjMzktYmZhMi0xMWViLWExMWYtMzA5YzIzNjRmZGI2IiwiYXBpX2FjY2Vzc19ncmFudCI6IlRydWUiLCJuYmYiOjE2MjgzNDMxOTksImV4cCI6MTYyODM0NDk5OSwiaWF0IjoxNjI4MzQzMTk5fQ.54b2lPejo4OFJTB5Q7qWADTUJEO5KfN_1jb5r9Ilch8ILvrSSdl7v2Ti29G2I3Jpmx6ylqIXhqn5XcxUXNGL-w','2021-08-07 16:03:19','PostmanRuntime/7.28.3',NULL,'0782af54-f784-11eb-9131-309c2364fdb6','2021-08-07 16:33:19','2021-08-07 13:33:19',1,NULL,0,NULL,NULL),('07ca2add-b3e7-11eb-85a2-309c2364fdb6','6c7d07e0-a5b5-11eb-bac0-309c2364fdb6',NULL,'::1',59155,NULL,'::1',5001,'eyJhbGciOiJIUzUxMiIsInR5cCI6IkpXVCJ9.eyJpZCI6IjZjN2QwN2UwLWE1YjUtMTFlYi1iYWMwLTMwOWMyMzY0ZmRiNiIsInVzZXIiOiJ0ZXN0IiwidXNlcl90eXBlX2lkIjoiNzMzZmQwOWMtYTViNS0xMWViLWJhYzAtMzA5YzIzNjRmZGI2IiwiZW1haWwiOiJ0ZXN0IiwiYXBpX2FjY2Vzc19ncmFudCI6IlRydWUiLCJuYmYiOjE2MjA5MDkwNDEsImV4cCI6MTYyMDkxMDg0MSwiaWF0IjoxNjIwOTA5MDQxfQ.fajRvi8TBLoaneZxd9NU0WYvnpYbs4qvYlAG6zVjYmSxpOYVsjqW3I1VYNOFc6pLQoUx8H8HwAjKF7_hPFzcow','2021-05-13 15:00:41','PostmanRuntime/7.26.8',NULL,'07c7d843-b3e7-11eb-85a2-309c2364fdb6','2021-05-13 15:30:41','2021-05-13 12:30:41',1,NULL,0,NULL,'2021-05-27 11:48:28'),('09189c9d-547b-11ec-9e6e-d8bbc10f2ae0','f8708bc4-1ca5-11ec-a4a4-d8bbc10f2ae0',NULL,'::1',18895,NULL,'::1',5001,'eyJhbGciOiJIUzUxMiIsInR5cCI6IkpXVCJ9.eyJ1dWlkIjoiZjg3MDhiYzQtMWNhNS0xMWVjLWE0YTQtZDhiYmMxMGYyYWUwIiwidXNlciI6InJvb3QiLCJ1c2VyX3R5cGVfaWQiOiIwZTEyNDRmOC0xY2EzLTExZWMtYTRhNC1kOGJiYzEwZjJhZTAiLCJpc19hZG0iOiJUcnVlIiwiZW1haWwiOiJlZGYwNDk2Mi0xY2E1LTExZWMtYTRhNC1kOGJiYzEwZjJhZTAiLCJhcGlfYWNjZXNzX2dyYW50IjoiVHJ1ZSIsIm5iZiI6MTYzODU2NDc5NCwiZXhwIjoxNjM4NTY2NTk0LCJpYXQiOjE2Mzg1NjQ3OTR9.Ubv4NqfUqhYUuZJcSVYjBUq2BSELXjuFYJJ-7vc7ie4COv_ivi3bXBVRRdjuC2_P2x64qi-k5QHiXk8xRJ4xUA','2021-12-03 22:23:15','PostmanRuntime/7.28.4',NULL,'09184d38-547b-11ec-9e6e-d8bbc10f2ae0','2021-12-03 22:53:15','2021-12-03 20:53:15',1,NULL,0,NULL,NULL),('092fc618-b3e5-11eb-85a2-309c2364fdb6','6c7d07e0-a5b5-11eb-bac0-309c2364fdb6',NULL,'::1',59130,NULL,'::1',5001,'eyJhbGciOiJIUzUxMiIsInR5cCI6IkpXVCJ9.eyJpZCI6IjZjN2QwN2UwLWE1YjUtMTFlYi1iYWMwLTMwOWMyMzY0ZmRiNiIsInVzZXIiOiJ0ZXN0IiwidXNlcl90eXBlX2lkIjoiNzMzZmQwOWMtYTViNS0xMWViLWJhYzAtMzA5YzIzNjRmZGI2IiwiZW1haWwiOiJ0ZXN0IiwiYXBpX2FjY2Vzc19ncmFudCI6IlRydWUiLCJuYmYiOjE2MjA5MDgxODQsImV4cCI6MTYyMDkwOTk4NCwiaWF0IjoxNjIwOTA4MTg0fQ.d737JkYd3DDK-bGQEEaiwjMrRbM23rBGgvocBM9BFwG_hlecESzws_-a3X5oBsrc0n9VyaN9RzOiroLWTbDWSg','2021-05-13 14:46:25','PostmanRuntime/7.26.8',NULL,'092d7714-b3e5-11eb-85a2-309c2364fdb6','2021-05-13 15:16:25','2021-05-13 12:16:24',1,NULL,0,NULL,'2021-05-27 11:48:28'),('09b7f8eb-be45-11eb-a1b6-309c2364fdb6','6c7d07e0-a5b5-11eb-bac0-309c2364fdb6',NULL,'::1',58730,NULL,'::1',5001,'eyJhbGciOiJIUzUxMiIsInR5cCI6IkpXVCJ9.eyJpZCI6IjZjN2QwN2UwLWE1YjUtMTFlYi1iYWMwLTMwOWMyMzY0ZmRiNiIsInVzZXIiOiJ0ZXN0IiwidXNlcl90eXBlX2lkIjoiNzMzZmQwOWMtYTViNS0xMWViLWJhYzAtMzA5YzIzNjRmZGI2IiwiZW1haWwiOiJ0ZXN0IiwiYXBpX2FjY2Vzc19ncmFudCI6IlRydWUiLCJuYmYiOjE2MjIwNDg5MjgsImV4cCI6MTYyMjA1MDcyOCwiaWF0IjoxNjIyMDQ4OTI4fQ.z3TE0JlRf5nrwKwXFneambEbdTd1Mf9sa98hqdpSqSG_pOPuGAOiHgckeqexxDIfc9DmKBTMuTkATbDxqmIlaw','2021-05-26 19:38:49','PostmanRuntime/7.26.8',NULL,'09b3a254-be45-11eb-a1b6-309c2364fdb6','2021-05-26 20:08:49','2021-05-26 17:08:49',1,NULL,0,NULL,NULL),('0a362a36-173c-11ec-b334-d8bbc10f2ae0','6c7d07e0-a5b5-11eb-bac0-309c2364fdb6',NULL,'::1',33104,NULL,'::1',5001,'eyJhbGciOiJIUzUxMiIsInR5cCI6IkpXVCJ9.eyJ1dWlkIjoiNmM3ZDA3ZTAtYTViNS0xMWViLWJhYzAtMzA5YzIzNjRmZGI2IiwidXNlciI6InRlc3QiLCJ1c2VyX3R5cGVfaWQiOiI3MzQwNDI1ZS1hNWI1LTExZWItYmFjMC0zMDljMjM2NGZkYjYiLCJpc19hZG0iOiJGYWxzZSIsImVtYWlsIjoiZGNkOGFjMzktYmZhMi0xMWViLWExMWYtMzA5YzIzNjRmZGI2IiwiYXBpX2FjY2Vzc19ncmFudCI6IlRydWUiLCJuYmYiOjE2MzE4MzA3MTcsImV4cCI6MTYzMTgzMjUxNywiaWF0IjoxNjMxODMwNzE3fQ.3S5OQHCVJy6-g_e0kqyeB08sVIa0qaYEPIQFAedMFYgS9RxhT921RJR_Oo4LICb6EaTKWHkekNcDlGEyIhWumg','2021-09-17 00:48:38','PostmanRuntime/7.28.4',NULL,'0a3203bf-173c-11ec-b334-d8bbc10f2ae0','2021-09-17 01:18:38','2021-09-16 22:18:37',1,NULL,0,NULL,NULL),('0aaeb1c4-13fc-11ec-a474-d8bbc10f2ae0','6c7d07e0-a5b5-11eb-bac0-309c2364fdb6',NULL,'::1',20533,NULL,'::1',5001,'eyJhbGciOiJIUzUxMiIsInR5cCI6IkpXVCJ9.eyJ1dWlkIjoiNmM3ZDA3ZTAtYTViNS0xMWViLWJhYzAtMzA5YzIzNjRmZGI2IiwidXNlciI6InRlc3QiLCJ1c2VyX3R5cGVfaWQiOiI3MzQwNDI1ZS1hNWI1LTExZWItYmFjMC0zMDljMjM2NGZkYjYiLCJpc19hZG0iOiJGYWxzZSIsImVtYWlsIjoiZGNkOGFjMzktYmZhMi0xMWViLWExMWYtMzA5YzIzNjRmZGI2IiwiYXBpX2FjY2Vzc19ncmFudCI6IlRydWUiLCJuYmYiOjE2MzE0NzMzNzcsImV4cCI6MTYzMTQ3NTE3NywiaWF0IjoxNjMxNDczMzc3fQ.8FX_c_P43JNkGnEOTrsv0Oj8hId7IfryY1wasIo2520qOgGFF4qsZQz8VHXgaEF7gu9O33ONKd8OKM5O48MCoQ','2021-09-12 21:32:57','PostmanRuntime/7.28.4',NULL,'0aaa9184-13fc-11ec-a474-d8bbc10f2ae0','2021-09-12 22:02:57','2021-09-12 19:02:57',1,NULL,0,NULL,NULL),('0c7cf7dc-fb5a-11eb-9892-309c2364fdb6','6c7d07e0-a5b5-11eb-bac0-309c2364fdb6',NULL,'::1',8235,NULL,'::1',5001,'eyJhbGciOiJIUzUxMiIsInR5cCI6IkpXVCJ9.eyJ1dWlkIjoiNmM3ZDA3ZTAtYTViNS0xMWViLWJhYzAtMzA5YzIzNjRmZGI2IiwidXNlciI6InRlc3QiLCJ1c2VyX3R5cGVfaWQiOiI3MzQwNDI1ZS1hNWI1LTExZWItYmFjMC0zMDljMjM2NGZkYjYiLCJpc19hZG0iOiJGYWxzZSIsImVtYWlsIjoiZGNkOGFjMzktYmZhMi0xMWViLWExMWYtMzA5YzIzNjRmZGI2IiwiYXBpX2FjY2Vzc19ncmFudCI6IlRydWUiLCJuYmYiOjE2Mjg3NjQ5NzMsImV4cCI6MTYyODc2Njc3MywiaWF0IjoxNjI4NzY0OTczfQ.Vxd4WYbocSJa1GWzF54lM3OTttLOPrWrqpSi7F_onW7BC1n4ojiggCTohxhItwjZsFkTVL-1S19r8wLy40ys0w','2021-08-12 13:12:54','PostmanRuntime/7.28.3',NULL,'0c776563-fb5a-11eb-9892-309c2364fdb6','2021-08-12 13:42:54','2021-08-12 10:42:54',1,NULL,0,NULL,NULL),('0cc8ce5c-3ff3-11ec-bc48-d8bbc10f2ae0','d0f751a8-3425-11ec-b696-d8bbc10f2ae0','localhost',NULL,31145,'localhost',NULL,5001,'eyJhbGciOiJIUzUxMiIsInR5cCI6IkpXVCJ9.eyJ1dWlkIjoiZDBmNzUxYTgtMzQyNS0xMWVjLWI2OTYtZDhiYmMxMGYyYWUwIiwidXNlciI6Im1pa2Etcm9vc0B3ZWIuZGUiLCJ1c2VyX3R5cGVfaWQiOiIwZTEyNDRmOC0xY2EzLTExZWMtYTRhNC1kOGJiYzEwZjJhZTAiLCJpc19hZG0iOiJUcnVlIiwiZW1haWwiOiJkMGViOTVkMi0zNDI1LTExZWMtYjY5Ni1kOGJiYzEwZjJhZTAiLCJhcGlfYWNjZXNzX2dyYW50IjoiRmFsc2UiLCJuYmYiOjE2MzYzMDczNjYsImV4cCI6MTYzNjMwNzY2NiwiaWF0IjoxNjM2MzA3MzY2fQ.PdVJQgdPnKrcKcI5Kcc7DSxZFKFBHIqclkes3qszwOYk7HtrQurwzvAApPM0xoPfCZnON4gahQUftjTc8r5R7g','2021-11-07 18:54:27','Mozilla/5.0 (Windows NT 10.0; Win64; x64; rv:94.0) Gecko/20100101 Firefox/94.0',NULL,'0cc8a9e7-3ff3-11ec-bc48-d8bbc10f2ae0','2021-11-07 19:19:27','2021-11-07 17:49:26',1,NULL,0,NULL,NULL),('0cfc0f8d-b0a4-11eb-bbf1-309c2364fdb6','6c7d07e0-a5b5-11eb-bac0-309c2364fdb6',NULL,'::1',58838,NULL,'::1',5001,'eyJhbGciOiJIUzUxMiIsInR5cCI6IkpXVCJ9.eyJpZCI6IjZjN2QwN2UwLWE1YjUtMTFlYi1iYWMwLTMwOWMyMzY0ZmRiNiIsInVzZXIiOiJ0ZXN0IiwidXNlcl90eXBlX2lkIjoiNzMzZmQwOWMtYTViNS0xMWViLWJhYzAtMzA5YzIzNjRmZGI2IiwiZW1haWwiOiJ0ZXN0IiwibmJmIjoxNjIwNTUwNDIwLCJleHAiOjE2MjA1NTIyMTksImlhdCI6MTYyMDU1MDQyMH0.5ewifVcl1og2y-aRjgqxWHxQPS0hVYGU4sR9QRqcMmoZ0D2pmJ8VT34zb36E2xJ2a3JXkAenVaQyFqQH7eeyyQ','2021-05-09 11:23:40','PostmanRuntime/7.26.8',NULL,'0cf8b5b4-b0a4-11eb-bbf1-309c2364fdb6','2021-05-09 11:53:40','2021-05-09 08:53:40',1,NULL,0,NULL,'2021-05-27 11:48:28'),('0e8c3c71-c874-11eb-a494-309c2364fdb6','6c7d07e0-a5b5-11eb-bac0-309c2364fdb6',NULL,'::1',52736,NULL,'::1',5001,'eyJhbGciOiJIUzUxMiIsInR5cCI6IkpXVCJ9.eyJ1dWlkIjoiNmM3ZDA3ZTAtYTViNS0xMWViLWJhYzAtMzA5YzIzNjRmZGI2IiwidXNlciI6InRlc3QiLCJ1c2VyX3R5cGVfaWQiOiI3MzQwNDI1ZS1hNWI1LTExZWItYmFjMC0zMDljMjM2NGZkYjYiLCJpc19hZG0iOiJGYWxzZSIsImVtYWlsIjoiZGNkOGFjMzktYmZhMi0xMWViLWExMWYtMzA5YzIzNjRmZGI2IiwiYXBpX2FjY2Vzc19ncmFudCI6IlRydWUiLCJuYmYiOjE2MjMxNjg2MzQsImV4cCI6MTYyMzE3MDQzNCwiaWF0IjoxNjIzMTY4NjM0fQ.GUWGdpVmYbckgvt-fxkz56_0eYuZnd1BDJhNJ-uyNSUi-6ueSrYCnJOMFOy4UT_bO09Nml-x_eC7I-8lgdUZVw','2021-06-08 18:40:35','PostmanRuntime/7.26.8',NULL,'0e8827c5-c874-11eb-a494-309c2364fdb6','2021-06-08 19:10:35','2021-06-08 16:10:35',1,NULL,0,NULL,NULL),('0f430ddb-be44-11eb-a1b6-309c2364fdb6','6c7d07e0-a5b5-11eb-bac0-309c2364fdb6',NULL,'::1',58619,NULL,'::1',5001,'eyJhbGciOiJIUzUxMiIsInR5cCI6IkpXVCJ9.eyJpZCI6IjZjN2QwN2UwLWE1YjUtMTFlYi1iYWMwLTMwOWMyMzY0ZmRiNiIsInVzZXIiOiJ0ZXN0IiwidXNlcl90eXBlX2lkIjoiNzMzZmQwOWMtYTViNS0xMWViLWJhYzAtMzA5YzIzNjRmZGI2IiwiZW1haWwiOiJ0ZXN0IiwiYXBpX2FjY2Vzc19ncmFudCI6IlRydWUiLCJuYmYiOjE2MjIwNDg1MDgsImV4cCI6MTYyMjA1MDMwOCwiaWF0IjoxNjIyMDQ4NTA4fQ.ub2mahU-pu5MerHTExjDU0iX5M6kSW0jr90Wn3vy-FYVVkl2s9RRJpyQISVdKGMPpiqmjV8Dj0AqMozEL6dQLQ','2021-05-26 19:31:49','PostmanRuntime/7.26.8',NULL,'0f3ef193-be44-11eb-a1b6-309c2364fdb6','2021-05-26 20:01:49','2021-05-26 17:01:48',1,NULL,0,NULL,NULL),('1043bebd-3feb-11ec-bc48-d8bbc10f2ae0','d0f751a8-3425-11ec-b696-d8bbc10f2ae0','localhost',NULL,1057,'localhost',NULL,5001,'eyJhbGciOiJIUzUxMiIsInR5cCI6IkpXVCJ9.eyJ1dWlkIjoiZDBmNzUxYTgtMzQyNS0xMWVjLWI2OTYtZDhiYmMxMGYyYWUwIiwidXNlciI6Im1pa2Etcm9vc0B3ZWIuZGUiLCJ1c2VyX3R5cGVfaWQiOiIwZTEyNDRmOC0xY2EzLTExZWMtYTRhNC1kOGJiYzEwZjJhZTAiLCJpc19hZG0iOiJUcnVlIiwiZW1haWwiOiJkMGViOTVkMi0zNDI1LTExZWMtYjY5Ni1kOGJiYzEwZjJhZTAiLCJhcGlfYWNjZXNzX2dyYW50IjoiRmFsc2UiLCJuYmYiOjE2MzYzMDM5MzYsImV4cCI6MTYzNjMwNDIzNiwiaWF0IjoxNjM2MzAzOTM2fQ.ageu73npR5y7DWyujmVyKLE5sJ9PnaCro4FniQjLxOs9AH4hJ_AHYw6PXcnFPnlz_ZqgEprPo6yLXNaHbH_xUg','2021-11-07 17:57:16','Mozilla/5.0 (Windows NT 10.0; Win64; x64; rv:94.0) Gecko/20100101 Firefox/94.0','2021-11-07 17:52:33','10439cbd-3feb-11ec-bc48-d8bbc10f2ae0','2021-11-07 18:22:16','2021-11-07 16:52:16',1,NULL,0,NULL,'2021-11-07 17:52:33'),('1068f02c-bed7-11eb-8e36-309c2364fdb6','3e166107-be6a-11eb-9f54-842afd097283',NULL,'::1',53133,NULL,'::1',5001,'eyJhbGciOiJIUzUxMiIsInR5cCI6IkpXVCJ9.eyJ1dWlkIjoiM2UxNjYxMDctYmU2YS0xMWViLTlmNTQtODQyYWZkMDk3MjgzIiwidXNlciI6InRlc3QyIiwidXNlcl90eXBlX2lkIjoiNzM0MDQyNWUtYTViNS0xMWViLWJhYzAtMzA5YzIzNjRmZGI2IiwiaXNfYWRtIjoiRmFsc2UiLCJlbWFpbCI6InRlc3QyIiwiYXBpX2FjY2Vzc19ncmFudCI6IlRydWUiLCJuYmYiOjE2MjIxMTE2NDYsImV4cCI6MTYyMjExMzQ0NiwiaWF0IjoxNjIyMTExNjQ2fQ.0ltGUeV7AjX5A90oO2Nl9ITaWhsPgMcgbBKecAl925acyAMEfQ9FZkg8AyceTR9-iRac_AlrUGAfT4RjYYFsog','2021-05-27 13:04:07','PostmanRuntime/7.26.8',NULL,'1067a53c-bed7-11eb-8e36-309c2364fdb6','2021-05-27 13:34:07','2021-05-27 10:34:06',1,NULL,0,NULL,NULL),('11342d31-4497-11ec-915f-d8bbc10f2ae0','d0f751a8-3425-11ec-b696-d8bbc10f2ae0','localhost',NULL,1172,'localhost',NULL,5001,'eyJhbGciOiJIUzUxMiIsInR5cCI6IkpXVCJ9.eyJ1dWlkIjoiZDBmNzUxYTgtMzQyNS0xMWVjLWI2OTYtZDhiYmMxMGYyYWUwIiwidXNlciI6Im1pa2Etcm9vc0B3ZWIuZGUiLCJ1c2VyX3R5cGVfaWQiOiIwZTEyNDRmOC0xY2EzLTExZWMtYTRhNC1kOGJiYzEwZjJhZTAiLCJpc19hZG0iOiJUcnVlIiwiZW1haWwiOiJkMGViOTVkMi0zNDI1LTExZWMtYjY5Ni1kOGJiYzEwZjJhZTAiLCJhcGlfYWNjZXNzX2dyYW50IjoiRmFsc2UiLCJuYmYiOjE2MzY4MTc2MTYsImV4cCI6MTYzNjgxOTQxNiwiaWF0IjoxNjM2ODE3NjE2fQ.PNr5bYNl8AsNgMCflqcoNtBDHWczGCB4CQ7BlZpJDyl8djh_2REzNrF7XEOR6pDfBo4qXAzB_wBCTKLqhmuIqw','2021-11-13 17:03:36','Mozilla/5.0 (Windows NT 10.0; Win64; x64; rv:94.0) Gecko/20100101 Firefox/94.0',NULL,'1134022e-4497-11ec-915f-d8bbc10f2ae0','2021-11-13 17:33:36','2021-11-13 15:33:36',1,NULL,0,NULL,NULL),('11869822-f450-11eb-b474-309c2364fdb6','6c7d07e0-a5b5-11eb-bac0-309c2364fdb6',NULL,'::1',2436,NULL,'::1',5001,'eyJhbGciOiJIUzUxMiIsInR5cCI6IkpXVCJ9.eyJ1dWlkIjoiNmM3ZDA3ZTAtYTViNS0xMWViLWJhYzAtMzA5YzIzNjRmZGI2IiwidXNlciI6InRlc3QiLCJ1c2VyX3R5cGVfaWQiOiI3MzQwNDI1ZS1hNWI1LTExZWItYmFjMC0zMDljMjM2NGZkYjYiLCJpc19hZG0iOiJGYWxzZSIsImVtYWlsIjoiZGNkOGFjMzktYmZhMi0xMWViLWExMWYtMzA5YzIzNjRmZGI2IiwiYXBpX2FjY2Vzc19ncmFudCI6IlRydWUiLCJuYmYiOjE2Mjc5OTEwMjksImV4cCI6MTYyNzk5MjgyOSwiaWF0IjoxNjI3OTkxMDI5fQ.ysy7gxy-uqPasGteo-tdhMnL4shTHkGlqwivDIkDGwdcbe1-zwWp1g7BA_fCs-1WvTLkjgn5CBG-ayDXxM9amw','2021-08-03 14:13:49','PostmanRuntime/7.28.2',NULL,'118108d8-f450-11eb-b474-309c2364fdb6','2021-08-03 14:43:49','2021-08-03 11:43:49',1,NULL,0,NULL,NULL),('119a7d22-be4b-11eb-a1b6-309c2364fdb6','6c7d07e0-a5b5-11eb-bac0-309c2364fdb6',NULL,'::1',59144,NULL,'::1',5001,'eyJhbGciOiJIUzUxMiIsInR5cCI6IkpXVCJ9.eyJpZCI6IjZjN2QwN2UwLWE1YjUtMTFlYi1iYWMwLTMwOWMyMzY0ZmRiNiIsInVzZXIiOiJ0ZXN0IiwidXNlcl90eXBlX2lkIjoiNzMzZmQwOWMtYTViNS0xMWViLWJhYzAtMzA5YzIzNjRmZGI2IiwiZW1haWwiOiJ0ZXN0IiwiYXBpX2FjY2Vzc19ncmFudCI6IlRydWUiLCJuYmYiOjE2MjIwNTE0NzEsImV4cCI6MTYyMjA1MzI1OCwiaWF0IjoxNjIyMDUxNDcxfQ.ncSIwMlLgojQldzfjXadEiOo_Dq-S0fM33j6Whal_Vguq9MXkTewC1F4lbE3uQvOCdONDXTkE9e7oOGPsIXkvg','2021-05-26 20:20:59','PostmanRuntime/7.26.8',NULL,'11963485-be4b-11eb-a1b6-309c2364fdb6','2021-05-26 20:50:59','2021-05-26 17:51:59',1,NULL,0,NULL,NULL),('13b548e5-bebf-11eb-8e36-309c2364fdb6','6c7d07e0-a5b5-11eb-bac0-309c2364fdb6',NULL,'::1',51492,NULL,'::1',5001,'eyJhbGciOiJIUzUxMiIsInR5cCI6IkpXVCJ9.eyJ1dWlkIjoiNmM3ZDA3ZTAtYTViNS0xMWViLWJhYzAtMzA5YzIzNjRmZGI2IiwidXNlciI6InRlc3QiLCJ1c2VyX3R5cGVfaWQiOiI3MzQwNDI1ZS1hNWI1LTExZWItYmFjMC0zMDljMjM2NGZkYjYiLCJpc19hZG0iOiJGYWxzZSIsImVtYWlsIjoidGVzdCIsImFwaV9hY2Nlc3NfZ3JhbnQiOiJUcnVlIiwibmJmIjoxNjIyMTAxMzQ0LCJleHAiOjE2MjIxMDMxNDMsImlhdCI6MTYyMjEwMTM0NH0.0GeDmxerQ7vQpmmF0fQOakw_TDyVx50K8viZblEH-q5wD0BO-gnh6RWHyyyg2x3LmpjuwadTTmhnoEinGgRWOw','2021-05-27 10:12:24','PostmanRuntime/7.26.8',NULL,'13b24982-bebf-11eb-8e36-309c2364fdb6','2021-05-27 10:42:24','2021-05-27 07:42:24',1,NULL,0,NULL,NULL),('13c9a096-3fea-11ec-bc48-d8bbc10f2ae0','d0f751a8-3425-11ec-b696-d8bbc10f2ae0','localhost',NULL,2689,'localhost',NULL,5001,'eyJhbGciOiJIUzUxMiIsInR5cCI6IkpXVCJ9.eyJ1dWlkIjoiZDBmNzUxYTgtMzQyNS0xMWVjLWI2OTYtZDhiYmMxMGYyYWUwIiwidXNlciI6Im1pa2Etcm9vc0B3ZWIuZGUiLCJ1c2VyX3R5cGVfaWQiOiIwZTEyNDRmOC0xY2EzLTExZWMtYTRhNC1kOGJiYzEwZjJhZTAiLCJpc19hZG0iOiJUcnVlIiwiZW1haWwiOiJkMGViOTVkMi0zNDI1LTExZWMtYjY5Ni1kOGJiYzEwZjJhZTAiLCJhcGlfYWNjZXNzX2dyYW50IjoiRmFsc2UiLCJuYmYiOjE2MzYzMDM1MTIsImV4cCI6MTYzNjMwMzgxMiwiaWF0IjoxNjM2MzAzNTEyfQ.a5IYxi8Io9C0eYNGNrnlaLyg5ppI16jGiiny5Oi-AuGOOJPBeR03zbNJx9EkfEYRBsUaD-IQ5SHBDtTpXpgx1Q','2021-11-07 17:50:13','Mozilla/5.0 (Windows NT 10.0; Win64; x64; rv:94.0) Gecko/20100101 Firefox/94.0',NULL,'13c96129-3fea-11ec-bc48-d8bbc10f2ae0','2021-11-07 18:15:13','2021-11-07 16:45:12',1,NULL,0,NULL,NULL),('13ce0d78-d2bf-11eb-9165-309c2364fdb6','6c7d07e0-a5b5-11eb-bac0-309c2364fdb6','localhost',NULL,1395,'localhost',NULL,5001,'eyJhbGciOiJIUzUxMiIsInR5cCI6IkpXVCJ9.eyJ1dWlkIjoiNmM3ZDA3ZTAtYTViNS0xMWViLWJhYzAtMzA5YzIzNjRmZGI2IiwidXNlciI6InRlc3QiLCJ1c2VyX3R5cGVfaWQiOiI3MzQwNDI1ZS1hNWI1LTExZWItYmFjMC0zMDljMjM2NGZkYjYiLCJpc19hZG0iOiJGYWxzZSIsImVtYWlsIjoiZGNkOGFjMzktYmZhMi0xMWViLWExMWYtMzA5YzIzNjRmZGI2IiwiYXBpX2FjY2Vzc19ncmFudCI6IlRydWUiLCJuYmYiOjE2MjQzMDAzNjcsImV4cCI6MTYyNDMwMjE2NywiaWF0IjoxNjI0MzAwMzY3fQ.cT-Z73I-PW0VnBVm3DZvI1PsSKFFM6teKHOmIuA0zgEnOHDYLpEF3RiMHrGR0K6NeVkAcN9_J9tA5s2gEVqclg','2021-06-21 21:02:48','Mozilla/5.0 (Windows NT 10.0; Win64; x64; rv:89.0) Gecko/20100101 Firefox/89.0',NULL,'13cc2dba-d2bf-11eb-9165-309c2364fdb6','2021-06-21 21:32:48','2021-06-21 18:32:47',1,NULL,0,NULL,NULL),('152ca052-e8cc-11eb-8bd4-842afd097283','3e166107-be6a-11eb-9f54-842afd097283',NULL,'::1',14007,NULL,'::1',5001,'eyJhbGciOiJIUzUxMiIsInR5cCI6IkpXVCJ9.eyJ1dWlkIjoiM2UxNjYxMDctYmU2YS0xMWViLTlmNTQtODQyYWZkMDk3MjgzIiwidXNlciI6InRlc3QyIiwidXNlcl90eXBlX2lkIjoiNzM0MDQyNWUtYTViNS0xMWViLWJhYzAtMzA5YzIzNjRmZGI2IiwiaXNfYWRtIjoiRmFsc2UiLCJlbWFpbCI6ImRjZDhlYzRlLWJmYTItMTFlYi1hMTFmLTMwOWMyMzY0ZmRiNiIsImFwaV9hY2Nlc3NfZ3JhbnQiOiJUcnVlIiwibmJmIjoxNjI2NzI0ODc5LCJleHAiOjE2MjY3MjY2NzksImlhdCI6MTYyNjcyNDg3OX0.rQIQs_ji2XwNU2hlqjtPPFW-iVgX-z7Bz1LWF6xPU_EQfCv1OpprD25fwFOUs9HBq12HJUkWb8snJS5rSIiYpA','2021-07-19 22:31:19','PostmanRuntime/7.26.8',NULL,'152971f4-e8cc-11eb-8bd4-842afd097283','2021-07-19 23:01:19','2021-07-19 20:01:19',1,NULL,0,NULL,NULL),('167a7a69-f20d-11eb-ad62-309c2364fdb6','6c7d07e0-a5b5-11eb-bac0-309c2364fdb6',NULL,'::1',52560,NULL,'::1',5001,'eyJhbGciOiJIUzUxMiIsInR5cCI6IkpXVCJ9.eyJ1dWlkIjoiNmM3ZDA3ZTAtYTViNS0xMWViLWJhYzAtMzA5YzIzNjRmZGI2IiwidXNlciI6InRlc3QiLCJ1c2VyX3R5cGVfaWQiOiI3MzQwNDI1ZS1hNWI1LTExZWItYmFjMC0zMDljMjM2NGZkYjYiLCJpc19hZG0iOiJGYWxzZSIsImVtYWlsIjoiZGNkOGFjMzktYmZhMi0xMWViLWExMWYtMzA5YzIzNjRmZGI2IiwiYXBpX2FjY2Vzc19ncmFudCI6IlRydWUiLCJuYmYiOjE2Mjc3NDIzNTUsImV4cCI6MTYyNzc0NDE1NSwiaWF0IjoxNjI3NzQyMzU1fQ.eIXO1CzhEzcbA67vlFjthAPR6CiVbGbFnOG9yNTY_tWPWE6Rg-HUbNa5lJykvLqeNx2G7P4RzV4TKCcqQklvXg','2021-07-31 17:09:16','PostmanRuntime/7.26.8',NULL,'14be05a2-f20d-11eb-ad62-309c2364fdb6','2021-07-31 17:39:16','2021-07-31 14:39:19',1,NULL,0,NULL,NULL),('173343b6-b3ec-11eb-85a2-309c2364fdb6','6c7d07e0-a5b5-11eb-bac0-309c2364fdb6',NULL,'::1',59332,NULL,'::1',5001,'eyJhbGciOiJIUzUxMiIsInR5cCI6IkpXVCJ9.eyJpZCI6IjZjN2QwN2UwLWE1YjUtMTFlYi1iYWMwLTMwOWMyMzY0ZmRiNiIsInVzZXIiOiJ0ZXN0IiwidXNlcl90eXBlX2lkIjoiNzMzZmQwOWMtYTViNS0xMWViLWJhYzAtMzA5YzIzNjRmZGI2IiwiZW1haWwiOiJ0ZXN0IiwiYXBpX2FjY2Vzc19ncmFudCI6IlRydWUiLCJuYmYiOjE2MjA5MTEyMTQsImV4cCI6MTYyMDkxMzAxNCwiaWF0IjoxNjIwOTExMjE0fQ.hZYQDw0viJ9jJF9kjrigudCBGOyilYddiWCGWO0T3S5LNJjq5wobZJtfWgj-x58P5Xj1hpNLfgj8S5NjG3XYJA','2021-05-13 15:36:55','PostmanRuntime/7.26.8',NULL,'173125c0-b3ec-11eb-85a2-309c2364fdb6','2021-05-13 16:06:55','2021-05-13 13:06:54',1,NULL,0,NULL,'2021-05-27 11:48:28'),('17c8b863-efd6-11eb-b98d-309c2364fdb6','6c7d07e0-a5b5-11eb-bac0-309c2364fdb6',NULL,'::1',57373,NULL,'::1',5001,'eyJhbGciOiJIUzUxMiIsInR5cCI6IkpXVCJ9.eyJ1dWlkIjoiNmM3ZDA3ZTAtYTViNS0xMWViLWJhYzAtMzA5YzIzNjRmZGI2IiwidXNlciI6InRlc3QiLCJ1c2VyX3R5cGVfaWQiOiI3MzQwNDI1ZS1hNWI1LTExZWItYmFjMC0zMDljMjM2NGZkYjYiLCJpc19hZG0iOiJGYWxzZSIsImVtYWlsIjoiZGNkOGFjMzktYmZhMi0xMWViLWExMWYtMzA5YzIzNjRmZGI2IiwiYXBpX2FjY2Vzc19ncmFudCI6IlRydWUiLCJuYmYiOjE2Mjc0OTg4MzYsImV4cCI6MTYyNzUwMDYzNiwiaWF0IjoxNjI3NDk4ODM2fQ.wNfWoXPCdyYzC8WnDAJksq5WrF0bB85r0eMc-Ndlk0phv01kbOeafiMoDr7CL86WnnPWeJYfJI5bPMg44zO8Rg','2021-07-28 21:30:36','PostmanRuntime/7.26.8',NULL,'17c43ee0-efd6-11eb-b98d-309c2364fdb6','2021-07-28 22:00:36','2021-07-28 19:00:36',1,NULL,0,NULL,NULL),('17f6872f-bed7-11eb-8e36-309c2364fdb6','3e166107-be6a-11eb-9f54-842afd097283',NULL,'::1',53133,NULL,'::1',5001,'eyJhbGciOiJIUzUxMiIsInR5cCI6IkpXVCJ9.eyJ1dWlkIjoiM2UxNjYxMDctYmU2YS0xMWViLTlmNTQtODQyYWZkMDk3MjgzIiwidXNlciI6InRlc3QyIiwidXNlcl90eXBlX2lkIjoiNzM0MDQyNWUtYTViNS0xMWViLWJhYzAtMzA5YzIzNjRmZGI2IiwiaXNfYWRtIjoiRmFsc2UiLCJlbWFpbCI6InRlc3QyIiwiYXBpX2FjY2Vzc19ncmFudCI6IlRydWUiLCJuYmYiOjE2MjIxMTE2NTksImV4cCI6MTYyMjExMzQ1OSwiaWF0IjoxNjIyMTExNjU5fQ.8nQK8RH20Ibqe_iK8ZyiC3MxJt0yio7NqtgpEp9eEp3onB_X3vTKPETN3Tllbny446vH3zSGdZKjKxDgg-OAXA','2021-05-27 13:04:19','PostmanRuntime/7.26.8',NULL,'17f58112-bed7-11eb-8e36-309c2364fdb6','2021-05-27 13:34:19','2021-05-27 10:34:19',1,NULL,0,NULL,NULL),('18ae6ad8-bec2-11eb-8e36-309c2364fdb6','6c7d07e0-a5b5-11eb-bac0-309c2364fdb6',NULL,'::1',51842,NULL,'::1',5001,'eyJhbGciOiJIUzUxMiIsInR5cCI6IkpXVCJ9.eyJ1dWlkIjoiNmM3ZDA3ZTAtYTViNS0xMWViLWJhYzAtMzA5YzIzNjRmZGI2IiwidXNlciI6InRlc3QiLCJ1c2VyX3R5cGVfaWQiOiI3MzQwNDI1ZS1hNWI1LTExZWItYmFjMC0zMDljMjM2NGZkYjYiLCJpc19hZG0iOiJGYWxzZSIsImVtYWlsIjoidGVzdCIsImFwaV9hY2Nlc3NfZ3JhbnQiOiJUcnVlIiwibmJmIjoxNjIyMTAyNjQxLCJleHAiOjE2MjIxMDQ0NDEsImlhdCI6MTYyMjEwMjY0MX0.wOhU2YWjNGA3m6M40wiXRZrDYeLzxAi4R1k70R44l1SgzBTIb-YpY2hxzGLDumvfxy2zy4xpvp5fitcUVkepgA','2021-05-27 10:34:01','PostmanRuntime/7.26.8',NULL,'18acb90e-bec2-11eb-8e36-309c2364fdb6','2021-05-27 11:04:01','2021-05-27 08:04:01',1,NULL,0,NULL,NULL),('18f40837-f450-11eb-b474-309c2364fdb6','6c7d07e0-a5b5-11eb-bac0-309c2364fdb6',NULL,'::1',2436,NULL,'::1',5001,'eyJhbGciOiJIUzUxMiIsInR5cCI6IkpXVCJ9.eyJ1dWlkIjoiNmM3ZDA3ZTAtYTViNS0xMWViLWJhYzAtMzA5YzIzNjRmZGI2IiwidXNlciI6InRlc3QiLCJ1c2VyX3R5cGVfaWQiOiI3MzQwNDI1ZS1hNWI1LTExZWItYmFjMC0zMDljMjM2NGZkYjYiLCJpc19hZG0iOiJGYWxzZSIsImVtYWlsIjoiZGNkOGFjMzktYmZhMi0xMWViLWExMWYtMzA5YzIzNjRmZGI2IiwiYXBpX2FjY2Vzc19ncmFudCI6IlRydWUiLCJuYmYiOjE2Mjc5OTEwNDEsImV4cCI6MTYyNzk5Mjg0MSwiaWF0IjoxNjI3OTkxMDQxfQ.OaEreBanyF2pDEp4Gtjef1R3fFFjus46U3y9HgO53a5gIRjmScIczF4tN0pgq_q2QguXAEJWt98zBKl5gYVLBw','2021-08-03 14:14:02','PostmanRuntime/7.28.2',NULL,'18efbb7a-f450-11eb-b474-309c2364fdb6','2021-08-03 14:44:02','2021-08-03 11:44:01',1,NULL,0,NULL,NULL),('190bc700-d2b5-11eb-9165-309c2364fdb6','6c7d07e0-a5b5-11eb-bac0-309c2364fdb6','localhost',NULL,15480,'localhost',NULL,5001,'eyJhbGciOiJIUzUxMiIsInR5cCI6IkpXVCJ9.eyJ1dWlkIjoiNmM3ZDA3ZTAtYTViNS0xMWViLWJhYzAtMzA5YzIzNjRmZGI2IiwidXNlciI6InRlc3QiLCJ1c2VyX3R5cGVfaWQiOiI3MzQwNDI1ZS1hNWI1LTExZWItYmFjMC0zMDljMjM2NGZkYjYiLCJpc19hZG0iOiJGYWxzZSIsImVtYWlsIjoiZGNkOGFjMzktYmZhMi0xMWViLWExMWYtMzA5YzIzNjRmZGI2IiwiYXBpX2FjY2Vzc19ncmFudCI6IlRydWUiLCJuYmYiOjE2MjQyOTYwODEsImV4cCI6MTYyNDI5Nzg4MSwiaWF0IjoxNjI0Mjk2MDgxfQ.wrd_8BEDT0HNNmf7rHa_2aJOub1xbnEa6OiQZYUC3oumJqnVHkRkBwAm_j9_48h-C1dg-s6TR4q_4J7sIorTcA','2021-06-21 19:51:22','Mozilla/5.0 (Windows NT 10.0; Win64; x64; rv:89.0) Gecko/20100101 Firefox/89.0',NULL,'190966f6-d2b5-11eb-9165-309c2364fdb6','2021-06-21 20:21:22','2021-06-21 17:21:21',1,NULL,0,NULL,NULL),('1b3c9f7b-2ba3-11ec-a833-d8bbc10f2ae0','6c7d07e0-a5b5-11eb-bac0-309c2364fdb6','localhost',NULL,1136,'localhost',NULL,5001,'eyJhbGciOiJIUzUxMiIsInR5cCI6IkpXVCJ9.eyJ1dWlkIjoiNmM3ZDA3ZTAtYTViNS0xMWViLWJhYzAtMzA5YzIzNjRmZGI2IiwidXNlciI6InRlc3QiLCJ1c2VyX3R5cGVfaWQiOiI3MzQwNDI1ZS1hNWI1LTExZWItYmFjMC0zMDljMjM2NGZkYjYiLCJpc19hZG0iOiJGYWxzZSIsImVtYWlsIjoiZGNkOGFjMzktYmZhMi0xMWViLWExMWYtMzA5YzIzNjRmZGI2IiwiYXBpX2FjY2Vzc19ncmFudCI6IlRydWUiLCJuYmYiOjE2MzQwNzQwMDcsImV4cCI6MTYzNDA3NTgwNywiaWF0IjoxNjM0MDc0MDA3fQ.wwXRxZa1RgcR-BNWbwh4wiRH7TXf0JZnYFwny50oVbO81uTdYFbvdlzOrBex5hzMazhfkB_axiLGeGAm0hLvcw','2021-10-12 23:56:48','Mozilla/5.0 (Windows NT 10.0; Win64; x64; rv:93.0) Gecko/20100101 Firefox/93.0',NULL,'1b3c680e-2ba3-11ec-a833-d8bbc10f2ae0','2021-10-13 00:26:48','2021-10-12 21:26:47',1,NULL,0,NULL,NULL),('1c86cc35-3fec-11ec-bc48-d8bbc10f2ae0','d0f751a8-3425-11ec-b696-d8bbc10f2ae0','localhost',NULL,1145,'localhost',NULL,5001,'eyJhbGciOiJIUzUxMiIsInR5cCI6IkpXVCJ9.eyJ1dWlkIjoiZDBmNzUxYTgtMzQyNS0xMWVjLWI2OTYtZDhiYmMxMGYyYWUwIiwidXNlciI6Im1pa2Etcm9vc0B3ZWIuZGUiLCJ1c2VyX3R5cGVfaWQiOiIwZTEyNDRmOC0xY2EzLTExZWMtYTRhNC1kOGJiYzEwZjJhZTAiLCJpc19hZG0iOiJUcnVlIiwiZW1haWwiOiJkMGViOTVkMi0zNDI1LTExZWMtYjY5Ni1kOGJiYzEwZjJhZTAiLCJhcGlfYWNjZXNzX2dyYW50IjoiRmFsc2UiLCJuYmYiOjE2MzYzMDQzODYsImV4cCI6MTYzNjMwNDY4NiwiaWF0IjoxNjM2MzA0Mzg2fQ.igGtBwWytCxe5QPAV3ca2fL_EqtzFgmsPC5s6Un1ad-1yAsEgg5t_oUqUBseS7_6WZiJcTZsPPm6s4p5OJC_Aw','2021-11-07 18:04:47','Mozilla/5.0 (Windows NT 10.0; Win64; x64; rv:94.0) Gecko/20100101 Firefox/94.0',NULL,'1c86a6fc-3fec-11ec-bc48-d8bbc10f2ae0','2021-11-07 18:29:47','2021-11-07 16:59:46',1,NULL,0,NULL,NULL),('1cdae277-3feb-11ec-bc48-d8bbc10f2ae0','d0f751a8-3425-11ec-b696-d8bbc10f2ae0','localhost',NULL,1073,'localhost',NULL,5001,'eyJhbGciOiJIUzUxMiIsInR5cCI6IkpXVCJ9.eyJ1dWlkIjoiZDBmNzUxYTgtMzQyNS0xMWVjLWI2OTYtZDhiYmMxMGYyYWUwIiwidXNlciI6Im1pa2Etcm9vc0B3ZWIuZGUiLCJ1c2VyX3R5cGVfaWQiOiIwZTEyNDRmOC0xY2EzLTExZWMtYTRhNC1kOGJiYzEwZjJhZTAiLCJpc19hZG0iOiJUcnVlIiwiZW1haWwiOiJkMGViOTVkMi0zNDI1LTExZWMtYjY5Ni1kOGJiYzEwZjJhZTAiLCJhcGlfYWNjZXNzX2dyYW50IjoiRmFsc2UiLCJuYmYiOjE2MzYzMDM5NTcsImV4cCI6MTYzNjMwNDI1NywiaWF0IjoxNjM2MzAzOTU3fQ.-7W2xThb7aVKwIYvvCCA-KTFYWg18YoiKlpaEqKa9xkNBq0lNpClp7j4tNVXX3k7hyAyJXJ13W_XSR8zUCURcQ','2021-11-07 17:57:38','Mozilla/5.0 (Windows NT 10.0; Win64; x64; rv:94.0) Gecko/20100101 Firefox/94.0','2021-11-07 17:52:41','1cdabe3e-3feb-11ec-bc48-d8bbc10f2ae0','2021-11-07 18:22:38','2021-11-07 16:52:37',1,NULL,0,NULL,'2021-11-07 17:52:41'),('1d986664-5049-11ec-9b15-d8bbc10f2ae0','d0f751a8-3425-11ec-b696-d8bbc10f2ae0','localhost',NULL,1403,'localhost',NULL,5001,'eyJhbGciOiJIUzUxMiIsInR5cCI6IkpXVCJ9.eyJ1dWlkIjoiZDBmNzUxYTgtMzQyNS0xMWVjLWI2OTYtZDhiYmMxMGYyYWUwIiwidXNlciI6Im1pa2Etcm9vc0B3ZWIuZGUiLCJ1c2VyX3R5cGVfaWQiOiIwZTEyNDRmOC0xY2EzLTExZWMtYTRhNC1kOGJiYzEwZjJhZTAiLCJpc19hZG0iOiJUcnVlIiwiZW1haWwiOiJkMGViOTVkMi0zNDI1LTExZWMtYjY5Ni1kOGJiYzEwZjJhZTAiLCJhcGlfYWNjZXNzX2dyYW50IjoiVHJ1ZSIsIm5iZiI6MTYzODEwMzU1MCwiZXhwIjoxNjM4MTA1MzUwLCJpYXQiOjE2MzgxMDM1NTB9.7zfVLSpOLNwF4nSCbX9nAyn8tH3TOxnUKzZhumuuOULBi7elYYfPdtc2Vq-3c8Al1fqNBudU6isKg-MSIxSZAw','2021-11-28 14:15:50','Mozilla/5.0 (Windows NT 10.0; Win64; x64; rv:94.0) Gecko/20100101 Firefox/94.0','2021-11-28 14:02:57','1d9846fb-5049-11ec-9b15-d8bbc10f2ae0','2021-11-28 14:45:50','2021-11-28 12:45:50',1,NULL,0,NULL,'2021-11-28 14:02:57'),('1e589de4-31f7-11ec-b696-d8bbc10f2ae0','6c7d07e0-a5b5-11eb-bac0-309c2364fdb6',NULL,'::1',11349,NULL,'::1',5001,'eyJhbGciOiJIUzUxMiIsInR5cCI6IkpXVCJ9.eyJ1dWlkIjoiNmM3ZDA3ZTAtYTViNS0xMWViLWJhYzAtMzA5YzIzNjRmZGI2IiwidXNlciI6InRlc3QiLCJ1c2VyX3R5cGVfaWQiOiI3MzQwNDI1ZS1hNWI1LTExZWItYmFjMC0zMDljMjM2NGZkYjYiLCJpc19hZG0iOiJGYWxzZSIsImVtYWlsIjoiZGNkOGFjMzktYmZhMi0xMWViLWExMWYtMzA5YzIzNjRmZGI2IiwiYXBpX2FjY2Vzc19ncmFudCI6IlRydWUiLCJuYmYiOjE2MzQ3Njk3OTcsImV4cCI6MTYzNDc3MTU5NywiaWF0IjoxNjM0NzY5Nzk3fQ.3KsZ6uh63oSPkNmCuqlBJjyFvNZoT0_LmlXoc6iX3XovB9EKj_kyqNAdtTm4v0KVlXINSxK0EyTqtZuTXYKxDQ','2021-10-21 01:13:17','PostmanRuntime/7.28.4','2021-10-21 00:58:28','1e560604-31f7-11ec-b696-d8bbc10f2ae0','2021-10-21 01:43:17','2021-10-20 22:43:17',1,NULL,0,NULL,'2021-10-21 00:58:28'),('1eb1617d-f5fd-11eb-b474-309c2364fdb6','6c7d07e0-a5b5-11eb-bac0-309c2364fdb6',NULL,'::1',3643,NULL,'::1',5001,'eyJhbGciOiJIUzUxMiIsInR5cCI6IkpXVCJ9.eyJ1dWlkIjoiNmM3ZDA3ZTAtYTViNS0xMWViLWJhYzAtMzA5YzIzNjRmZGI2IiwidXNlciI6InRlc3QiLCJ1c2VyX3R5cGVfaWQiOiI3MzQwNDI1ZS1hNWI1LTExZWItYmFjMC0zMDljMjM2NGZkYjYiLCJpc19hZG0iOiJGYWxzZSIsImVtYWlsIjoiZGNkOGFjMzktYmZhMi0xMWViLWExMWYtMzA5YzIzNjRmZGI2IiwiYXBpX2FjY2Vzc19ncmFudCI6IlRydWUiLCJuYmYiOjE2MjgxNzUzMDUsImV4cCI6MTYyODE3NzEwNSwiaWF0IjoxNjI4MTc1MzA1fQ.uPWswqE-kpnb7Z-fGBu1UYNrOWpmF2wZ5g5ne3MX2NVGZ-TnNHoXkdllvFlOFVbCKzEK0Lg5pFRqBqanhGAYvQ','2021-08-05 17:25:05','PostmanRuntime/7.28.2',NULL,'1eabc704-f5fd-11eb-b474-309c2364fdb6','2021-08-05 17:55:05','2021-08-05 14:55:05',1,NULL,0,NULL,NULL),('1f856ef4-beed-11eb-8e36-309c2364fdb6','6c7d07e0-a5b5-11eb-bac0-309c2364fdb6',NULL,'::1',55280,NULL,'::1',5001,'eyJhbGciOiJIUzUxMiIsInR5cCI6IkpXVCJ9.eyJ1dWlkIjoiNmM3ZDA3ZTAtYTViNS0xMWViLWJhYzAtMzA5YzIzNjRmZGI2IiwidXNlciI6InRlc3QiLCJ1c2VyX3R5cGVfaWQiOiI3MzQwNDI1ZS1hNWI1LTExZWItYmFjMC0zMDljMjM2NGZkYjYiLCJpc19hZG0iOiJGYWxzZSIsImVtYWlsIjoidGVzdCIsImFwaV9hY2Nlc3NfZ3JhbnQiOiJUcnVlIiwibmJmIjoxNjIyMTIxMTIwLCJleHAiOjE2MjIxMjI5MjAsImlhdCI6MTYyMjEyMTEyMH0.Tl9KaZTdXp4gq_G5L5lVPKbMytoREz8-MwBpK9bWX8wd-mihgtK55TiwaRN5ePtfZSILOY7cypDLcX_Sxd5x_w','2021-05-27 15:42:01','PostmanRuntime/7.26.8',NULL,'1f810ac5-beed-11eb-8e36-309c2364fdb6','2021-05-27 16:12:01','2021-05-27 13:12:01',1,NULL,0,NULL,NULL),('2074efd9-13e5-11ec-a474-d8bbc10f2ae0','6c7d07e0-a5b5-11eb-bac0-309c2364fdb6',NULL,'::1',19818,NULL,'::1',5001,'eyJhbGciOiJIUzUxMiIsInR5cCI6IkpXVCJ9.eyJ1dWlkIjoiNmM3ZDA3ZTAtYTViNS0xMWViLWJhYzAtMzA5YzIzNjRmZGI2IiwidXNlciI6InRlc3QiLCJ1c2VyX3R5cGVfaWQiOiI3MzQwNDI1ZS1hNWI1LTExZWItYmFjMC0zMDljMjM2NGZkYjYiLCJpc19hZG0iOiJGYWxzZSIsImVtYWlsIjoiZGNkOGFjMzktYmZhMi0xMWViLWExMWYtMzA5YzIzNjRmZGI2IiwiYXBpX2FjY2Vzc19ncmFudCI6IlRydWUiLCJuYmYiOjE2MzE0NjM1MzUsImV4cCI6MTYzMTQ2NTMzNSwiaWF0IjoxNjMxNDYzNTM1fQ.dT3lZaioPH6luIY71JexdIsD2Jx_igj1VXxPZAVlXgN70IV6ky58UR2ZHVBIaR8BDvFFP1wxTux3vYOWlt_VEQ','2021-09-12 18:48:55','PostmanRuntime/7.28.4',NULL,'2070d2e7-13e5-11ec-a474-d8bbc10f2ae0','2021-09-12 19:18:55','2021-09-12 16:18:55',1,NULL,0,NULL,NULL),('20ca5644-b3e6-11eb-85a2-309c2364fdb6','6c7d07e0-a5b5-11eb-bac0-309c2364fdb6','localhost',NULL,59138,'localhost',NULL,5001,'eyJhbGciOiJIUzUxMiIsInR5cCI6IkpXVCJ9.eyJpZCI6IjZjN2QwN2UwLWE1YjUtMTFlYi1iYWMwLTMwOWMyMzY0ZmRiNiIsInVzZXIiOiJ0ZXN0IiwidXNlcl90eXBlX2lkIjoiNzMzZmQwOWMtYTViNS0xMWViLWJhYzAtMzA5YzIzNjRmZGI2IiwiZW1haWwiOiJ0ZXN0IiwiYXBpX2FjY2Vzc19ncmFudCI6IlRydWUiLCJuYmYiOjE2MjA5MDg2NTMsImV4cCI6MTYyMDkxMDQ1MywiaWF0IjoxNjIwOTA4NjUzfQ.4q8zesto6kryvoKkWI2coxhQRbLp3yeTNAuFOpv-GePog8t489Rne6sOGe4j0GtdBUUcBGC1GHoNmHLNd1GrHw','2021-05-13 14:54:14','PostmanRuntime/7.26.8',NULL,'20c688b9-b3e6-11eb-85a2-309c2364fdb6','2021-05-13 15:24:14','2021-05-13 12:24:13',1,NULL,0,NULL,'2021-05-27 11:48:28'),('2128ead0-bcab-11eb-a1d6-309c2364fdb6','6c7d07e0-a5b5-11eb-bac0-309c2364fdb6','localhost',NULL,35209,'localhost',NULL,5001,'eyJhbGciOiJIUzUxMiIsInR5cCI6IkpXVCJ9.eyJpZCI6IjZjN2QwN2UwLWE1YjUtMTFlYi1iYWMwLTMwOWMyMzY0ZmRiNiIsInVzZXIiOiJ0ZXN0IiwidXNlcl90eXBlX2lkIjoiNzMzZmQwOWMtYTViNS0xMWViLWJhYzAtMzA5YzIzNjRmZGI2IiwiZW1haWwiOiJ0ZXN0IiwiYXBpX2FjY2Vzc19ncmFudCI6IlRydWUiLCJuYmYiOjE2MjE4NzI4NzQsImV4cCI6MTYyMTg3NDY3NCwiaWF0IjoxNjIxODcyODc0fQ.wkjjBgpBatdGPsQ1NwU5hS31-4U2uvr-OrjaD6zwenRZyFuHFOrEp4WhOmiTiTGHLndiiED3PALQ8YCfKQAeIA','2021-05-24 18:44:35','Mozilla/5.0 (Windows NT 10.0; Win64; x64; rv:87.0) Gecko/20100101 Firefox/87.0',NULL,'2126c8e9-bcab-11eb-a1d6-309c2364fdb6','2021-05-24 19:14:35','2021-05-24 16:14:34',1,NULL,0,NULL,NULL),('251e544b-c88f-11eb-a494-309c2364fdb6','6c7d07e0-a5b5-11eb-bac0-309c2364fdb6',NULL,'::1',54916,NULL,'::1',5001,'eyJhbGciOiJIUzUxMiIsInR5cCI6IkpXVCJ9.eyJ1dWlkIjoiNmM3ZDA3ZTAtYTViNS0xMWViLWJhYzAtMzA5YzIzNjRmZGI2IiwidXNlciI6InRlc3QiLCJ1c2VyX3R5cGVfaWQiOiI3MzQwNDI1ZS1hNWI1LTExZWItYmFjMC0zMDljMjM2NGZkYjYiLCJpc19hZG0iOiJGYWxzZSIsImVtYWlsIjoiZGNkOGFjMzktYmZhMi0xMWViLWExMWYtMzA5YzIzNjRmZGI2IiwiYXBpX2FjY2Vzc19ncmFudCI6IlRydWUiLCJuYmYiOjE2MjMxODAyNjksImV4cCI6MTYyMzE4MjA2OSwiaWF0IjoxNjIzMTgwMjY5fQ.XM-3o0V5elm-2qpDUJp6uac5TfS1kUoxBjbiWGUyoq1AZT9xs5R9UUFKg1KySdGwpJowy3zPjXirLlOz6NMDOA','2021-06-08 21:54:29','PostmanRuntime/7.26.8',NULL,'251b995c-c88f-11eb-a494-309c2364fdb6','2021-06-08 22:24:29','2021-06-08 19:24:29',1,NULL,0,NULL,NULL),('261e9dc0-a5c2-11eb-bac0-309c2364fdb6','6c7d07e0-a5b5-11eb-bac0-309c2364fdb6',NULL,'::1',52954,NULL,'::1',5001,'eyJhbGciOiJIUzUxMiIsInR5cCI6IkpXVCJ9.eyJpZCI6IjZjN2QwN2UwLWE1YjUtMTFlYi1iYWMwLTMwOWMyMzY0ZmRiNiIsInVzZXIiOiJ0ZXN0IiwidXNlcl90eXBlX2lkIjoiNzMzZmQwOWMtYTViNS0xMWViLWJhYzAtMzA5YzIzNjRmZGI2IiwiZW1haWwiOiJ0ZXN0IiwibmJmIjoxNjE5MzUzODgwLCJleHAiOjE2MTkzNTU2ODAsImlhdCI6MTYxOTM1Mzg4MH0.wzZBF-uDyg7KwG4nDda-eommqnnJ15BzZBNUqj7bFQEPUFl8GXYNkHwERpIqMCpmWAYEkN9i99XenGb4ZZrGFA','2021-04-25 15:01:20','PostmanRuntime/7.26.8','2021-04-25 15:06:54','23ad4115-a5c2-11eb-bac0-309c2364fdb6','2021-04-25 15:31:20','2021-04-25 12:31:24',1,NULL,0,NULL,'2021-05-27 11:48:28'),('299a68b3-bcab-11eb-a1d6-309c2364fdb6','6c7d07e0-a5b5-11eb-bac0-309c2364fdb6','localhost',NULL,35209,'localhost',NULL,5001,'eyJhbGciOiJIUzUxMiIsInR5cCI6IkpXVCJ9.eyJpZCI6IjZjN2QwN2UwLWE1YjUtMTFlYi1iYWMwLTMwOWMyMzY0ZmRiNiIsInVzZXIiOiJ0ZXN0IiwidXNlcl90eXBlX2lkIjoiNzMzZmQwOWMtYTViNS0xMWViLWJhYzAtMzA5YzIzNjRmZGI2IiwiZW1haWwiOiJ0ZXN0IiwiYXBpX2FjY2Vzc19ncmFudCI6IlRydWUiLCJuYmYiOjE2MjE4NzI4ODgsImV4cCI6MTYyMTg3NDY4OCwiaWF0IjoxNjIxODcyODg4fQ._9Q76pFw6MFn_o2Qbfpg4O6Infdj35GVX83bdgxEXA6CnycoRNI-kK5s3pNGkn-Yjd220crW-SD_9V5rlFxV3Q','2021-05-24 18:44:49','Mozilla/5.0 (Windows NT 10.0; Win64; x64; rv:87.0) Gecko/20100101 Firefox/87.0',NULL,'29985577-bcab-11eb-a1d6-309c2364fdb6','2021-05-24 19:14:49','2021-05-24 16:14:48',1,NULL,0,NULL,NULL),('29a176fc-b041-11eb-bbf1-309c2364fdb6','6c7d07e0-a5b5-11eb-bac0-309c2364fdb6',NULL,'::1',55447,NULL,'::1',5001,'eyJhbGciOiJIUzUxMiIsInR5cCI6IkpXVCJ9.eyJpZCI6IjZjN2QwN2UwLWE1YjUtMTFlYi1iYWMwLTMwOWMyMzY0ZmRiNiIsInVzZXIiOiJ0ZXN0IiwidXNlcl90eXBlX2lkIjoiNzMzZmQwOWMtYTViNS0xMWViLWJhYzAtMzA5YzIzNjRmZGI2IiwiZW1haWwiOiJ0ZXN0IiwibmJmIjoxNjIwNTA3OTQ4LCJleHAiOjE2MjA1MDk3NDcsImlhdCI6MTYyMDUwNzk0OH0.c0EobtqzLU4BPk7sNvhFjoYzXuTu8sw8wmYmab8R24tNYZfho31J_6_1OoVn7-LSaEL2wXo7J8lkmzi19wS2JA','2021-05-08 23:35:48','PostmanRuntime/7.26.8',NULL,'299f71fe-b041-11eb-bbf1-309c2364fdb6','2021-05-09 00:05:48','2021-05-08 21:05:48',1,NULL,0,NULL,'2021-05-27 11:48:28'),('2adf1f6b-be69-11eb-9f54-842afd097283','6c7d07e0-a5b5-11eb-bac0-309c2364fdb6',NULL,'::1',1478,NULL,'::1',5001,'eyJhbGciOiJIUzUxMiIsInR5cCI6IkpXVCJ9.eyJ1dWlkIjoiNmM3ZDA3ZTAtYTViNS0xMWViLWJhYzAtMzA5YzIzNjRmZGI2IiwidXNlciI6InRlc3QiLCJ1c2VyX3R5cGVfaWQiOiI3MzNmZDA5Yy1hNWI1LTExZWItYmFjMC0zMDljMjM2NGZkYjYiLCJpc19hZG0iOiJUcnVlIiwiZW1haWwiOiJ0ZXN0IiwiYXBpX2FjY2Vzc19ncmFudCI6IlRydWUiLCJuYmYiOjE2MjIwNjQ0NDYsImV4cCI6MTYyMjA2NjI0NiwiaWF0IjoxNjIyMDY0NDQ2fQ.noPybQouXvan4QAp_P7YCLMFZWO-_BssqmlVl0M5Ed6jCZ_UY6nVhXRyL_qwukLxD1fiUZhPPjWJPN9ExGKQMA','2021-05-26 23:57:26','PostmanRuntime/7.26.8',NULL,'2adab6b3-be69-11eb-9f54-842afd097283','2021-05-27 00:27:26','2021-05-26 21:27:26',1,NULL,0,NULL,NULL),('2d06002e-3fed-11ec-bc48-d8bbc10f2ae0','d0f751a8-3425-11ec-b696-d8bbc10f2ae0','localhost',NULL,1246,'localhost',NULL,5001,'eyJhbGciOiJIUzUxMiIsInR5cCI6IkpXVCJ9.eyJ1dWlkIjoiZDBmNzUxYTgtMzQyNS0xMWVjLWI2OTYtZDhiYmMxMGYyYWUwIiwidXNlciI6Im1pa2Etcm9vc0B3ZWIuZGUiLCJ1c2VyX3R5cGVfaWQiOiIwZTEyNDRmOC0xY2EzLTExZWMtYTRhNC1kOGJiYzEwZjJhZTAiLCJpc19hZG0iOiJUcnVlIiwiZW1haWwiOiJkMGViOTVkMi0zNDI1LTExZWMtYjY5Ni1kOGJiYzEwZjJhZTAiLCJhcGlfYWNjZXNzX2dyYW50IjoiRmFsc2UiLCJuYmYiOjE2MzYzMDQ4NDMsImV4cCI6MTYzNjMwNTE0MywiaWF0IjoxNjM2MzA0ODQzfQ.jtuJ2ArCoHkSEcq1CmU16KcLsnnq9cD6GutW1xPahm4oRuwCgqmbfVvI6Dil0TB7_SnkeyyItlDHvfrHY9S9Ig','2021-11-07 18:12:24','Mozilla/5.0 (Windows NT 10.0; Win64; x64; rv:94.0) Gecko/20100101 Firefox/94.0','2021-11-07 18:07:28','2d05d825-3fed-11ec-bc48-d8bbc10f2ae0','2021-11-07 18:37:24','2021-11-07 17:07:23',1,NULL,0,NULL,'2021-11-07 18:07:28'),('2e432cfb-f6a6-11eb-8281-309c2364fdb6','6c7d07e0-a5b5-11eb-bac0-309c2364fdb6',NULL,'::1',50485,NULL,'::1',5001,'eyJhbGciOiJIUzUxMiIsInR5cCI6IkpXVCJ9.eyJ1dWlkIjoiNmM3ZDA3ZTAtYTViNS0xMWViLWJhYzAtMzA5YzIzNjRmZGI2IiwidXNlciI6InRlc3QiLCJ1c2VyX3R5cGVfaWQiOiI3MzQwNDI1ZS1hNWI1LTExZWItYmFjMC0zMDljMjM2NGZkYjYiLCJpc19hZG0iOiJGYWxzZSIsImVtYWlsIjoiZGNkOGFjMzktYmZhMi0xMWViLWExMWYtMzA5YzIzNjRmZGI2IiwiYXBpX2FjY2Vzc19ncmFudCI6IlRydWUiLCJuYmYiOjE2MjgyNDc5MTYsImV4cCI6MTYyODI0OTcxNiwiaWF0IjoxNjI4MjQ3OTE2fQ.meGsN3splVdiTt3TUlug7DArrOLmoJgDDKHY23xe9fjCXfI1J9RXYC7yneYgLucW7NH3rDzfjCjOqZr70XFfJw','2021-08-06 13:35:16','PostmanRuntime/7.28.2',NULL,'2e382a79-f6a6-11eb-8281-309c2364fdb6','2021-08-06 14:05:16','2021-08-06 11:05:16',1,NULL,0,NULL,NULL),('30be1835-2b9a-11ec-a833-d8bbc10f2ae0','6c7d07e0-a5b5-11eb-bac0-309c2364fdb6',NULL,'::1',9014,NULL,'::1',5001,'eyJhbGciOiJIUzUxMiIsInR5cCI6IkpXVCJ9.eyJ1dWlkIjoiNmM3ZDA3ZTAtYTViNS0xMWViLWJhYzAtMzA5YzIzNjRmZGI2IiwidXNlciI6InRlc3QiLCJ1c2VyX3R5cGVfaWQiOiI3MzQwNDI1ZS1hNWI1LTExZWItYmFjMC0zMDljMjM2NGZkYjYiLCJpc19hZG0iOiJGYWxzZSIsImVtYWlsIjoiZGNkOGFjMzktYmZhMi0xMWViLWExMWYtMzA5YzIzNjRmZGI2IiwiYXBpX2FjY2Vzc19ncmFudCI6IlRydWUiLCJuYmYiOjE2MzQwNzAxNzgsImV4cCI6MTYzNDA3MTk3OCwiaWF0IjoxNjM0MDcwMTc4fQ.ySvctU-alGDzr7frXEeGIgaZcqXw5DhzGXLpXBZ-0vMIP0eY53qiKSuJ42AjHSEg3KZQdmrwTNh3KJ_Di6t-YQ','2021-10-12 22:52:58','PostmanRuntime/7.28.4',NULL,'30bdf29a-2b9a-11ec-a833-d8bbc10f2ae0','2021-10-12 23:22:58','2021-10-12 20:22:58',1,NULL,0,NULL,NULL),('314e72fb-1fb1-11ec-b836-d8bbc10f2ae0','f8708bc4-1ca5-11ec-a4a4-d8bbc10f2ae0',NULL,'::1',50200,NULL,'::1',5001,'eyJhbGciOiJIUzUxMiIsInR5cCI6IkpXVCJ9.eyJ1dWlkIjoiZjg3MDhiYzQtMWNhNS0xMWVjLWE0YTQtZDhiYmMxMGYyYWUwIiwidXNlciI6InJvb3QiLCJ1c2VyX3R5cGVfaWQiOiIwZTEyNDRmOC0xY2EzLTExZWMtYTRhNC1kOGJiYzEwZjJhZTAiLCJpc19hZG0iOiJGYWxzZSIsImVtYWlsIjoiZWRmMDQ5NjItMWNhNS0xMWVjLWE0YTQtZDhiYmMxMGYyYWUwIiwiYXBpX2FjY2Vzc19ncmFudCI6IkZhbHNlIiwibmJmIjoxNjMyNzYwNjQzLCJleHAiOjE2MzI3NjI0NDMsImlhdCI6MTYzMjc2MDY0M30.lzW98Aj_bZlagHdbdy-6N-x4pa8LsNThGevTIBX2vHB3n0jrb6C6wjs-6Xr4QNEHYOVByqen5Xfc-4O_3oBN-Q','2021-09-27 19:07:23','PostmanRuntime/7.28.4',NULL,'3147b78b-1fb1-11ec-b836-d8bbc10f2ae0','2021-09-27 19:37:23','2021-09-27 16:37:23',1,NULL,0,NULL,NULL),('33847254-a5c7-11eb-bac0-309c2364fdb6','6c7d07e0-a5b5-11eb-bac0-309c2364fdb6',NULL,'::1',53132,NULL,'::1',5001,'eyJhbGciOiJIUzUxMiIsInR5cCI6IkpXVCJ9.eyJpZCI6IjZjN2QwN2UwLWE1YjUtMTFlYi1iYWMwLTMwOWMyMzY0ZmRiNiIsInVzZXIiOiJ0ZXN0IiwidXNlcl90eXBlX2lkIjoiNzMzZmQwOWMtYTViNS0xMWViLWJhYzAtMzA5YzIzNjRmZGI2IiwiZW1haWwiOiJ0ZXN0IiwibmJmIjoxNjE5MzU2MDUwLCJleHAiOjE2MTkzNTc4NTAsImlhdCI6MTYxOTM1NjA1MH0.eYpIQFLz_Oj-ov1Hutx_L1E-B7PQQkB9euGgXjBP3KfI00JrFwxn1zyAl50SfvnAK36yZ-Cy1Ki2RV1wbJV4Xg','2021-04-25 15:37:31','PostmanRuntime/7.26.8','2021-04-25 15:45:20','312fe75a-a5c7-11eb-bac0-309c2364fdb6','2021-04-25 16:07:31','2021-04-25 13:07:34',1,NULL,0,NULL,'2021-05-27 11:48:28'),('33d5f7f6-ab4d-11eb-9ca7-309c2364fdb6','6c7d07e0-a5b5-11eb-bac0-309c2364fdb6',NULL,'::1',53604,NULL,'::1',5001,'eyJhbGciOiJIUzUxMiIsInR5cCI6IkpXVCJ9.eyJpZCI6IjZjN2QwN2UwLWE1YjUtMTFlYi1iYWMwLTMwOWMyMzY0ZmRiNiIsInVzZXIiOiJ0ZXN0IiwidXNlcl90eXBlX2lkIjoiNzMzZmQwOWMtYTViNS0xMWViLWJhYzAtMzA5YzIzNjRmZGI2IiwiZW1haWwiOiJ0ZXN0IiwibmJmIjoxNjE5OTYzMzYzLCJleHAiOjE2MTk5NjUxNjMsImlhdCI6MTYxOTk2MzM2M30.hZIyheu2iRvVvXjDkhBSXmiJ3hFFgM2EBFXlraiBdTmYOmtR-AnsJhc-sZXQmhUmNqg0LwAjutFWV1vvEAGPTA','2021-05-02 16:19:23','PostmanRuntime/7.26.8','2021-05-02 16:36:55','33d58e76-ab4d-11eb-9ca7-309c2364fdb6','2021-05-02 16:49:23','2021-05-02 13:49:23',1,NULL,0,NULL,'2021-05-27 11:48:28'),('34f25b6c-f443-11eb-b474-309c2364fdb6','6c7d07e0-a5b5-11eb-bac0-309c2364fdb6',NULL,'::1',1545,NULL,'::1',5001,'eyJhbGciOiJIUzUxMiIsInR5cCI6IkpXVCJ9.eyJ1dWlkIjoiNmM3ZDA3ZTAtYTViNS0xMWViLWJhYzAtMzA5YzIzNjRmZGI2IiwidXNlciI6InRlc3QiLCJ1c2VyX3R5cGVfaWQiOiI3MzQwNDI1ZS1hNWI1LTExZWItYmFjMC0zMDljMjM2NGZkYjYiLCJpc19hZG0iOiJGYWxzZSIsImVtYWlsIjoiZGNkOGFjMzktYmZhMi0xMWViLWExMWYtMzA5YzIzNjRmZGI2IiwiYXBpX2FjY2Vzc19ncmFudCI6IlRydWUiLCJuYmYiOjE2Mjc5ODU1MDUsImV4cCI6MTYyNzk4NzMwNSwiaWF0IjoxNjI3OTg1NTA1fQ.SHOxfs7lnBHGrGrlez5rn2uqcyLv_aWSDsjxyUbTvgCcYYs9bqWPhpX9stYZB082YlW-bE4rUYYHKT09CwK0BA','2021-08-03 12:41:45','PostmanRuntime/7.28.2',NULL,'34edd306-f443-11eb-b474-309c2364fdb6','2021-08-03 13:11:45','2021-08-03 10:11:45',1,NULL,0,NULL,NULL),('36ca8e86-2dd5-11ec-ba94-d8bbc10f2ae0','6c7d07e0-a5b5-11eb-bac0-309c2364fdb6','localhost',NULL,1150,'localhost',NULL,5001,'eyJhbGciOiJIUzUxMiIsInR5cCI6IkpXVCJ9.eyJ1dWlkIjoiNmM3ZDA3ZTAtYTViNS0xMWViLWJhYzAtMzA5YzIzNjRmZGI2IiwidXNlciI6InRlc3QiLCJ1c2VyX3R5cGVfaWQiOiI3MzQwNDI1ZS1hNWI1LTExZWItYmFjMC0zMDljMjM2NGZkYjYiLCJpc19hZG0iOiJGYWxzZSIsImVtYWlsIjoiZGNkOGFjMzktYmZhMi0xMWViLWExMWYtMzA5YzIzNjRmZGI2IiwiYXBpX2FjY2Vzc19ncmFudCI6IlRydWUiLCJuYmYiOjE2MzQzMTU0MzEsImV4cCI6MTYzNDMxNzIzMSwiaWF0IjoxNjM0MzE1NDMxfQ.EJ1eXu4dVUDtl8NU08QcKDv-mQkRYup9RKZ6_SYEqPBv-KgiVXlbslt6hj9CCHVSy_R0h364DOfd34pycStHmQ','2021-10-15 19:00:31','Mozilla/5.0 (Windows NT 10.0; Win64; x64; rv:93.0) Gecko/20100101 Firefox/93.0',NULL,'36ca68a0-2dd5-11ec-ba94-d8bbc10f2ae0','2021-10-15 19:30:31','2021-10-15 16:30:31',1,NULL,0,NULL,NULL),('3752ad3f-bca9-11eb-a1d6-309c2364fdb6','6c7d07e0-a5b5-11eb-bac0-309c2364fdb6','localhost',NULL,34914,'localhost',NULL,5001,'eyJhbGciOiJIUzUxMiIsInR5cCI6IkpXVCJ9.eyJpZCI6IjZjN2QwN2UwLWE1YjUtMTFlYi1iYWMwLTMwOWMyMzY0ZmRiNiIsInVzZXIiOiJ0ZXN0IiwidXNlcl90eXBlX2lkIjoiNzMzZmQwOWMtYTViNS0xMWViLWJhYzAtMzA5YzIzNjRmZGI2IiwiZW1haWwiOiJ0ZXN0IiwiYXBpX2FjY2Vzc19ncmFudCI6IlRydWUiLCJuYmYiOjE2MjE4NzIwNTIsImV4cCI6MTYyMTg3Mzg1MiwiaWF0IjoxNjIxODcyMDUyfQ.rvyt_zzSb3yTpWALqQKR7of84t6L0ZIai7odK_FRsQVUgM78jk_YvbQ9jKRQ85V9P9GID1TsGgO4HL5oVcrBNg','2021-05-24 18:30:53','Mozilla/5.0 (Windows NT 10.0; Win64; x64; rv:87.0) Gecko/20100101 Firefox/87.0',NULL,'374ff5aa-bca9-11eb-a1d6-309c2364fdb6','2021-05-24 19:00:53','2021-05-24 16:00:52',1,NULL,0,NULL,NULL),('377c3db2-d2b2-11eb-9165-309c2364fdb6','6c7d07e0-a5b5-11eb-bac0-309c2364fdb6','localhost',NULL,15211,'localhost',NULL,5001,'eyJhbGciOiJIUzUxMiIsInR5cCI6IkpXVCJ9.eyJ1dWlkIjoiNmM3ZDA3ZTAtYTViNS0xMWViLWJhYzAtMzA5YzIzNjRmZGI2IiwidXNlciI6InRlc3QiLCJ1c2VyX3R5cGVfaWQiOiI3MzQwNDI1ZS1hNWI1LTExZWItYmFjMC0zMDljMjM2NGZkYjYiLCJpc19hZG0iOiJGYWxzZSIsImVtYWlsIjoiZGNkOGFjMzktYmZhMi0xMWViLWExMWYtMzA5YzIzNjRmZGI2IiwiYXBpX2FjY2Vzc19ncmFudCI6IlRydWUiLCJuYmYiOjE2MjQyOTQ4NDMsImV4cCI6MTYyNDI5NjY0MywiaWF0IjoxNjI0Mjk0ODQzfQ.8HmEXl4gXpfEq5hj1K_J4bI-zDmz2Ng1tg_WIu2-Y-woThpcr8jsd6zyrZpUFMqH74aQSSWKKHtmnEx31s804A','2021-06-21 19:30:44','Mozilla/5.0 (Windows NT 10.0; Win64; x64; rv:89.0) Gecko/20100101 Firefox/89.0',NULL,'3778f08e-d2b2-11eb-9165-309c2364fdb6','2021-06-21 20:00:44','2021-06-21 17:00:44',1,NULL,0,NULL,NULL),('397ca889-ab59-11eb-9ca7-309c2364fdb6','6c7d07e0-a5b5-11eb-bac0-309c2364fdb6',NULL,'::1',54130,NULL,'::1',5001,'eyJhbGciOiJIUzUxMiIsInR5cCI6IkpXVCJ9.eyJpZCI6IjZjN2QwN2UwLWE1YjUtMTFlYi1iYWMwLTMwOWMyMzY0ZmRiNiIsInVzZXIiOiJ0ZXN0IiwidXNlcl90eXBlX2lkIjoiNzMzZmQwOWMtYTViNS0xMWViLWJhYzAtMzA5YzIzNjRmZGI2IiwiZW1haWwiOiJ0ZXN0IiwibmJmIjoxNjE5OTY4NTI2LCJleHAiOjE2MTk5NzAzMjYsImlhdCI6MTYxOTk2ODUyNn0.7LqSTGpRkUNjVPPeruU0kNqJ2VBKNFkZ9jVHCL4PzZGjJCHunMpmxYuKSim8NkpHdXN2GsAK8ARkiuIZycevJQ','2021-05-02 17:45:27','PostmanRuntime/7.26.8',NULL,'397c3236-ab59-11eb-9ca7-309c2364fdb6','2021-05-02 18:15:27','2021-05-02 15:15:26',1,NULL,0,NULL,'2021-05-27 11:48:28'),('3a4dccfb-f7a5-11eb-9fdf-309c2364fdb6','6c7d07e0-a5b5-11eb-bac0-309c2364fdb6',NULL,'::1',1303,NULL,'::1',5001,'eyJhbGciOiJIUzUxMiIsInR5cCI6IkpXVCJ9.eyJ1dWlkIjoiNmM3ZDA3ZTAtYTViNS0xMWViLWJhYzAtMzA5YzIzNjRmZGI2IiwidXNlciI6InRlc3QiLCJ1c2VyX3R5cGVfaWQiOiI3MzQwNDI1ZS1hNWI1LTExZWItYmFjMC0zMDljMjM2NGZkYjYiLCJpc19hZG0iOiJGYWxzZSIsImVtYWlsIjoiZGNkOGFjMzktYmZhMi0xMWViLWExMWYtMzA5YzIzNjRmZGI2IiwiYXBpX2FjY2Vzc19ncmFudCI6IlRydWUiLCJuYmYiOjE2MjgzNTc0NTgsImV4cCI6MTYyODM1OTI1OCwiaWF0IjoxNjI4MzU3NDU4fQ.W1EFXoWoIFZD4QvQ-cdkBQxDOJaBYfy4rMdumsC1NcHvhHnU4MFTbHyOFnS01jSoN0LxvEiMqtXG7owqfUv6uA','2021-08-07 20:00:58','PostmanRuntime/7.28.3',NULL,'3a47cd9c-f7a5-11eb-9fdf-309c2364fdb6','2021-08-07 20:30:58','2021-08-07 17:30:58',1,NULL,0,NULL,NULL),('3a8fe41d-2ddd-11ec-ba94-d8bbc10f2ae0','6c7d07e0-a5b5-11eb-bac0-309c2364fdb6','localhost',NULL,22197,'localhost',NULL,5001,'eyJhbGciOiJIUzUxMiIsInR5cCI6IkpXVCJ9.eyJ1dWlkIjoiNmM3ZDA3ZTAtYTViNS0xMWViLWJhYzAtMzA5YzIzNjRmZGI2IiwidXNlciI6InRlc3QiLCJ1c2VyX3R5cGVfaWQiOiI3MzQwNDI1ZS1hNWI1LTExZWItYmFjMC0zMDljMjM2NGZkYjYiLCJpc19hZG0iOiJGYWxzZSIsImVtYWlsIjoiZGNkOGFjMzktYmZhMi0xMWViLWExMWYtMzA5YzIzNjRmZGI2IiwiYXBpX2FjY2Vzc19ncmFudCI6IlRydWUiLCJuYmYiOjE2MzQzMTg4NzMsImV4cCI6MTYzNDMyMDY3MywiaWF0IjoxNjM0MzE4ODczfQ.QbEnIXMl53FJFgiMXpXJ2ZFeykEXgNjfP903z6UWsHvHSf52mYEnppDMzsM7dzb3gvjO4VOKKcSPR9JsQkUhTw','2021-10-15 19:57:53','Mozilla/5.0 (Windows NT 10.0; Win64; x64; rv:93.0) Gecko/20100101 Firefox/93.0','2021-10-15 19:27:56','3a8f85a2-2ddd-11ec-ba94-d8bbc10f2ae0','2021-10-15 20:27:53','2021-10-15 17:27:53',1,NULL,0,NULL,'2021-10-15 19:27:56'),('3b04d47d-3ff4-11ec-bc48-d8bbc10f2ae0','d0f751a8-3425-11ec-b696-d8bbc10f2ae0','localhost',NULL,2262,'localhost',NULL,5001,'eyJhbGciOiJIUzUxMiIsInR5cCI6IkpXVCJ9.eyJ1dWlkIjoiZDBmNzUxYTgtMzQyNS0xMWVjLWI2OTYtZDhiYmMxMGYyYWUwIiwidXNlciI6Im1pa2Etcm9vc0B3ZWIuZGUiLCJ1c2VyX3R5cGVfaWQiOiIwZTEyNDRmOC0xY2EzLTExZWMtYTRhNC1kOGJiYzEwZjJhZTAiLCJpc19hZG0iOiJUcnVlIiwiZW1haWwiOiJkMGViOTVkMi0zNDI1LTExZWMtYjY5Ni1kOGJiYzEwZjJhZTAiLCJhcGlfYWNjZXNzX2dyYW50IjoiRmFsc2UiLCJuYmYiOjE2MzYzMDc4NzMsImV4cCI6MTYzNjMwOTY3MywiaWF0IjoxNjM2MzA3ODczfQ.p3THrzE7TlvjoQG3wZ7Tn17pzYwFindlUfFhTGwDhnWaMmiCa4g3mr74hvTlA-_cMt5Q96c8KDzFBsmVgBdqqQ','2021-11-07 19:27:54','Mozilla/5.0 (Windows NT 10.0; Win64; x64; rv:94.0) Gecko/20100101 Firefox/94.0',NULL,'3b047447-3ff4-11ec-bc48-d8bbc10f2ae0','2021-11-07 19:57:54','2021-11-07 17:57:53',1,NULL,0,NULL,NULL),('3b9ca21a-2ba3-11ec-a833-d8bbc10f2ae0','6c7d07e0-a5b5-11eb-bac0-309c2364fdb6','localhost',NULL,1136,'localhost',NULL,5001,'eyJhbGciOiJIUzUxMiIsInR5cCI6IkpXVCJ9.eyJ1dWlkIjoiNmM3ZDA3ZTAtYTViNS0xMWViLWJhYzAtMzA5YzIzNjRmZGI2IiwidXNlciI6InRlc3QiLCJ1c2VyX3R5cGVfaWQiOiI3MzQwNDI1ZS1hNWI1LTExZWItYmFjMC0zMDljMjM2NGZkYjYiLCJpc19hZG0iOiJGYWxzZSIsImVtYWlsIjoiZGNkOGFjMzktYmZhMi0xMWViLWExMWYtMzA5YzIzNjRmZGI2IiwiYXBpX2FjY2Vzc19ncmFudCI6IlRydWUiLCJuYmYiOjE2MzQwNzQwNjIsImV4cCI6MTYzNDA3NTg2MiwiaWF0IjoxNjM0MDc0MDYyfQ.e4D2qMDpdnjg-9ptdWiPlB4lXH_Hhez32H-vdJQFJ_JGim9U9fPHsb-sB_IdJ8WySTa_fv9WTBjzNFPuhAWCZg','2021-10-12 23:57:42','Mozilla/5.0 (Windows NT 10.0; Win64; x64; rv:93.0) Gecko/20100101 Firefox/93.0',NULL,'3b9c6945-2ba3-11ec-a833-d8bbc10f2ae0','2021-10-13 00:27:42','2021-10-12 21:27:42',1,NULL,0,NULL,NULL),('3bac929d-bedd-11eb-8e36-309c2364fdb6','3e166107-be6a-11eb-9f54-842afd097283',NULL,'::1',53725,NULL,'::1',5001,'eyJhbGciOiJIUzUxMiIsInR5cCI6IkpXVCJ9.eyJ1dWlkIjoiM2UxNjYxMDctYmU2YS0xMWViLTlmNTQtODQyYWZkMDk3MjgzIiwidXNlciI6InRlc3QyIiwidXNlcl90eXBlX2lkIjoiNzM0MDQyNWUtYTViNS0xMWViLWJhYzAtMzA5YzIzNjRmZGI2IiwiaXNfYWRtIjoiRmFsc2UiLCJlbWFpbCI6InRlc3QyIiwiYXBpX2FjY2Vzc19ncmFudCI6IlRydWUiLCJuYmYiOjE2MjIxMTQyOTYsImV4cCI6MTYyMjExNjA5NiwiaWF0IjoxNjIyMTE0Mjk2fQ.B5Cl_AGBfwkYQ2f7Rm7cEuCTMAZF324A4SYEdjTIB8awaa7zyOnO8XLf1iKMmvNFsyJ70ITHpytzh12zSCLFgg','2021-05-27 13:48:16','PostmanRuntime/7.26.8',NULL,'3ba92591-bedd-11eb-8e36-309c2364fdb6','2021-05-27 14:18:16','2021-05-27 11:18:16',1,NULL,0,NULL,NULL),('3cf5eecf-bec2-11eb-8e36-309c2364fdb6','6c7d07e0-a5b5-11eb-bac0-309c2364fdb6',NULL,'::1',51842,NULL,'::1',5001,'eyJhbGciOiJIUzUxMiIsInR5cCI6IkpXVCJ9.eyJ1dWlkIjoiNmM3ZDA3ZTAtYTViNS0xMWViLWJhYzAtMzA5YzIzNjRmZGI2IiwidXNlciI6InRlc3QiLCJ1c2VyX3R5cGVfaWQiOiI3MzQwNDI1ZS1hNWI1LTExZWItYmFjMC0zMDljMjM2NGZkYjYiLCJpc19hZG0iOiJGYWxzZSIsImVtYWlsIjoidGVzdCIsImFwaV9hY2Nlc3NfZ3JhbnQiOiJUcnVlIiwibmJmIjoxNjIyMTAyNzAyLCJleHAiOjE2MjIxMDQ1MDIsImlhdCI6MTYyMjEwMjcwMn0.z7hX3CGLrqhiI7bFYsTF3SmrO87N46yhRyiqbLlQFXFeqNdCNcXOE319L_pFWpJyvtKT6K_ptQJfX0tYkmAomQ','2021-05-27 10:35:02','PostmanRuntime/7.26.8',NULL,'3cf581d4-bec2-11eb-8e36-309c2364fdb6','2021-05-27 11:05:02','2021-05-27 08:05:02',1,NULL,0,NULL,NULL),('3d416cad-f212-11eb-ad62-309c2364fdb6','6c7d07e0-a5b5-11eb-bac0-309c2364fdb6',NULL,'::1',52898,NULL,'::1',5001,'eyJhbGciOiJIUzUxMiIsInR5cCI6IkpXVCJ9.eyJ1dWlkIjoiNmM3ZDA3ZTAtYTViNS0xMWViLWJhYzAtMzA5YzIzNjRmZGI2IiwidXNlciI6InRlc3QiLCJ1c2VyX3R5cGVfaWQiOiI3MzQwNDI1ZS1hNWI1LTExZWItYmFjMC0zMDljMjM2NGZkYjYiLCJpc19hZG0iOiJGYWxzZSIsImVtYWlsIjoiZGNkOGFjMzktYmZhMi0xMWViLWExMWYtMzA5YzIzNjRmZGI2IiwiYXBpX2FjY2Vzc19ncmFudCI6IlRydWUiLCJuYmYiOjE2Mjc3NDQ1NzEsImV4cCI6MTYyNzc0NjM3MSwiaWF0IjoxNjI3NzQ0NTcxfQ.C24mht8K1BdIrXHCyYe0ITRgY9WtHsQqy0nDc2yM2WmmUxQgYvGKAGLmxexSFeSmAT70uYatxshhMP3WLS3GbQ','2021-07-31 17:46:11','PostmanRuntime/7.26.8',NULL,'3d3c746f-f212-11eb-ad62-309c2364fdb6','2021-07-31 18:16:11','2021-07-31 15:16:11',1,NULL,0,NULL,NULL),('3dafffbb-1fb1-11ec-b836-d8bbc10f2ae0','f8708bc4-1ca5-11ec-a4a4-d8bbc10f2ae0',NULL,'::1',50200,NULL,'::1',5001,'eyJhbGciOiJIUzUxMiIsInR5cCI6IkpXVCJ9.eyJ1dWlkIjoiZjg3MDhiYzQtMWNhNS0xMWVjLWE0YTQtZDhiYmMxMGYyYWUwIiwidXNlciI6InJvb3QiLCJ1c2VyX3R5cGVfaWQiOiIwZTEyNDRmOC0xY2EzLTExZWMtYTRhNC1kOGJiYzEwZjJhZTAiLCJpc19hZG0iOiJGYWxzZSIsImVtYWlsIjoiZWRmMDQ5NjItMWNhNS0xMWVjLWE0YTQtZDhiYmMxMGYyYWUwIiwiYXBpX2FjY2Vzc19ncmFudCI6IkZhbHNlIiwibmJmIjoxNjMyNzYwNjY0LCJleHAiOjE2MzI3NjI0NjQsImlhdCI6MTYzMjc2MDY2NH0.hxEQAHkWuAEOn_Vlsrqk1zRW7dHB9ghXUnrrvzUzmyYGcaBkUpBq_0Z50ErXCLednBAwr7imsBcDHp8Wr9oD4w','2021-09-27 19:07:45','PostmanRuntime/7.28.4','2021-09-27 19:02:14','3dae29a8-1fb1-11ec-b836-d8bbc10f2ae0','2021-09-27 19:37:45','2021-09-27 16:37:44',1,NULL,0,NULL,'2021-09-27 19:02:14'),('3f38f958-b3e4-11eb-85a2-309c2364fdb6','6c7d07e0-a5b5-11eb-bac0-309c2364fdb6',NULL,'::1',59107,NULL,'::1',5001,'eyJhbGciOiJIUzUxMiIsInR5cCI6IkpXVCJ9.eyJpZCI6IjZjN2QwN2UwLWE1YjUtMTFlYi1iYWMwLTMwOWMyMzY0ZmRiNiIsInVzZXIiOiJ0ZXN0IiwidXNlcl90eXBlX2lkIjoiNzMzZmQwOWMtYTViNS0xMWViLWJhYzAtMzA5YzIzNjRmZGI2IiwiZW1haWwiOiJ0ZXN0IiwiYXBpX2FjY2Vzc19ncmFudCI6IlRydWUiLCJuYmYiOjE2MjA5MDc4NDUsImV4cCI6MTYyMDkwOTY0NSwiaWF0IjoxNjIwOTA3ODQ1fQ.Y9wZktSCM2t0lgxhqG4va5RwhObd_eVrgkMZHJ9Rcn6nbHG6UVg3XrQcnSBzbD5QFUzEU9M2GhiPYzt3mPcvUQ','2021-05-13 14:40:46','PostmanRuntime/7.26.8',NULL,'3f36addc-b3e4-11eb-85a2-309c2364fdb6','2021-05-13 15:10:46','2021-05-13 12:10:45',1,NULL,0,NULL,'2021-05-27 11:48:28'),('3f5b4bde-bece-11eb-8e36-309c2364fdb6','3e166107-be6a-11eb-9f54-842afd097283',NULL,'::1',52634,NULL,'::1',5001,'eyJhbGciOiJIUzUxMiIsInR5cCI6IkpXVCJ9.eyJ1dWlkIjoiM2UxNjYxMDctYmU2YS0xMWViLTlmNTQtODQyYWZkMDk3MjgzIiwidXNlciI6InRlc3QyIiwidXNlcl90eXBlX2lkIjoiNzM0MDQyNWUtYTViNS0xMWViLWJhYzAtMzA5YzIzNjRmZGI2IiwiaXNfYWRtIjoiRmFsc2UiLCJlbWFpbCI6InRlc3QyIiwiYXBpX2FjY2Vzc19ncmFudCI6IlRydWUiLCJuYmYiOjE2MjIxMDc4NTksImV4cCI6MTYyMjEwOTY1OSwiaWF0IjoxNjIyMTA3ODU5fQ.CeP4Strrhe_Lvy2VyZ1QyU6WpppeyTUl-VL_rumo3mKElcIHLX5bj1sp6crsWJZRNd_TD9CEMlonYPe6cAlphw','2021-05-27 12:01:00','PostmanRuntime/7.26.8',NULL,'3f59e066-bece-11eb-8e36-309c2364fdb6','2021-05-27 12:31:00','2021-05-27 09:31:00',1,NULL,0,NULL,NULL),('3f66b5cb-1746-11ec-b334-d8bbc10f2ae0','6c7d07e0-a5b5-11eb-bac0-309c2364fdb6',NULL,'::1',26370,NULL,'::1',5001,'eyJhbGciOiJIUzUxMiIsInR5cCI6IkpXVCJ9.eyJ1dWlkIjoiNmM3ZDA3ZTAtYTViNS0xMWViLWJhYzAtMzA5YzIzNjRmZGI2IiwidXNlciI6InRlc3QiLCJ1c2VyX3R5cGVfaWQiOiI3MzQwNDI1ZS1hNWI1LTExZWItYmFjMC0zMDljMjM2NGZkYjYiLCJpc19hZG0iOiJGYWxzZSIsImVtYWlsIjoiZGNkOGFjMzktYmZhMi0xMWViLWExMWYtMzA5YzIzNjRmZGI2IiwiYXBpX2FjY2Vzc19ncmFudCI6IlRydWUiLCJuYmYiOjE2MzE4MzUxMDEsImV4cCI6MTYzMTgzNjkwMSwiaWF0IjoxNjMxODM1MTAxfQ.D4AAzZabHZ-MIWLjeGG0_sZl-WBQ0SmyZWsGMvoRTiABDIbqF6hEq8ipUoQNa-CftEjCi7AT7dYCUYXkqmLTbw','2021-09-17 02:01:42','PostmanRuntime/7.28.4','2021-09-17 01:33:05','3f62aee8-1746-11ec-b334-d8bbc10f2ae0','2021-09-17 02:31:42','2021-09-16 23:31:42',1,NULL,0,NULL,'2021-09-17 01:33:05'),('3fec2ba2-e26c-11eb-9dd4-309c2364fdb6','6c7d07e0-a5b5-11eb-bac0-309c2364fdb6',NULL,'::1',54694,NULL,'::1',5001,'eyJhbGciOiJIUzUxMiIsInR5cCI6IkpXVCJ9.eyJ1dWlkIjoiNmM3ZDA3ZTAtYTViNS0xMWViLWJhYzAtMzA5YzIzNjRmZGI2IiwidXNlciI6InRlc3QiLCJ1c2VyX3R5cGVfaWQiOiI3MzQwNDI1ZS1hNWI1LTExZWItYmFjMC0zMDljMjM2NGZkYjYiLCJpc19hZG0iOiJGYWxzZSIsImVtYWlsIjoiZGNkOGFjMzktYmZhMi0xMWViLWExMWYtMzA5YzIzNjRmZGI2IiwiYXBpX2FjY2Vzc19ncmFudCI6IlRydWUiLCJuYmYiOjE2MjYwMjQwMTIsImV4cCI6MTYyNjAyNTgxMiwiaWF0IjoxNjI2MDI0MDEyfQ.B-w8KX1aI61CONfShnR3nzVIR8IDkfAAZYVQiudMGbde7DAJ7xoyUNTVTkDQKu8KomPytX_juL3Mu-Dx-a8R6g','2021-07-11 19:50:12','PostmanRuntime/7.26.8',NULL,'3fe9653f-e26c-11eb-9dd4-309c2364fdb6','2021-07-11 20:20:12','2021-07-11 17:20:12',1,NULL,0,NULL,NULL),('4042bae0-be44-11eb-a1b6-309c2364fdb6','6c7d07e0-a5b5-11eb-bac0-309c2364fdb6',NULL,'::1',58636,NULL,'::1',5001,'eyJhbGciOiJIUzUxMiIsInR5cCI6IkpXVCJ9.eyJpZCI6IjZjN2QwN2UwLWE1YjUtMTFlYi1iYWMwLTMwOWMyMzY0ZmRiNiIsInVzZXIiOiJ0ZXN0IiwidXNlcl90eXBlX2lkIjoiNzMzZmQwOWMtYTViNS0xMWViLWJhYzAtMzA5YzIzNjRmZGI2IiwiZW1haWwiOiJ0ZXN0IiwiYXBpX2FjY2Vzc19ncmFudCI6IlRydWUiLCJuYmYiOjE2MjIwNDg1OTAsImV4cCI6MTYyMjA1MDM5MCwiaWF0IjoxNjIyMDQ4NTkwfQ.NRO2_E_dfzLm37OKSJ63EjnUiFtexbjP_GQOj99IamNGyZl-exfiNW3dmzH5kr023aQbj7RTTcyGx89qGwFvkQ','2021-05-26 19:33:11','PostmanRuntime/7.26.8',NULL,'4040b592-be44-11eb-a1b6-309c2364fdb6','2021-05-26 20:03:11','2021-05-26 17:03:11',1,NULL,0,NULL,NULL),('40ae8b90-f43e-11eb-b474-309c2364fdb6','6c7d07e0-a5b5-11eb-bac0-309c2364fdb6',NULL,'::1',1545,NULL,'::1',5001,'eyJhbGciOiJIUzUxMiIsInR5cCI6IkpXVCJ9.eyJ1dWlkIjoiNmM3ZDA3ZTAtYTViNS0xMWViLWJhYzAtMzA5YzIzNjRmZGI2IiwidXNlciI6InRlc3QiLCJ1c2VyX3R5cGVfaWQiOiI3MzQwNDI1ZS1hNWI1LTExZWItYmFjMC0zMDljMjM2NGZkYjYiLCJpc19hZG0iOiJGYWxzZSIsImVtYWlsIjoiZGNkOGFjMzktYmZhMi0xMWViLWExMWYtMzA5YzIzNjRmZGI2IiwiYXBpX2FjY2Vzc19ncmFudCI6IlRydWUiLCJuYmYiOjE2Mjc5ODMzNzcsImV4cCI6MTYyNzk4NTE3NiwiaWF0IjoxNjI3OTgzMzc3fQ.WpAPRtOGhqe345HCH7e62Q6d_ty9UlvkKp_fHUkesMtx0uYWC_g5rjeDzhoNIqGzPYYtAGNsotLfOD6NGj7XyA','2021-08-03 12:06:17','PostmanRuntime/7.28.2',NULL,'40a87680-f43e-11eb-b474-309c2364fdb6','2021-08-03 12:36:17','2021-08-03 09:36:17',1,NULL,0,NULL,NULL),('40b6f837-b437-11eb-9ebc-309c2364fdb6','6c7d07e0-a5b5-11eb-bac0-309c2364fdb6',NULL,'::1',52514,NULL,'::1',5001,'eyJhbGciOiJIUzUxMiIsInR5cCI6IkpXVCJ9.eyJpZCI6IjZjN2QwN2UwLWE1YjUtMTFlYi1iYWMwLTMwOWMyMzY0ZmRiNiIsInVzZXIiOiJ0ZXN0IiwidXNlcl90eXBlX2lkIjoiNzMzZmQwOWMtYTViNS0xMWViLWJhYzAtMzA5YzIzNjRmZGI2IiwiZW1haWwiOiJ0ZXN0IiwiYXBpX2FjY2Vzc19ncmFudCI6IlRydWUiLCJuYmYiOjE2MjA5NDM0OTYsImV4cCI6MTYyMDk0NTI5NCwiaWF0IjoxNjIwOTQzNDk2fQ.Es9Ix9Sm-z5DBAss1Pa87BWDMS3zSNq-6kihFbetIfRSiFygdBTyf1tUYnyIaOyy1foBOD9cPXsS3bURhApAfg','2021-05-14 00:34:54','PostmanRuntime/7.26.8',NULL,'40b340ae-b437-11eb-9ebc-309c2364fdb6','2021-05-14 01:04:54','2021-05-13 22:04:56',1,NULL,0,NULL,NULL),('410a46f7-1fc1-11ec-b836-d8bbc10f2ae0','f8708bc4-1ca5-11ec-a4a4-d8bbc10f2ae0',NULL,'::1',1090,NULL,'::1',5001,'eyJhbGciOiJIUzUxMiIsInR5cCI6IkpXVCJ9.eyJ1dWlkIjoiZjg3MDhiYzQtMWNhNS0xMWVjLWE0YTQtZDhiYmMxMGYyYWUwIiwidXNlciI6InJvb3QiLCJ1c2VyX3R5cGVfaWQiOiIwZTEyNDRmOC0xY2EzLTExZWMtYTRhNC1kOGJiYzEwZjJhZTAiLCJpc19hZG0iOiJGYWxzZSIsImVtYWlsIjoiZWRmMDQ5NjItMWNhNS0xMWVjLWE0YTQtZDhiYmMxMGYyYWUwIiwiYXBpX2FjY2Vzc19ncmFudCI6IlRydWUiLCJuYmYiOjE2MzI3Njc1NDIsImV4cCI6MTYzMjc2OTM0MiwiaWF0IjoxNjMyNzY3NTQyfQ.SK1ZA9VkCWRLU9SSXvxiiBcAGOLF0pZy48d2uuUZ060gnrk_LXO9364Nkl2PF5zWqecVCKwTYV2j52q7ncwzbQ','2021-09-27 21:02:22','PostmanRuntime/7.28.4','2021-09-27 20:54:03','41062a48-1fc1-11ec-b836-d8bbc10f2ae0','2021-09-27 21:32:22','2021-09-27 18:32:22',1,NULL,0,NULL,'2021-09-27 20:54:03'),('41ad6e2a-b3eb-11eb-85a2-309c2364fdb6','6c7d07e0-a5b5-11eb-bac0-309c2364fdb6',NULL,'::1',59267,NULL,'::1',5001,'eyJhbGciOiJIUzUxMiIsInR5cCI6IkpXVCJ9.eyJpZCI6IjZjN2QwN2UwLWE1YjUtMTFlYi1iYWMwLTMwOWMyMzY0ZmRiNiIsInVzZXIiOiJ0ZXN0IiwidXNlcl90eXBlX2lkIjoiNzMzZmQwOWMtYTViNS0xMWViLWJhYzAtMzA5YzIzNjRmZGI2IiwiZW1haWwiOiJ0ZXN0IiwiYXBpX2FjY2Vzc19ncmFudCI6IlRydWUiLCJuYmYiOjE2MjA5MTA4NTYsImV4cCI6MTYyMDkxMjY1NiwiaWF0IjoxNjIwOTEwODU2fQ.Am2Bu3jRT_izu4Mxqg2Y8XRqtAQrqfwcdoxfq8BYusMSP--9zgY6yFXpwUzp85PBpFHurZk3594liEKrNNfWNw','2021-05-13 15:30:56','PostmanRuntime/7.26.8',NULL,'41aae909-b3eb-11eb-85a2-309c2364fdb6','2021-05-13 16:00:56','2021-05-13 13:00:56',1,NULL,0,NULL,'2021-05-27 11:48:28'),('42825b0e-efe8-11eb-b98d-309c2364fdb6','6c7d07e0-a5b5-11eb-bac0-309c2364fdb6',NULL,'::1',58533,NULL,'::1',5001,'eyJhbGciOiJIUzUxMiIsInR5cCI6IkpXVCJ9.eyJ1dWlkIjoiNmM3ZDA3ZTAtYTViNS0xMWViLWJhYzAtMzA5YzIzNjRmZGI2IiwidXNlciI6InRlc3QiLCJ1c2VyX3R5cGVfaWQiOiI3MzQwNDI1ZS1hNWI1LTExZWItYmFjMC0zMDljMjM2NGZkYjYiLCJpc19hZG0iOiJGYWxzZSIsImVtYWlsIjoiZGNkOGFjMzktYmZhMi0xMWViLWExMWYtMzA5YzIzNjRmZGI2IiwiYXBpX2FjY2Vzc19ncmFudCI6IlRydWUiLCJuYmYiOjE2Mjc1MDY2MzksImV4cCI6MTYyNzUwODQzOSwiaWF0IjoxNjI3NTA2NjM5fQ.vjHd9neEi90HfFxnqf4gjN9vuY2O65tU7Ib7R8b77Zb9aglR8FwrmswBiBNO4mBI30FlPtMR-Sm8Mtbv9rDyww','2021-07-28 23:40:39','PostmanRuntime/7.26.8',NULL,'427cfb32-efe8-11eb-b98d-309c2364fdb6','2021-07-29 00:10:39','2021-07-28 21:10:39',1,NULL,0,NULL,NULL),('43370250-bedd-11eb-8e36-309c2364fdb6','3e166107-be6a-11eb-9f54-842afd097283',NULL,'::1',53725,NULL,'::1',5001,'eyJhbGciOiJIUzUxMiIsInR5cCI6IkpXVCJ9.eyJ1dWlkIjoiM2UxNjYxMDctYmU2YS0xMWViLTlmNTQtODQyYWZkMDk3MjgzIiwidXNlciI6InRlc3QyIiwidXNlcl90eXBlX2lkIjoiNzM0MDQyNWUtYTViNS0xMWViLWJhYzAtMzA5YzIzNjRmZGI2IiwiaXNfYWRtIjoiRmFsc2UiLCJlbWFpbCI6InRlc3QyIiwiYXBpX2FjY2Vzc19ncmFudCI6IlRydWUiLCJuYmYiOjE2MjIxMTQzMDgsImV4cCI6MTYyMjExNjEwOCwiaWF0IjoxNjIyMTE0MzA4fQ.GlM3cfEB9KJPkErdOKAYtcxv4zwHIDxklcLUUsHnMi1vcogoiw19WyjuQSCpwjGtESNmakvFRF-HghsOfKFlfw','2021-05-27 13:48:29','PostmanRuntime/7.26.8',NULL,'4334a57b-bedd-11eb-8e36-309c2364fdb6','2021-05-27 14:18:29','2021-05-27 11:18:28',1,NULL,0,NULL,NULL),('436e991e-f790-11eb-9131-309c2364fdb6','6c7d07e0-a5b5-11eb-bac0-309c2364fdb6',NULL,'::1',23958,NULL,'::1',5001,'eyJhbGciOiJIUzUxMiIsInR5cCI6IkpXVCJ9.eyJ1dWlkIjoiNmM3ZDA3ZTAtYTViNS0xMWViLWJhYzAtMzA5YzIzNjRmZGI2IiwidXNlciI6InRlc3QiLCJ1c2VyX3R5cGVfaWQiOiI3MzQwNDI1ZS1hNWI1LTExZWItYmFjMC0zMDljMjM2NGZkYjYiLCJpc19hZG0iOiJGYWxzZSIsImVtYWlsIjoiZGNkOGFjMzktYmZhMi0xMWViLWExMWYtMzA5YzIzNjRmZGI2IiwiYXBpX2FjY2Vzc19ncmFudCI6IlRydWUiLCJuYmYiOjE2MjgzNDg0NTQsImV4cCI6MTYyODM1MDI1NCwiaWF0IjoxNjI4MzQ4NDU0fQ.0WrZ5UhOsJGHfAckTa7BdPkSmhlc3bLlBiM_zOe6chgyqCSCCzPIEn7-WwKnVUUwiW5bDG4H46Qvqi0Ym2Gx4w','2021-08-07 17:30:54','PostmanRuntime/7.28.3',NULL,'43692631-f790-11eb-9131-309c2364fdb6','2021-08-07 18:00:54','2021-08-07 15:00:54',1,NULL,0,NULL,NULL),('446a01ef-bee3-11eb-8e36-309c2364fdb6','6c7d07e0-a5b5-11eb-bac0-309c2364fdb6',NULL,'::1',54470,NULL,'::1',5001,'eyJhbGciOiJIUzUxMiIsInR5cCI6IkpXVCJ9.eyJ1dWlkIjoiNmM3ZDA3ZTAtYTViNS0xMWViLWJhYzAtMzA5YzIzNjRmZGI2IiwidXNlciI6InRlc3QiLCJ1c2VyX3R5cGVfaWQiOiI3MzQwNDI1ZS1hNWI1LTExZWItYmFjMC0zMDljMjM2NGZkYjYiLCJpc19hZG0iOiJGYWxzZSIsImVtYWlsIjoidGVzdCIsImFwaV9hY2Nlc3NfZ3JhbnQiOiJUcnVlIiwibmJmIjoxNjIyMTE2ODg3LCJleHAiOjE2MjIxMTg2ODcsImlhdCI6MTYyMjExNjg4N30.PvmpQ5H6-tfO27trsK3CL8pX-aKq1iUnUptpjJHgZVbeWsoPmLSUy9q_48COxbdSHtDifyOiuhkXnjxO88O1cA','2021-05-27 14:31:28','PostmanRuntime/7.26.8',NULL,'4465b027-bee3-11eb-8e36-309c2364fdb6','2021-05-27 15:01:28','2021-05-27 12:01:27',1,NULL,0,NULL,NULL),('44d17162-bec1-11eb-8e36-309c2364fdb6','6c7d07e0-a5b5-11eb-bac0-309c2364fdb6',NULL,'::1',51628,NULL,'::1',5001,'eyJhbGciOiJIUzUxMiIsInR5cCI6IkpXVCJ9.eyJ1dWlkIjoiNmM3ZDA3ZTAtYTViNS0xMWViLWJhYzAtMzA5YzIzNjRmZGI2IiwidXNlciI6InRlc3QiLCJ1c2VyX3R5cGVfaWQiOiI3MzNmZDA5Yy1hNWI1LTExZWItYmFjMC0zMDljMjM2NGZkYjYiLCJpc19hZG0iOiJUcnVlIiwiZW1haWwiOiJ0ZXN0IiwiYXBpX2FjY2Vzc19ncmFudCI6IlRydWUiLCJuYmYiOjE2MjIxMDIyODUsImV4cCI6MTYyMjEwNDA4NSwiaWF0IjoxNjIyMTAyMjg1fQ.9nwqWON4SM8AjgqG-XtfLs7gQraff_c65r6Ja_5IxEWNZSaMvlE9Cpj6ycQE7CmjD4aeNB3p1eRqbw1UZLFOcw','2021-05-27 10:28:06','PostmanRuntime/7.26.8',NULL,'44cefa90-bec1-11eb-8e36-309c2364fdb6','2021-05-27 10:58:06','2021-05-27 07:58:05',1,NULL,0,NULL,NULL),('44f7f535-2b98-11ec-a833-d8bbc10f2ae0','6c7d07e0-a5b5-11eb-bac0-309c2364fdb6','localhost',NULL,8997,'localhost',NULL,5000,'eyJhbGciOiJIUzUxMiIsInR5cCI6IkpXVCJ9.eyJ1dWlkIjoiNmM3ZDA3ZTAtYTViNS0xMWViLWJhYzAtMzA5YzIzNjRmZGI2IiwidXNlciI6InRlc3QiLCJ1c2VyX3R5cGVfaWQiOiI3MzQwNDI1ZS1hNWI1LTExZWItYmFjMC0zMDljMjM2NGZkYjYiLCJpc19hZG0iOiJGYWxzZSIsImVtYWlsIjoiZGNkOGFjMzktYmZhMi0xMWViLWExMWYtMzA5YzIzNjRmZGI2IiwiYXBpX2FjY2Vzc19ncmFudCI6IlRydWUiLCJuYmYiOjE2MzQwNjkzNTMsImV4cCI6MTYzNDA3MTE1MywiaWF0IjoxNjM0MDY5MzUzfQ.Nq-C7aXxwZ_4W9r7MVLga4YcndZr__jY9L0BklpqHieCCPpt6d51XSCvO4tSYswCVMQqn6gCl71Oc6QkxkIAqA','2021-10-12 22:39:13','Mozilla/5.0 (Windows NT 10.0; Win64; x64; rv:93.0) Gecko/20100101 Firefox/93.0',NULL,'44f55357-2b98-11ec-a833-d8bbc10f2ae0','2021-10-12 23:09:13','2021-10-12 20:09:13',1,NULL,0,NULL,NULL),('463cbb5a-f7aa-11eb-9fdf-309c2364fdb6','6c7d07e0-a5b5-11eb-bac0-309c2364fdb6',NULL,'::1',1597,NULL,'::1',5001,'eyJhbGciOiJIUzUxMiIsInR5cCI6IkpXVCJ9.eyJ1dWlkIjoiNmM3ZDA3ZTAtYTViNS0xMWViLWJhYzAtMzA5YzIzNjRmZGI2IiwidXNlciI6InRlc3QiLCJ1c2VyX3R5cGVfaWQiOiI3MzQwNDI1ZS1hNWI1LTExZWItYmFjMC0zMDljMjM2NGZkYjYiLCJpc19hZG0iOiJGYWxzZSIsImVtYWlsIjoiZGNkOGFjMzktYmZhMi0xMWViLWExMWYtMzA5YzIzNjRmZGI2IiwiYXBpX2FjY2Vzc19ncmFudCI6IlRydWUiLCJuYmYiOjE2MjgzNTk2MjUsImV4cCI6MTYyODM2MTQyNSwiaWF0IjoxNjI4MzU5NjI1fQ.Uu4eAQjQdQafWoVj5B3SNEgzD0L82OjcpYjX2XeE3gaXsng-RpY5MJ6lGwndwEsR17seSmbW7qVEw6VF-3Tmkw','2021-08-07 20:37:06','PostmanRuntime/7.28.3',NULL,'4636eeef-f7aa-11eb-9fdf-309c2364fdb6','2021-08-07 21:07:06','2021-08-07 18:07:05',1,NULL,0,NULL,NULL),('46ed3122-13e4-11ec-a474-d8bbc10f2ae0','6c7d07e0-a5b5-11eb-bac0-309c2364fdb6',NULL,'::1',19756,NULL,'::1',5001,'eyJhbGciOiJIUzUxMiIsInR5cCI6IkpXVCJ9.eyJ1dWlkIjoiNmM3ZDA3ZTAtYTViNS0xMWViLWJhYzAtMzA5YzIzNjRmZGI2IiwidXNlciI6InRlc3QiLCJ1c2VyX3R5cGVfaWQiOiI3MzQwNDI1ZS1hNWI1LTExZWItYmFjMC0zMDljMjM2NGZkYjYiLCJpc19hZG0iOiJGYWxzZSIsImVtYWlsIjoiZGNkOGFjMzktYmZhMi0xMWViLWExMWYtMzA5YzIzNjRmZGI2IiwiYXBpX2FjY2Vzc19ncmFudCI6IlRydWUiLCJuYmYiOjE2MzE0NjMxNzAsImV4cCI6MTYzMTQ2NDk3MCwiaWF0IjoxNjMxNDYzMTcwfQ.AOFQeyk6Q8XGVeJjG_kLgUGEemYyUOwFonK97QYiZ_nIsEs45nPKvzCJrUYbcwcHVgx9Uz1icl1jXTEwh4-34w','2021-09-12 18:42:50','PostmanRuntime/7.28.4',NULL,'46e7925e-13e4-11ec-a474-d8bbc10f2ae0','2021-09-12 19:12:50','2021-09-12 16:12:50',1,NULL,0,NULL,NULL),('4a24b8c3-ab59-11eb-9ca7-309c2364fdb6','6c7d07e0-a5b5-11eb-bac0-309c2364fdb6',NULL,'::1',54138,NULL,'::1',5001,'eyJhbGciOiJIUzUxMiIsInR5cCI6IkpXVCJ9.eyJpZCI6IjZjN2QwN2UwLWE1YjUtMTFlYi1iYWMwLTMwOWMyMzY0ZmRiNiIsInVzZXIiOiJ0ZXN0IiwidXNlcl90eXBlX2lkIjoiNzMzZmQwOWMtYTViNS0xMWViLWJhYzAtMzA5YzIzNjRmZGI2IiwiZW1haWwiOiJ0ZXN0IiwibmJmIjoxNjE5OTY4NTU0LCJleHAiOjE2MTk5NzAzNTQsImlhdCI6MTYxOTk2ODU1NH0.AcVVEPMeBLn5E-aVFcY3_OdkukWyFm7I76vtGXxnFPilx5UgpX0UX2GRQXGW8rwDgILifoZqqKvO3qCFmeH1pg','2021-05-02 17:45:55','PostmanRuntime/7.26.8','2021-05-02 18:02:03','4a2497a9-ab59-11eb-9ca7-309c2364fdb6','2021-05-02 18:15:55','2021-05-02 15:15:54',1,NULL,0,NULL,'2021-05-27 11:48:28'),('4a64e01d-2def-11ec-ba94-d8bbc10f2ae0','6c7d07e0-a5b5-11eb-bac0-309c2364fdb6','localhost',NULL,17433,'localhost',NULL,5001,'eyJhbGciOiJIUzUxMiIsInR5cCI6IkpXVCJ9.eyJ1dWlkIjoiNmM3ZDA3ZTAtYTViNS0xMWViLWJhYzAtMzA5YzIzNjRmZGI2IiwidXNlciI6InRlc3QiLCJ1c2VyX3R5cGVfaWQiOiI3MzQwNDI1ZS1hNWI1LTExZWItYmFjMC0zMDljMjM2NGZkYjYiLCJpc19hZG0iOiJGYWxzZSIsImVtYWlsIjoiZGNkOGFjMzktYmZhMi0xMWViLWExMWYtMzA5YzIzNjRmZGI2IiwiYXBpX2FjY2Vzc19ncmFudCI6IlRydWUiLCJuYmYiOjE2MzQzMjY2MzAsImV4cCI6MTYzNDMyODQzMCwiaWF0IjoxNjM0MzI2NjMwfQ.zFKWtXU70Vk69QUP4rv-pnGl9U5oMwmehk3-EqVt225H8pRB1IwUV_KdPWsXEp6BhaHZRWTxpXKr8Xi0EqmhNQ','2021-10-15 22:07:11','Mozilla/5.0 (Windows NT 10.0; Win64; x64; rv:93.0) Gecko/20100101 Firefox/93.0',NULL,'4a64829a-2def-11ec-ba94-d8bbc10f2ae0','2021-10-15 22:37:11','2021-10-15 19:37:11',1,NULL,0,NULL,NULL),('4a7a9ef5-b435-11eb-9ebc-309c2364fdb6','6c7d07e0-a5b5-11eb-bac0-309c2364fdb6',NULL,'::1',52485,NULL,'::1',5001,'eyJhbGciOiJIUzUxMiIsInR5cCI6IkpXVCJ9.eyJpZCI6IjZjN2QwN2UwLWE1YjUtMTFlYi1iYWMwLTMwOWMyMzY0ZmRiNiIsInVzZXIiOiJ0ZXN0IiwidXNlcl90eXBlX2lkIjoiNzMzZmQwOWMtYTViNS0xMWViLWJhYzAtMzA5YzIzNjRmZGI2IiwiZW1haWwiOiJ0ZXN0IiwiYXBpX2FjY2Vzc19ncmFudCI6IlRydWUiLCJuYmYiOjE2MjA5NDI2NTMsImV4cCI6MTYyMDk0NDQ1MywiaWF0IjoxNjIwOTQyNjUzfQ.L9Lz5bCT0vVUx7UWd53YvWnvMPBRgI09BV1SwOA9nIRad4wg7UxakHR8HBp2LAfVpaNLzbE71NLPWwzkXb3HeQ','2021-05-14 00:20:54','PostmanRuntime/7.26.8',NULL,'4a769599-b435-11eb-9ebc-309c2364fdb6','2021-05-14 00:50:54','2021-05-13 21:50:54',1,NULL,0,NULL,'2021-05-27 11:48:28'),('4b10f1bd-b05d-11eb-bbf1-309c2364fdb6','6c7d07e0-a5b5-11eb-bac0-309c2364fdb6',NULL,'::1',57582,NULL,'::1',5001,'eyJhbGciOiJIUzUxMiIsInR5cCI6IkpXVCJ9.eyJpZCI6IjZjN2QwN2UwLWE1YjUtMTFlYi1iYWMwLTMwOWMyMzY0ZmRiNiIsInVzZXIiOiJ0ZXN0IiwidXNlcl90eXBlX2lkIjoiNzMzZmQwOWMtYTViNS0xMWViLWJhYzAtMzA5YzIzNjRmZGI2IiwiZW1haWwiOiJ0ZXN0IiwibmJmIjoxNjIwNTIwMDMwLCJleHAiOjE2MjA1MjE4MzAsImlhdCI6MTYyMDUyMDAzMH0.ROm2YQl27Ok7ukdETXw2vrRafGL4r3dmCl4eNjn9BwUaABTyVNIV97bMyXVvTxggyKEYUzHnyzKjDYf6PwObcw','2021-05-09 02:57:10','PostmanRuntime/7.26.8',NULL,'4b0ee779-b05d-11eb-bbf1-309c2364fdb6','2021-05-09 03:27:10','2021-05-09 00:27:10',1,NULL,0,NULL,'2021-05-27 11:48:28'),('4c0a0c01-b3e3-11eb-85a2-309c2364fdb6','6c7d07e0-a5b5-11eb-bac0-309c2364fdb6',NULL,'::1',59064,NULL,'::1',5001,'eyJhbGciOiJIUzUxMiIsInR5cCI6IkpXVCJ9.eyJpZCI6IjZjN2QwN2UwLWE1YjUtMTFlYi1iYWMwLTMwOWMyMzY0ZmRiNiIsInVzZXIiOiJ0ZXN0IiwidXNlcl90eXBlX2lkIjoiNzMzZmQwOWMtYTViNS0xMWViLWJhYzAtMzA5YzIzNjRmZGI2IiwiZW1haWwiOiJ0ZXN0IiwiYXBpX2FjY2Vzc19ncmFudCI6IlRydWUiLCJuYmYiOjE2MjA5MDc0MzcsImV4cCI6MTYyMDkwOTIzNywiaWF0IjoxNjIwOTA3NDM3fQ.SMUn4otv2iryJo1oJXHkFVX159yggrjxkVMR-JTrn818lzohFlZZtNaFZ52a33hBH0Qzx0JJg6JJfXoENMKBYg','2021-05-13 14:33:58','PostmanRuntime/7.26.8',NULL,'4c07a4c3-b3e3-11eb-85a2-309c2364fdb6','2021-05-13 15:03:58','2021-05-13 12:03:57',1,NULL,0,NULL,'2021-05-27 11:48:28'),('4cabc20e-2dd6-11ec-ba94-d8bbc10f2ae0','6c7d07e0-a5b5-11eb-bac0-309c2364fdb6','localhost',NULL,10306,'localhost',NULL,5001,'eyJhbGciOiJIUzUxMiIsInR5cCI6IkpXVCJ9.eyJ1dWlkIjoiNmM3ZDA3ZTAtYTViNS0xMWViLWJhYzAtMzA5YzIzNjRmZGI2IiwidXNlciI6InRlc3QiLCJ1c2VyX3R5cGVfaWQiOiI3MzQwNDI1ZS1hNWI1LTExZWItYmFjMC0zMDljMjM2NGZkYjYiLCJpc19hZG0iOiJGYWxzZSIsImVtYWlsIjoiZGNkOGFjMzktYmZhMi0xMWViLWExMWYtMzA5YzIzNjRmZGI2IiwiYXBpX2FjY2Vzc19ncmFudCI6IlRydWUiLCJuYmYiOjE2MzQzMTU4OTcsImV4cCI6MTYzNDMxNzY5NywiaWF0IjoxNjM0MzE1ODk3fQ.p3KtfLdm3Rg2WaZ1QQyY4eWNr5aOBEzrRb54NsuBgD4SBSmC1aV1_0arMzBhkbt4MiK13jppuoTmDHKhwyLizQ','2021-10-15 19:08:17','Mozilla/5.0 (Windows NT 10.0; Win64; x64; rv:93.0) Gecko/20100101 Firefox/93.0',NULL,'4cab9834-2dd6-11ec-ba94-d8bbc10f2ae0','2021-10-15 19:38:17','2021-10-15 16:38:17',1,NULL,0,NULL,NULL),('4cbd6e89-be46-11eb-a1b6-309c2364fdb6','6c7d07e0-a5b5-11eb-bac0-309c2364fdb6',NULL,'::1',58898,NULL,'::1',5001,'eyJhbGciOiJIUzUxMiIsInR5cCI6IkpXVCJ9.eyJpZCI6IjZjN2QwN2UwLWE1YjUtMTFlYi1iYWMwLTMwOWMyMzY0ZmRiNiIsInVzZXIiOiJ0ZXN0IiwidXNlcl90eXBlX2lkIjoiNzMzZmQwOWMtYTViNS0xMWViLWJhYzAtMzA5YzIzNjRmZGI2IiwiZW1haWwiOiJ0ZXN0IiwiYXBpX2FjY2Vzc19ncmFudCI6IlRydWUiLCJuYmYiOjE2MjIwNDk0NzAsImV4cCI6MTYyMjA1MTI3MCwiaWF0IjoxNjIyMDQ5NDcwfQ.Ae9N6-3MUk5PcE56L_uiE8EQK0n6Rl8Hd_1RohQEsVgIA8cDdCZcSusO4M1_P9ul4_nB0w31vbXOZiU0O9m3hw','2021-05-26 19:47:51','PostmanRuntime/7.26.8',NULL,'4cbb39db-be46-11eb-a1b6-309c2364fdb6','2021-05-26 20:17:51','2021-05-26 17:17:50',1,NULL,0,NULL,NULL),('4dcaa9ce-bcb3-11eb-a1d6-309c2364fdb6','6c7d07e0-a5b5-11eb-bac0-309c2364fdb6','localhost',NULL,36285,'localhost',NULL,5001,'eyJhbGciOiJIUzUxMiIsInR5cCI6IkpXVCJ9.eyJpZCI6IjZjN2QwN2UwLWE1YjUtMTFlYi1iYWMwLTMwOWMyMzY0ZmRiNiIsInVzZXIiOiJ0ZXN0IiwidXNlcl90eXBlX2lkIjoiNzMzZmQwOWMtYTViNS0xMWViLWJhYzAtMzA5YzIzNjRmZGI2IiwiZW1haWwiOiJ0ZXN0IiwiYXBpX2FjY2Vzc19ncmFudCI6IlRydWUiLCJuYmYiOjE2MjE4NzYzODUsImV4cCI6MTYyMTg3ODE4NSwiaWF0IjoxNjIxODc2Mzg1fQ.BZpSaG987_aFVz-gEn34a2svUtZuxehWeEVFRVLp53ayWO5_IkHMGkfuMSDhuZoFCz37cVNfmEhKtswhfRzhVQ','2021-05-24 19:43:06','Mozilla/5.0 (Windows NT 10.0; Win64; x64; rv:87.0) Gecko/20100101 Firefox/87.0',NULL,'4dc8a721-bcb3-11eb-a1d6-309c2364fdb6','2021-05-24 20:13:06','2021-05-24 17:13:05',1,NULL,0,NULL,NULL),('4f118e5b-b0a8-11eb-bbf1-309c2364fdb6','6c7d07e0-a5b5-11eb-bac0-309c2364fdb6',NULL,'::1',58999,NULL,'::1',5001,'eyJhbGciOiJIUzUxMiIsInR5cCI6IkpXVCJ9.eyJpZCI6IjZjN2QwN2UwLWE1YjUtMTFlYi1iYWMwLTMwOWMyMzY0ZmRiNiIsInVzZXIiOiJ0ZXN0IiwidXNlcl90eXBlX2lkIjoiNzMzZmQwOWMtYTViNS0xMWViLWJhYzAtMzA5YzIzNjRmZGI2IiwiZW1haWwiOiJ0ZXN0IiwibmJmIjoxNjIwNTUyMjQ5LCJleHAiOjE2MjA1NTQwNDksImlhdCI6MTYyMDU1MjI0OX0.k1M5xtrPo1_CKOILjora0Pk4p5F-PIHMjfH-Gg1Lkp4NJSXxY3KMMcf31ngc91DZwIpcqDiLl5TLP4njZIMTfQ','2021-05-09 11:54:09','PostmanRuntime/7.26.8',NULL,'4f0f7ee2-b0a8-11eb-bbf1-309c2364fdb6','2021-05-09 12:24:09','2021-05-09 09:24:09',1,NULL,0,NULL,'2021-05-27 11:48:28'),('4f386a00-a79e-11eb-9f55-309c2364fdb6','6c7d07e0-a5b5-11eb-bac0-309c2364fdb6',NULL,'::1',52136,NULL,'::1',5001,'eyJhbGciOiJIUzUxMiIsInR5cCI6IkpXVCJ9.eyJpZCI6IjZjN2QwN2UwLWE1YjUtMTFlYi1iYWMwLTMwOWMyMzY0ZmRiNiIsInVzZXIiOiJ0ZXN0IiwidXNlcl90eXBlX2lkIjoiNzMzZmQwOWMtYTViNS0xMWViLWJhYzAtMzA5YzIzNjRmZGI2IiwiZW1haWwiOiJ0ZXN0IiwibmJmIjoxNjE5NTU4MzkyLCJleHAiOjE2MTk1NjAxOTEsImlhdCI6MTYxOTU1ODM5Mn0.M_DxFnKXmpipoD2HUdAYtfoD-jObD7X8sb7hJHObti79nfBbtDMLVSzUCf6XczJpDjK17a_Cl9rqAgV_2REHkQ','2021-04-27 23:49:51','PostmanRuntime/7.26.8','2021-04-27 23:52:05','4f375d94-a79e-11eb-9f55-309c2364fdb6','2021-04-28 00:19:51','2021-04-27 21:19:54',1,NULL,0,NULL,'2021-05-27 11:48:28'),('502ea4ee-4fd9-11ec-a1a1-d8bbc10f2ae0','d0f751a8-3425-11ec-b696-d8bbc10f2ae0','localhost',NULL,1093,'localhost',NULL,5001,'eyJhbGciOiJIUzUxMiIsInR5cCI6IkpXVCJ9.eyJ1dWlkIjoiZDBmNzUxYTgtMzQyNS0xMWVjLWI2OTYtZDhiYmMxMGYyYWUwIiwidXNlciI6Im1pa2Etcm9vc0B3ZWIuZGUiLCJ1c2VyX3R5cGVfaWQiOiIwZTEyNDRmOC0xY2EzLTExZWMtYTRhNC1kOGJiYzEwZjJhZTAiLCJpc19hZG0iOiJUcnVlIiwiZW1haWwiOiJkMGViOTVkMi0zNDI1LTExZWMtYjY5Ni1kOGJiYzEwZjJhZTAiLCJhcGlfYWNjZXNzX2dyYW50IjoiVHJ1ZSIsIm5iZiI6MTYzODA1NTUzMSwiZXhwIjoxNjM4MDU3MzMxLCJpYXQiOjE2MzgwNTU1MzF9.petZZdlp50Db0r_LLHY5NM27ZaMC0rTvyBpUEb39kZ2ZR1I49yuiNzsffxj41Rs8GKiv0O-Q49Vje3jidUWyAQ','2021-11-28 00:55:31','Mozilla/5.0 (Windows NT 10.0; Win64; x64; rv:94.0) Gecko/20100101 Firefox/94.0',NULL,'502e47e6-4fd9-11ec-a1a1-d8bbc10f2ae0','2021-11-28 01:25:31','2021-11-27 23:25:31',1,NULL,0,NULL,NULL),('51d8d69f-b3ec-11eb-85a2-309c2364fdb6','6c7d07e0-a5b5-11eb-bac0-309c2364fdb6',NULL,'::1',59339,NULL,'::1',5001,'eyJhbGciOiJIUzUxMiIsInR5cCI6IkpXVCJ9.eyJpZCI6IjZjN2QwN2UwLWE1YjUtMTFlYi1iYWMwLTMwOWMyMzY0ZmRiNiIsInVzZXIiOiJ0ZXN0IiwidXNlcl90eXBlX2lkIjoiNzMzZmQwOWMtYTViNS0xMWViLWJhYzAtMzA5YzIzNjRmZGI2IiwiZW1haWwiOiJ0ZXN0IiwiYXBpX2FjY2Vzc19ncmFudCI6IlRydWUiLCJuYmYiOjE2MjA5MTEzMTMsImV4cCI6MTYyMDkxMzExMywiaWF0IjoxNjIwOTExMzEzfQ.3tFuPn9Yk4yqyiS9aaOBIOTkLYIXYPOKnCWfPLbP4MQHCSypBK48n1E8j-mBo7hj9PcNt-DHqRO_J03dJrkL-w','2021-05-13 15:38:33','PostmanRuntime/7.26.8',NULL,'51d6a5b7-b3ec-11eb-85a2-309c2364fdb6','2021-05-13 16:08:33','2021-05-13 13:08:33',1,NULL,0,NULL,'2021-05-27 11:48:28'),('521950f0-b04a-11eb-bbf1-309c2364fdb6','6c7d07e0-a5b5-11eb-bac0-309c2364fdb6',NULL,'::1',55986,NULL,'::1',5001,'eyJhbGciOiJIUzUxMiIsInR5cCI6IkpXVCJ9.eyJpZCI6IjZjN2QwN2UwLWE1YjUtMTFlYi1iYWMwLTMwOWMyMzY0ZmRiNiIsInVzZXIiOiJ0ZXN0IiwidXNlcl90eXBlX2lkIjoiNzMzZmQwOWMtYTViNS0xMWViLWJhYzAtMzA5YzIzNjRmZGI2IiwiZW1haWwiOiJ0ZXN0IiwibmJmIjoxNjIwNTExODgxLCJleHAiOjE2MjA1MTM2ODEsImlhdCI6MTYyMDUxMTg4MX0.JoXgiO6LKjaM8Eu92cI8MgPSrjU4DuuRHiTxvQYXr24Rl4Xlc3cMOaa_y5sawulNVq12vVKevT8F7R6xuUn4oA','2021-05-09 00:41:22','PostmanRuntime/7.26.8',NULL,'52176490-b04a-11eb-bbf1-309c2364fdb6','2021-05-09 01:11:22','2021-05-08 22:11:21',1,NULL,0,NULL,'2021-05-27 11:48:28'),('53966021-54f1-11ec-a899-d8bbc10f2ae0','f8708bc4-1ca5-11ec-a4a4-d8bbc10f2ae0',NULL,'::1',50365,NULL,'::1',5001,'eyJhbGciOiJIUzUxMiIsInR5cCI6IkpXVCJ9.eyJ1dWlkIjoiZjg3MDhiYzQtMWNhNS0xMWVjLWE0YTQtZDhiYmMxMGYyYWUwIiwidXNlciI6InJvb3QiLCJ1c2VyX3R5cGVfaWQiOiIwZTEyNDRmOC0xY2EzLTExZWMtYTRhNC1kOGJiYzEwZjJhZTAiLCJpc19hZG0iOiJUcnVlIiwiZW1haWwiOiJlZGYwNDk2Mi0xY2E1LTExZWMtYTRhNC1kOGJiYzEwZjJhZTAiLCJhcGlfYWNjZXNzX2dyYW50IjoiVHJ1ZSIsIm5iZiI6MTYzODYxNTYwMCwiZXhwIjoxNjM4NjE3NDAwLCJpYXQiOjE2Mzg2MTU2MDB9.fgzA3dYB78p7DTGU01336dqTMWtAsDD9ijzZ4fEFY3ZqPbM1H2utzkgzUrDjPPUhJkh6KgW_GIDwBeoXAk7EYA','2021-12-04 12:30:01','PostmanRuntime/7.28.4',NULL,'53962bdf-54f1-11ec-a899-d8bbc10f2ae0','2021-12-04 13:00:01','2021-12-04 11:00:00',1,NULL,0,NULL,NULL),('54228e51-f1fa-11eb-ad62-309c2364fdb6','6c7d07e0-a5b5-11eb-bac0-309c2364fdb6',NULL,'::1',51207,NULL,'::1',5001,'eyJhbGciOiJIUzUxMiIsInR5cCI6IkpXVCJ9.eyJ1dWlkIjoiNmM3ZDA3ZTAtYTViNS0xMWViLWJhYzAtMzA5YzIzNjRmZGI2IiwidXNlciI6InRlc3QiLCJ1c2VyX3R5cGVfaWQiOiI3MzQwNDI1ZS1hNWI1LTExZWItYmFjMC0zMDljMjM2NGZkYjYiLCJpc19hZG0iOiJGYWxzZSIsImVtYWlsIjoiZGNkOGFjMzktYmZhMi0xMWViLWExMWYtMzA5YzIzNjRmZGI2IiwiYXBpX2FjY2Vzc19ncmFudCI6IlRydWUiLCJuYmYiOjE2Mjc3MzQzMDEsImV4cCI6MTYyNzczNjEwMSwiaWF0IjoxNjI3NzM0MzAxfQ.z6wL-YOeqvDn2hirf-k4Hf7N87rTo5M_C0FApoNWgx7ujqxqgiYNiminIi2TDofCeJCtNu0wdamSIRlHJdwIVg','2021-07-31 14:55:02','PostmanRuntime/7.26.8',NULL,'541cd6b0-f1fa-11eb-ad62-309c2364fdb6','2021-07-31 15:25:02','2021-07-31 12:25:02',1,NULL,0,NULL,NULL),('547fe5d8-2ba3-11ec-a833-d8bbc10f2ae0','6c7d07e0-a5b5-11eb-bac0-309c2364fdb6','localhost',NULL,1136,'localhost',NULL,5001,'eyJhbGciOiJIUzUxMiIsInR5cCI6IkpXVCJ9.eyJ1dWlkIjoiNmM3ZDA3ZTAtYTViNS0xMWViLWJhYzAtMzA5YzIzNjRmZGI2IiwidXNlciI6InRlc3QiLCJ1c2VyX3R5cGVfaWQiOiI3MzQwNDI1ZS1hNWI1LTExZWItYmFjMC0zMDljMjM2NGZkYjYiLCJpc19hZG0iOiJGYWxzZSIsImVtYWlsIjoiZGNkOGFjMzktYmZhMi0xMWViLWExMWYtMzA5YzIzNjRmZGI2IiwiYXBpX2FjY2Vzc19ncmFudCI6IlRydWUiLCJuYmYiOjE2MzQwNzQxMDMsImV4cCI6MTYzNDA3NTkwMywiaWF0IjoxNjM0MDc0MTAzfQ.bgx6gBX9QNENwztrTtcqnZUjx1tdFdAE6tt3G5jSC-KSyyKi3yQhK9sg8jJaoo4mKN4ScH6LnNtS_iMhm8lzmQ','2021-10-12 23:58:24','Mozilla/5.0 (Windows NT 10.0; Win64; x64; rv:93.0) Gecko/20100101 Firefox/93.0',NULL,'547fc2a8-2ba3-11ec-a833-d8bbc10f2ae0','2021-10-13 00:28:24','2021-10-12 21:28:23',1,NULL,0,NULL,NULL),('5b613e24-f69f-11eb-8281-309c2364fdb6','6c7d07e0-a5b5-11eb-bac0-309c2364fdb6',NULL,'::1',50343,NULL,'::1',5001,'eyJhbGciOiJIUzUxMiIsInR5cCI6IkpXVCJ9.eyJ1dWlkIjoiNmM3ZDA3ZTAtYTViNS0xMWViLWJhYzAtMzA5YzIzNjRmZGI2IiwidXNlciI6InRlc3QiLCJ1c2VyX3R5cGVfaWQiOiI3MzQwNDI1ZS1hNWI1LTExZWItYmFjMC0zMDljMjM2NGZkYjYiLCJpc19hZG0iOiJGYWxzZSIsImVtYWlsIjoiZGNkOGFjMzktYmZhMi0xMWViLWExMWYtMzA5YzIzNjRmZGI2IiwiYXBpX2FjY2Vzc19ncmFudCI6IlRydWUiLCJuYmYiOjE2MjgyNDQ5ODUsImV4cCI6MTYyODI0Njc4NSwiaWF0IjoxNjI4MjQ0OTg1fQ.bt-jqaX17jSbOBimG1ut4JRfwlngKTrCA7L4mrMIL9alDPM0lT20oEP1v-h2ZoZqQ9t2ppLGNyw1Lg6Kn3tFbg','2021-08-06 12:46:25','PostmanRuntime/7.28.2',NULL,'5b55fbd8-f69f-11eb-8281-309c2364fdb6','2021-08-06 13:16:25','2021-08-06 10:16:25',1,NULL,0,NULL,NULL),('5bc6f067-13f3-11ec-a474-d8bbc10f2ae0','6c7d07e0-a5b5-11eb-bac0-309c2364fdb6',NULL,'::1',20211,NULL,'::1',5001,'eyJhbGciOiJIUzUxMiIsInR5cCI6IkpXVCJ9.eyJ1dWlkIjoiNmM3ZDA3ZTAtYTViNS0xMWViLWJhYzAtMzA5YzIzNjRmZGI2IiwidXNlciI6InRlc3QiLCJ1c2VyX3R5cGVfaWQiOiI3MzQwNDI1ZS1hNWI1LTExZWItYmFjMC0zMDljMjM2NGZkYjYiLCJpc19hZG0iOiJGYWxzZSIsImVtYWlsIjoiZGNkOGFjMzktYmZhMi0xMWViLWExMWYtMzA5YzIzNjRmZGI2IiwiYXBpX2FjY2Vzc19ncmFudCI6IlRydWUiLCJuYmYiOjE2MzE0Njk2NDcsImV4cCI6MTYzMTQ3MTQ0NywiaWF0IjoxNjMxNDY5NjQ3fQ.gLJG7XABkZLs8PO_4PTRc5OJMqLrnkHzKNvMWcEHxGMIWy6M-Or0yHAXnyVKw3qyd3t7Gv4QwenSFKi5I68nsA','2021-09-12 20:30:48','PostmanRuntime/7.28.4',NULL,'5bc0b9bb-13f3-11ec-a474-d8bbc10f2ae0','2021-09-12 21:00:48','2021-09-12 18:00:47',1,NULL,0,NULL,NULL),('5f374d01-b3e2-11eb-85a2-309c2364fdb6','6c7d07e0-a5b5-11eb-bac0-309c2364fdb6',NULL,'::1',58983,NULL,'::1',5001,'eyJhbGciOiJIUzUxMiIsInR5cCI6IkpXVCJ9.eyJpZCI6IjZjN2QwN2UwLWE1YjUtMTFlYi1iYWMwLTMwOWMyMzY0ZmRiNiIsInVzZXIiOiJ0ZXN0IiwidXNlcl90eXBlX2lkIjoiNzMzZmQwOWMtYTViNS0xMWViLWJhYzAtMzA5YzIzNjRmZGI2IiwiZW1haWwiOiJ0ZXN0IiwiYXBpX2FjY2Vzc19ncmFudCI6IlRydWUiLCJuYmYiOjE2MjA5MDcwNDAsImV4cCI6MTYyMDkwODg0MCwiaWF0IjoxNjIwOTA3MDQwfQ.zNPJCoXGh1OozgprZ36L0HzaRuHVeBzTIINieCkrnq0sggTIZCp0k3UQlawXoVTpg16_-TAfjPpfqe10lqPTtw','2021-05-13 14:27:20','PostmanRuntime/7.26.8',NULL,'5f33305e-b3e2-11eb-85a2-309c2364fdb6','2021-05-13 14:57:20','2021-05-13 11:57:20',1,NULL,0,NULL,'2021-05-27 11:48:28'),('5fcb4a69-be64-11eb-9f54-842afd097283','6c7d07e0-a5b5-11eb-bac0-309c2364fdb6',NULL,'::1',1052,NULL,'::1',5001,'eyJhbGciOiJIUzUxMiIsInR5cCI6IkpXVCJ9.eyJ1dWlkIjoiNmM3ZDA3ZTAtYTViNS0xMWViLWJhYzAtMzA5YzIzNjRmZGI2IiwidXNlciI6InRlc3QiLCJ1c2VyX3R5cGVfaWQiOiI3MzNmZDA5Yy1hNWI1LTExZWItYmFjMC0zMDljMjM2NGZkYjYiLCJpc19hZG0iOiJUcnVlIiwiZW1haWwiOiJ0ZXN0IiwiYXBpX2FjY2Vzc19ncmFudCI6IlRydWUiLCJuYmYiOjE2MjIwNjIzODcsImV4cCI6MTYyMjA2NDE4NywiaWF0IjoxNjIyMDYyMzg3fQ.h_NNJBosQ6KDRVqETDmIic6aj29v1bZrjbGAkSzCjruQpVKTK8rtz8kLkvwztik_sqvEL5wPOkguL3E7a0yg9g','2021-05-26 23:23:08','PostmanRuntime/7.26.8',NULL,'5fc6d3b2-be64-11eb-9f54-842afd097283','2021-05-26 23:53:08','2021-05-26 20:53:07',1,NULL,0,NULL,NULL),('61054a2b-ab6f-11eb-9ca7-309c2364fdb6','6c7d07e0-a5b5-11eb-bac0-309c2364fdb6',NULL,'::1',55348,NULL,'::1',5001,'eyJhbGciOiJIUzUxMiIsInR5cCI6IkpXVCJ9.eyJpZCI6IjZjN2QwN2UwLWE1YjUtMTFlYi1iYWMwLTMwOWMyMzY0ZmRiNiIsInVzZXIiOiJ0ZXN0IiwidXNlcl90eXBlX2lkIjoiNzMzZmQwOWMtYTViNS0xMWViLWJhYzAtMzA5YzIzNjRmZGI2IiwiZW1haWwiOiJ0ZXN0IiwibmJmIjoxNjE5OTc4MDQyLCJleHAiOjE2MTk5Nzk4NDIsImlhdCI6MTYxOTk3ODA0Mn0.0LLU956OiYXca2SjxR8GvvolkVzZfUNDArF6X0-86-gsj4oSR6OXkeAGO_Rto2KhN7F4hbdVpgpoxQkLl7-q3A','2021-05-02 20:24:02','PostmanRuntime/7.26.8',NULL,'6104986e-ab6f-11eb-9ca7-309c2364fdb6','2021-05-02 20:54:02','2021-05-02 17:54:02',1,NULL,0,NULL,'2021-05-27 11:48:28'),('61c0e973-449b-11ec-915f-d8bbc10f2ae0','d0f751a8-3425-11ec-b696-d8bbc10f2ae0','localhost',NULL,1551,'localhost',NULL,5001,'eyJhbGciOiJIUzUxMiIsInR5cCI6IkpXVCJ9.eyJ1dWlkIjoiZDBmNzUxYTgtMzQyNS0xMWVjLWI2OTYtZDhiYmMxMGYyYWUwIiwidXNlciI6Im1pa2Etcm9vc0B3ZWIuZGUiLCJ1c2VyX3R5cGVfaWQiOiIwZTEyNDRmOC0xY2EzLTExZWMtYTRhNC1kOGJiYzEwZjJhZTAiLCJpc19hZG0iOiJUcnVlIiwiZW1haWwiOiJkMGViOTVkMi0zNDI1LTExZWMtYjY5Ni1kOGJiYzEwZjJhZTAiLCJhcGlfYWNjZXNzX2dyYW50IjoiRmFsc2UiLCJuYmYiOjE2MzY4MTk0NjksImV4cCI6MTYzNjgyMTI2OSwiaWF0IjoxNjM2ODE5NDY5fQ.h0S4q8fHrbP7QHqjF6ZsdcXbd1vkCMVrsov5RRzQzPPK5K-CULdr8SuAjUL4ypO-FvRqZw8Tnw7lHbkNlJDR4A','2021-11-13 17:34:29','Mozilla/5.0 (Windows NT 10.0; Win64; x64; rv:94.0) Gecko/20100101 Firefox/94.0',NULL,'61c08323-449b-11ec-915f-d8bbc10f2ae0','2021-11-13 18:04:29','2021-11-13 16:04:29',1,NULL,0,NULL,NULL),('621549c7-5042-11ec-9b15-d8bbc10f2ae0','d0f751a8-3425-11ec-b696-d8bbc10f2ae0','localhost',NULL,1112,'localhost',NULL,5001,'eyJhbGciOiJIUzUxMiIsInR5cCI6IkpXVCJ9.eyJ1dWlkIjoiZDBmNzUxYTgtMzQyNS0xMWVjLWI2OTYtZDhiYmMxMGYyYWUwIiwidXNlciI6Im1pa2Etcm9vc0B3ZWIuZGUiLCJ1c2VyX3R5cGVfaWQiOiIwZTEyNDRmOC0xY2EzLTExZWMtYTRhNC1kOGJiYzEwZjJhZTAiLCJpc19hZG0iOiJUcnVlIiwiZW1haWwiOiJkMGViOTVkMi0zNDI1LTExZWMtYjY5Ni1kOGJiYzEwZjJhZTAiLCJhcGlfYWNjZXNzX2dyYW50IjoiVHJ1ZSIsIm5iZiI6MTYzODEwMDY1OCwiZXhwIjoxNjM4MTAyNDU4LCJpYXQiOjE2MzgxMDA2NTh9.L7n-J7WMt8b4i8Tq2lW1hbYJcMDV1HUiaTZSHdZBuw1U5wudPqvr15ICEKKHqAgi3i0wGf_4iLrkDpP1XrAvQw','2021-11-28 13:27:38','Mozilla/5.0 (Windows NT 10.0; Win64; x64; rv:94.0) Gecko/20100101 Firefox/94.0','2021-11-28 13:00:14','6214f370-5042-11ec-9b15-d8bbc10f2ae0','2021-11-28 13:57:38','2021-11-28 11:57:38',1,NULL,0,NULL,'2021-11-28 13:00:14'),('62599a1d-c90d-11eb-baca-309c2364fdb6','6c7d07e0-a5b5-11eb-bac0-309c2364fdb6',NULL,'::1',51865,NULL,'::1',5001,'eyJhbGciOiJIUzUxMiIsInR5cCI6IkpXVCJ9.eyJ1dWlkIjoiNmM3ZDA3ZTAtYTViNS0xMWViLWJhYzAtMzA5YzIzNjRmZGI2IiwidXNlciI6InRlc3QiLCJ1c2VyX3R5cGVfaWQiOiI3MzQwNDI1ZS1hNWI1LTExZWItYmFjMC0zMDljMjM2NGZkYjYiLCJpc19hZG0iOiJGYWxzZSIsImVtYWlsIjoiZGNkOGFjMzktYmZhMi0xMWViLWExMWYtMzA5YzIzNjRmZGI2IiwiYXBpX2FjY2Vzc19ncmFudCI6IlRydWUiLCJuYmYiOjE2MjMyMzQ0ODgsImV4cCI6MTYyMzIzNjI4OCwiaWF0IjoxNjIzMjM0NDg4fQ.iGxnrcX_d382_0hZx-Wt83EH4KeG2YUDUr5a7X_GXB4yjYHhAzavSo4DBG_jHetOnkg0Y73Usg0ZTcIgH9pzRQ','2021-06-09 12:58:08','PostmanRuntime/7.26.8',NULL,'62552bc9-c90d-11eb-baca-309c2364fdb6','2021-06-09 13:28:08','2021-06-09 10:28:08',1,NULL,0,NULL,NULL),('63ddcfc8-bcb3-11eb-a1d6-309c2364fdb6','6c7d07e0-a5b5-11eb-bac0-309c2364fdb6','localhost',NULL,36285,'localhost',NULL,5001,'eyJhbGciOiJIUzUxMiIsInR5cCI6IkpXVCJ9.eyJpZCI6IjZjN2QwN2UwLWE1YjUtMTFlYi1iYWMwLTMwOWMyMzY0ZmRiNiIsInVzZXIiOiJ0ZXN0IiwidXNlcl90eXBlX2lkIjoiNzMzZmQwOWMtYTViNS0xMWViLWJhYzAtMzA5YzIzNjRmZGI2IiwiZW1haWwiOiJ0ZXN0IiwiYXBpX2FjY2Vzc19ncmFudCI6IlRydWUiLCJuYmYiOjE2MjE4NzY0MjIsImV4cCI6MTYyMTg3ODIyMiwiaWF0IjoxNjIxODc2NDIyfQ.TXP8hiAcNBHDsXNxsPC38B4k8HHYcncUgXhh0BrpFIYIYEaaLRHJ6DRYJ7ZRzgb74DynxajIW0oEf-RJHO-E_A','2021-05-24 19:43:43','Mozilla/5.0 (Windows NT 10.0; Win64; x64; rv:87.0) Gecko/20100101 Firefox/87.0',NULL,'63db9182-bcb3-11eb-a1d6-309c2364fdb6','2021-05-24 20:13:43','2021-05-24 17:13:42',1,NULL,0,NULL,NULL),('640271cd-f601-11eb-b474-309c2364fdb6','6c7d07e0-a5b5-11eb-bac0-309c2364fdb6',NULL,'::1',3881,NULL,'::1',5001,'eyJhbGciOiJIUzUxMiIsInR5cCI6IkpXVCJ9.eyJ1dWlkIjoiNmM3ZDA3ZTAtYTViNS0xMWViLWJhYzAtMzA5YzIzNjRmZGI2IiwidXNlciI6InRlc3QiLCJ1c2VyX3R5cGVfaWQiOiI3MzQwNDI1ZS1hNWI1LTExZWItYmFjMC0zMDljMjM2NGZkYjYiLCJpc19hZG0iOiJGYWxzZSIsImVtYWlsIjoiZGNkOGFjMzktYmZhMi0xMWViLWExMWYtMzA5YzIzNjRmZGI2IiwiYXBpX2FjY2Vzc19ncmFudCI6IlRydWUiLCJuYmYiOjE2MjgxNzcxMzksImV4cCI6MTYyODE3ODkzOSwiaWF0IjoxNjI4MTc3MTM5fQ.plifjbSGBHJ-evTutn7S7y9ncGIExL1oqwlhMBrzcO7bcuvZw3PsqXKDbvKN-NEnYvDjjef2c1uKGDD7cYtoAg','2021-08-05 17:55:40','PostmanRuntime/7.28.2',NULL,'63fc69f9-f601-11eb-b474-309c2364fdb6','2021-08-05 18:25:40','2021-08-05 15:25:39',1,NULL,0,NULL,NULL),('6582f1b7-b3ea-11eb-85a2-309c2364fdb6','6c7d07e0-a5b5-11eb-bac0-309c2364fdb6',NULL,'::1',59235,NULL,'::1',5001,'eyJhbGciOiJIUzUxMiIsInR5cCI6IkpXVCJ9.eyJpZCI6IjZjN2QwN2UwLWE1YjUtMTFlYi1iYWMwLTMwOWMyMzY0ZmRiNiIsInVzZXIiOiJ0ZXN0IiwidXNlcl90eXBlX2lkIjoiNzMzZmQwOWMtYTViNS0xMWViLWJhYzAtMzA5YzIzNjRmZGI2IiwiZW1haWwiOiJ0ZXN0IiwiYXBpX2FjY2Vzc19ncmFudCI6IlRydWUiLCJuYmYiOjE2MjA5MTA0ODcsImV4cCI6MTYyMDkxMjI4NywiaWF0IjoxNjIwOTEwNDg3fQ.eCvtJtpfQF0b4sBP4QJD8NELStEdN5IzeASLh2WWDbaAtcoUdB7U-kpsCGYCtGWAedi3NFJalPuVlMzlaXyXhw','2021-05-13 15:24:47','PostmanRuntime/7.26.8',NULL,'657ff207-b3ea-11eb-85a2-309c2364fdb6','2021-05-13 15:54:47','2021-05-13 12:54:47',1,NULL,0,NULL,'2021-05-27 11:48:28'),('667c550e-be6d-11eb-9f54-842afd097283','6c7d07e0-a5b5-11eb-bac0-309c2364fdb6',NULL,'::1',1700,NULL,'::1',5001,'eyJhbGciOiJIUzUxMiIsInR5cCI6IkpXVCJ9.eyJ1dWlkIjoiNmM3ZDA3ZTAtYTViNS0xMWViLWJhYzAtMzA5YzIzNjRmZGI2IiwidXNlciI6InRlc3QiLCJ1c2VyX3R5cGVfaWQiOiI3MzQwNDI1ZS1hNWI1LTExZWItYmFjMC0zMDljMjM2NGZkYjYiLCJpc19hZG0iOiJGYWxzZSIsImVtYWlsIjoidGVzdCIsImFwaV9hY2Nlc3NfZ3JhbnQiOiJUcnVlIiwibmJmIjoxNjIyMDY2MjY0LCJleHAiOjE2MjIwNjgwNjQsImlhdCI6MTYyMjA2NjI2NH0.K_oBKaTyNWIHCvNaloyNuxOCSNonTQSl38-NmG-n_9xfdyKri8-QXsrjQFxU5sAuWDtDqACo4VvIcMUWSw03MQ','2021-05-27 00:27:44','PostmanRuntime/7.26.8',NULL,'6679bf20-be6d-11eb-9f54-842afd097283','2021-05-27 00:57:44','2021-05-26 21:57:44',1,NULL,0,NULL,NULL),('6688e134-2b99-11ec-a833-d8bbc10f2ae0','6c7d07e0-a5b5-11eb-bac0-309c2364fdb6',NULL,'::1',9014,NULL,'::1',5001,'eyJhbGciOiJIUzUxMiIsInR5cCI6IkpXVCJ9.eyJ1dWlkIjoiNmM3ZDA3ZTAtYTViNS0xMWViLWJhYzAtMzA5YzIzNjRmZGI2IiwidXNlciI6InRlc3QiLCJ1c2VyX3R5cGVfaWQiOiI3MzQwNDI1ZS1hNWI1LTExZWItYmFjMC0zMDljMjM2NGZkYjYiLCJpc19hZG0iOiJGYWxzZSIsImVtYWlsIjoiZGNkOGFjMzktYmZhMi0xMWViLWExMWYtMzA5YzIzNjRmZGI2IiwiYXBpX2FjY2Vzc19ncmFudCI6IlRydWUiLCJuYmYiOjE2MzQwNjk4MzksImV4cCI6MTYzNDA3MTYzOSwiaWF0IjoxNjM0MDY5ODM5fQ.pSmhX1vO_XcLUfP46HBsOt1YoA3VWFoPMVXpyuKCe92AP85Owq4cBgr8fKxsZYVLsfsFvRj5hiFr6vt7OqXBVA','2021-10-12 22:47:19','PostmanRuntime/7.28.4',NULL,'6688b6c6-2b99-11ec-a833-d8bbc10f2ae0','2021-10-12 23:17:19','2021-10-12 20:17:19',1,NULL,0,NULL,NULL),('680cf3b2-ceca-11eb-9af1-309c2364fdb6','6c7d07e0-a5b5-11eb-bac0-309c2364fdb6','localhost',NULL,3247,'localhost',NULL,5001,'eyJhbGciOiJIUzUxMiIsInR5cCI6IkpXVCJ9.eyJ1dWlkIjoiNmM3ZDA3ZTAtYTViNS0xMWViLWJhYzAtMzA5YzIzNjRmZGI2IiwidXNlciI6InRlc3QiLCJ1c2VyX3R5cGVfaWQiOiI3MzQwNDI1ZS1hNWI1LTExZWItYmFjMC0zMDljMjM2NGZkYjYiLCJpc19hZG0iOiJGYWxzZSIsImVtYWlsIjoiZGNkOGFjMzktYmZhMi0xMWViLWExMWYtMzA5YzIzNjRmZGI2IiwiYXBpX2FjY2Vzc19ncmFudCI6IlRydWUiLCJuYmYiOjE2MjM4NjU0MjgsImV4cCI6MTYyMzg2NzIyOCwiaWF0IjoxNjIzODY1NDI4fQ.VW95idW7Gm9WebSwktWx0Uh-RMJGqWnBY6O_yqMpfY77A6rSS3tCua5-XrobWtNbI-i3m7MNhqUriyOEQ0X2kg','2021-06-16 20:13:48','Mozilla/5.0 (Windows NT 10.0; Win64; x64; rv:88.0) Gecko/20100101 Firefox/88.0',NULL,'68098e5d-ceca-11eb-9af1-309c2364fdb6','2021-06-16 20:43:48','2021-06-16 17:43:48',1,NULL,0,NULL,NULL),('69f3d726-2b9a-11ec-a833-d8bbc10f2ae0','6c7d07e0-a5b5-11eb-bac0-309c2364fdb6',NULL,'::1',9014,NULL,'::1',5001,'eyJhbGciOiJIUzUxMiIsInR5cCI6IkpXVCJ9.eyJ1dWlkIjoiNmM3ZDA3ZTAtYTViNS0xMWViLWJhYzAtMzA5YzIzNjRmZGI2IiwidXNlciI6InRlc3QiLCJ1c2VyX3R5cGVfaWQiOiI3MzQwNDI1ZS1hNWI1LTExZWItYmFjMC0zMDljMjM2NGZkYjYiLCJpc19hZG0iOiJGYWxzZSIsImVtYWlsIjoiZGNkOGFjMzktYmZhMi0xMWViLWExMWYtMzA5YzIzNjRmZGI2IiwiYXBpX2FjY2Vzc19ncmFudCI6IlRydWUiLCJuYmYiOjE2MzQwNzAyNzQsImV4cCI6MTYzNDA3MjA3NCwiaWF0IjoxNjM0MDcwMjc0fQ.NTsayuP5JG7D_cAj9Lepq4849SS2Oc8bkQZPdEFWaglMXh7f1LYQ1udScuHml4sI1Xrz3amD9RsOuDyX-T2xSw','2021-10-12 22:54:34','PostmanRuntime/7.28.4',NULL,'69f3aced-2b9a-11ec-a833-d8bbc10f2ae0','2021-10-12 23:24:34','2021-10-12 20:24:34',1,NULL,0,NULL,NULL),('6b0df7a1-c926-11eb-baca-309c2364fdb6','6c7d07e0-a5b5-11eb-bac0-309c2364fdb6',NULL,'::1',53795,NULL,'::1',5001,'eyJhbGciOiJIUzUxMiIsInR5cCI6IkpXVCJ9.eyJ1dWlkIjoiNmM3ZDA3ZTAtYTViNS0xMWViLWJhYzAtMzA5YzIzNjRmZGI2IiwidXNlciI6InRlc3QiLCJ1c2VyX3R5cGVfaWQiOiI3MzQwNDI1ZS1hNWI1LTExZWItYmFjMC0zMDljMjM2NGZkYjYiLCJpc19hZG0iOiJGYWxzZSIsImVtYWlsIjoiZGNkOGFjMzktYmZhMi0xMWViLWExMWYtMzA5YzIzNjRmZGI2IiwiYXBpX2FjY2Vzc19ncmFudCI6IlRydWUiLCJuYmYiOjE2MjMyNDUyNDAsImV4cCI6MTYyMzI0NzA0MCwiaWF0IjoxNjIzMjQ1MjQwfQ.pM8H9UIB7LQzxvnps8vNpo-ST2RUPXsEyr8qHthdHSdXGuixI6vnFHeR6h9yzwBLTge7EGFVNwkFJzPif0_SgQ','2021-06-09 15:57:21','PostmanRuntime/7.26.8',NULL,'6b0b50aa-c926-11eb-baca-309c2364fdb6','2021-06-09 16:27:21','2021-06-09 13:27:20',1,NULL,0,NULL,NULL),('6b521669-bef2-11eb-8e36-309c2364fdb6','6c7d07e0-a5b5-11eb-bac0-309c2364fdb6',NULL,'::1',55780,NULL,'::1',5001,'eyJhbGciOiJIUzUxMiIsInR5cCI6IkpXVCJ9.eyJ1dWlkIjoiNmM3ZDA3ZTAtYTViNS0xMWViLWJhYzAtMzA5YzIzNjRmZGI2IiwidXNlciI6InRlc3QiLCJ1c2VyX3R5cGVfaWQiOiI3MzQwNDI1ZS1hNWI1LTExZWItYmFjMC0zMDljMjM2NGZkYjYiLCJpc19hZG0iOiJGYWxzZSIsImVtYWlsIjoidGVzdCIsImFwaV9hY2Nlc3NfZ3JhbnQiOiJUcnVlIiwibmJmIjoxNjIyMTIzMzk1LCJleHAiOjE2MjIxMjUxOTUsImlhdCI6MTYyMjEyMzM5NX0.vlOac6KO87wFEevcJ08G2v3WMSTwGPoVh1AclsTuEj9AWpupyPLKwwmEzv2BZgH5ts4h-1hEvtwwNik9Uam5gQ','2021-05-27 16:19:56','PostmanRuntime/7.26.8',NULL,'6b4de541-bef2-11eb-8e36-309c2364fdb6','2021-05-27 16:49:56','2021-05-27 13:49:55',1,NULL,0,NULL,NULL),('6c131afc-b3eb-11eb-85a2-309c2364fdb6','6c7d07e0-a5b5-11eb-bac0-309c2364fdb6',NULL,'::1',59271,NULL,'::1',5001,'eyJhbGciOiJIUzUxMiIsInR5cCI6IkpXVCJ9.eyJpZCI6IjZjN2QwN2UwLWE1YjUtMTFlYi1iYWMwLTMwOWMyMzY0ZmRiNiIsInVzZXIiOiJ0ZXN0IiwidXNlcl90eXBlX2lkIjoiNzMzZmQwOWMtYTViNS0xMWViLWJhYzAtMzA5YzIzNjRmZGI2IiwiZW1haWwiOiJ0ZXN0IiwiYXBpX2FjY2Vzc19ncmFudCI6IlRydWUiLCJuYmYiOjE2MjA5MTA5MjcsImV4cCI6MTYyMDkxMjcyNywiaWF0IjoxNjIwOTEwOTI3fQ.gHDwU5j48rDFUdBhSGFCT7TT61t_NmxC7RyJSv0BykecsKjZk5FcDbAG2NPSqv4jlEtNMReG7dELa4Z6jEGX6Q','2021-05-13 15:32:07','PostmanRuntime/7.26.8',NULL,'6c0edd57-b3eb-11eb-85a2-309c2364fdb6','2021-05-13 16:02:07','2021-05-13 13:02:07',1,NULL,0,NULL,'2021-05-27 11:48:28'),('6c2d0fa6-b436-11eb-9ebc-309c2364fdb6','6c7d07e0-a5b5-11eb-bac0-309c2364fdb6',NULL,'::1',52499,NULL,'::1',5001,'eyJhbGciOiJIUzUxMiIsInR5cCI6IkpXVCJ9.eyJpZCI6IjZjN2QwN2UwLWE1YjUtMTFlYi1iYWMwLTMwOWMyMzY0ZmRiNiIsInVzZXIiOiJ0ZXN0IiwidXNlcl90eXBlX2lkIjoiNzMzZmQwOWMtYTViNS0xMWViLWJhYzAtMzA5YzIzNjRmZGI2IiwiZW1haWwiOiJ0ZXN0IiwiYXBpX2FjY2Vzc19ncmFudCI6IlRydWUiLCJuYmYiOjE2MjA5NDMxMzksImV4cCI6MTYyMDk0NDkzOSwiaWF0IjoxNjIwOTQzMTM5fQ.0ml077O8du0dds5e9sZYqqn0r3bKKAIthf1g4VwCdwIuMSN3Feqmj4tIX7CytNISGcRxjhXyu0Z4b4xXEyIoVg','2021-05-14 00:29:00','PostmanRuntime/7.26.8',NULL,'6c2a8c4a-b436-11eb-9ebc-309c2364fdb6','2021-05-14 00:59:00','2021-05-13 21:59:00',1,NULL,0,NULL,'2021-05-27 11:48:28'),('6cf4995c-2ba0-11ec-a833-d8bbc10f2ae0','6c7d07e0-a5b5-11eb-bac0-309c2364fdb6',NULL,'::1',9014,NULL,'::1',5001,'eyJhbGciOiJIUzUxMiIsInR5cCI6IkpXVCJ9.eyJ1dWlkIjoiNmM3ZDA3ZTAtYTViNS0xMWViLWJhYzAtMzA5YzIzNjRmZGI2IiwidXNlciI6InRlc3QiLCJ1c2VyX3R5cGVfaWQiOiI3MzQwNDI1ZS1hNWI1LTExZWItYmFjMC0zMDljMjM2NGZkYjYiLCJpc19hZG0iOiJGYWxzZSIsImVtYWlsIjoiZGNkOGFjMzktYmZhMi0xMWViLWExMWYtMzA5YzIzNjRmZGI2IiwiYXBpX2FjY2Vzc19ncmFudCI6IlRydWUiLCJuYmYiOjE2MzQwNzI4NTYsImV4cCI6MTYzNDA3NDY1NiwiaWF0IjoxNjM0MDcyODU2fQ.3pX9xTP7UU7i0u2O3G0wXPvHb_ht6WuF0JZMN8f4abIQYSpgTpFCI1Xnaht9Dwp_28cEppcHaD2xgodo0VPqVQ','2021-10-12 23:37:36','PostmanRuntime/7.28.4',NULL,'6cf46b02-2ba0-11ec-a833-d8bbc10f2ae0','2021-10-13 00:07:36','2021-10-12 21:07:36',1,NULL,0,NULL,NULL),('6e0f8aed-fb55-11eb-9892-309c2364fdb6','6c7d07e0-a5b5-11eb-bac0-309c2364fdb6',NULL,'::1',7548,NULL,'::1',5001,'eyJhbGciOiJIUzUxMiIsInR5cCI6IkpXVCJ9.eyJ1dWlkIjoiNmM3ZDA3ZTAtYTViNS0xMWViLWJhYzAtMzA5YzIzNjRmZGI2IiwidXNlciI6InRlc3QiLCJ1c2VyX3R5cGVfaWQiOiI3MzQwNDI1ZS1hNWI1LTExZWItYmFjMC0zMDljMjM2NGZkYjYiLCJpc19hZG0iOiJGYWxzZSIsImVtYWlsIjoiZGNkOGFjMzktYmZhMi0xMWViLWExMWYtMzA5YzIzNjRmZGI2IiwiYXBpX2FjY2Vzc19ncmFudCI6IlRydWUiLCJuYmYiOjE2Mjg3NjI5ODksImV4cCI6MTYyODc2NDc4OCwiaWF0IjoxNjI4NzYyOTg5fQ.0fyD91AJY2SwqUajs4ZR_iyBsAHVSUyETbIj14iDnaXkvxvowlw6-La1f-QJA1eCQHo1r9f9ZGMZNDeKf5YA4w','2021-08-12 12:39:49','PostmanRuntime/7.28.3',NULL,'6e0a34fe-fb55-11eb-9892-309c2364fdb6','2021-08-12 13:09:49','2021-08-12 10:09:50',1,NULL,0,NULL,NULL),('704cacc2-3fe2-11ec-bc48-d8bbc10f2ae0','d0f751a8-3425-11ec-b696-d8bbc10f2ae0','localhost',NULL,1196,'localhost',NULL,5001,'eyJhbGciOiJIUzUxMiIsInR5cCI6IkpXVCJ9.eyJ1dWlkIjoiZDBmNzUxYTgtMzQyNS0xMWVjLWI2OTYtZDhiYmMxMGYyYWUwIiwidXNlciI6Im1pa2Etcm9vc0B3ZWIuZGUiLCJ1c2VyX3R5cGVfaWQiOiI3MzQwNDI1ZS1hNWI1LTExZWItYmFjMC0zMDljMjM2NGZkYjYiLCJpc19hZG0iOiJGYWxzZSIsImVtYWlsIjoiZDBlYjk1ZDItMzQyNS0xMWVjLWI2OTYtZDhiYmMxMGYyYWUwIiwiYXBpX2FjY2Vzc19ncmFudCI6IkZhbHNlIiwibmJmIjoxNjM2MzAwMjMxLCJleHAiOjE2MzYzMDIwMzEsImlhdCI6MTYzNjMwMDIzMX0.12c0EeReoWkuTRUstEIUkSNiwThCEKaJivqZwh2HUCqS1jpmPqpG_gdx7WsQnuECVKFEFXdvbb9mxh-cRwPeAA','2021-11-07 17:20:32','Mozilla/5.0 (Windows NT 10.0; Win64; x64; rv:94.0) Gecko/20100101 Firefox/94.0','2021-11-07 16:51:57','704c39a6-3fe2-11ec-bc48-d8bbc10f2ae0','2021-11-07 17:50:32','2021-11-07 15:50:32',1,NULL,0,NULL,'2021-11-07 16:51:57'),('7413455b-f69f-11eb-8281-309c2364fdb6','6c7d07e0-a5b5-11eb-bac0-309c2364fdb6',NULL,'::1',50343,NULL,'::1',5001,'eyJhbGciOiJIUzUxMiIsInR5cCI6IkpXVCJ9.eyJ1dWlkIjoiNmM3ZDA3ZTAtYTViNS0xMWViLWJhYzAtMzA5YzIzNjRmZGI2IiwidXNlciI6InRlc3QiLCJ1c2VyX3R5cGVfaWQiOiI3MzQwNDI1ZS1hNWI1LTExZWItYmFjMC0zMDljMjM2NGZkYjYiLCJpc19hZG0iOiJGYWxzZSIsImVtYWlsIjoiZGNkOGFjMzktYmZhMi0xMWViLWExMWYtMzA5YzIzNjRmZGI2IiwiYXBpX2FjY2Vzc19ncmFudCI6IlRydWUiLCJuYmYiOjE2MjgyNDUwMjcsImV4cCI6MTYyODI0NjgyNywiaWF0IjoxNjI4MjQ1MDI3fQ.m_qbBKqnedM5zQ7Bm9v7hjvqMqpjL8v5UaX1Meb4qFTr_R21n3Bd_3o7dTpp7u_7E9VCXOhtGHeQA0Se3enmOg','2021-08-06 12:47:07','PostmanRuntime/7.28.2',NULL,'740e105d-f69f-11eb-8281-309c2364fdb6','2021-08-06 13:17:07','2021-08-06 10:17:07',1,NULL,0,NULL,NULL),('74302c9c-3fe9-11ec-bc48-d8bbc10f2ae0','d0f751a8-3425-11ec-b696-d8bbc10f2ae0','localhost',NULL,2655,'localhost',NULL,5001,'eyJhbGciOiJIUzUxMiIsInR5cCI6IkpXVCJ9.eyJ1dWlkIjoiZDBmNzUxYTgtMzQyNS0xMWVjLWI2OTYtZDhiYmMxMGYyYWUwIiwidXNlciI6Im1pa2Etcm9vc0B3ZWIuZGUiLCJ1c2VyX3R5cGVfaWQiOiIwZTEyNDRmOC0xY2EzLTExZWMtYTRhNC1kOGJiYzEwZjJhZTAiLCJpc19hZG0iOiJUcnVlIiwiZW1haWwiOiJkMGViOTVkMi0zNDI1LTExZWMtYjY5Ni1kOGJiYzEwZjJhZTAiLCJhcGlfYWNjZXNzX2dyYW50IjoiRmFsc2UiLCJuYmYiOjE2MzYzMDMyNDUsImV4cCI6MTYzNjMwMzU0NSwiaWF0IjoxNjM2MzAzMjQ1fQ.wQZne0wkp5579GnNPzvLSawNaqbsGgr6t6Egkp7QZfB3oLtqN9g49vIf2SYg34TA0Cp93hqZXsG9D742B5-mCw','2021-11-07 17:45:45','Mozilla/5.0 (Windows NT 10.0; Win64; x64; rv:94.0) Gecko/20100101 Firefox/94.0',NULL,'742ffa53-3fe9-11ec-bc48-d8bbc10f2ae0','2021-11-07 17:40:45','2021-11-07 16:40:45',1,NULL,0,NULL,NULL),('74623d6d-be62-11eb-9f54-842afd097283','6c7d07e0-a5b5-11eb-bac0-309c2364fdb6',NULL,'::1',1568,NULL,'::1',5001,'eyJhbGciOiJIUzUxMiIsInR5cCI6IkpXVCJ9.eyJ1dWlkIjoiNmM3ZDA3ZTAtYTViNS0xMWViLWJhYzAtMzA5YzIzNjRmZGI2IiwidXNlciI6InRlc3QiLCJ1c2VyX3R5cGVfaWQiOiI3MzNmZDA5Yy1hNWI1LTExZWItYmFjMC0zMDljMjM2NGZkYjYiLCJpc19hZG1pbiI6IlRydWUiLCJlbWFpbCI6InRlc3QiLCJhcGlfYWNjZXNzX2dyYW50IjoiRmFsc2UiLCJuYmYiOjE2MjIwNjE1MjgsImV4cCI6MTYyMjA2MzMyOCwiaWF0IjoxNjIyMDYxNTI4fQ.TeXlwfv_jIrTqy-o4yAGmOpBEjxerL27dOzCstAVfXw3IIHuOoRsm1PsQ_pNv1RwPEjdP4UMvewpaZgQody2Xw','2021-05-26 23:08:48','PostmanRuntime/7.26.8',NULL,'5f5a0afe-be62-11eb-9f54-842afd097283','2021-05-26 23:38:48','2021-05-26 20:39:23',1,NULL,0,NULL,NULL),('74e6213b-be46-11eb-a1b6-309c2364fdb6','6c7d07e0-a5b5-11eb-bac0-309c2364fdb6',NULL,'::1',58912,NULL,'::1',5001,'eyJhbGciOiJIUzUxMiIsInR5cCI6IkpXVCJ9.eyJpZCI6IjZjN2QwN2UwLWE1YjUtMTFlYi1iYWMwLTMwOWMyMzY0ZmRiNiIsInVzZXIiOiJ0ZXN0IiwidXNlcl90eXBlX2lkIjoiNzMzZmQwOWMtYTViNS0xMWViLWJhYzAtMzA5YzIzNjRmZGI2IiwiZW1haWwiOiJ0ZXN0IiwiYXBpX2FjY2Vzc19ncmFudCI6IlRydWUiLCJuYmYiOjE2MjIwNDk1MzgsImV4cCI6MTYyMjA1MTMzOCwiaWF0IjoxNjIyMDQ5NTM4fQ.c3ImO0cIJJn9NqKRhY1LSaydCoaUh8n-M7Ye7xldBA6blFBoqYB03VQA3UXB1iaUSVXPnKOOTfl8bgo5W1sxvw','2021-05-26 19:48:58','PostmanRuntime/7.26.8',NULL,'74e3a03b-be46-11eb-a1b6-309c2364fdb6','2021-05-26 20:18:58','2021-05-26 17:18:58',1,NULL,0,NULL,NULL),('762dafdf-f447-11eb-b474-309c2364fdb6','6c7d07e0-a5b5-11eb-bac0-309c2364fdb6','localhost',NULL,2115,'localhost',NULL,5001,'eyJhbGciOiJIUzUxMiIsInR5cCI6IkpXVCJ9.eyJ1dWlkIjoiNmM3ZDA3ZTAtYTViNS0xMWViLWJhYzAtMzA5YzIzNjRmZGI2IiwidXNlciI6InRlc3QiLCJ1c2VyX3R5cGVfaWQiOiI3MzQwNDI1ZS1hNWI1LTExZWItYmFjMC0zMDljMjM2NGZkYjYiLCJpc19hZG0iOiJGYWxzZSIsImVtYWlsIjoiZGNkOGFjMzktYmZhMi0xMWViLWExMWYtMzA5YzIzNjRmZGI2IiwiYXBpX2FjY2Vzc19ncmFudCI6IlRydWUiLCJuYmYiOjE2Mjc5ODczMzIsImV4cCI6MTYyNzk4OTEzMiwiaWF0IjoxNjI3OTg3MzMyfQ.xg9d2zaCX6rbhSIHiAGcHmZ5bScbS_Ec-2FH6ZQyvpZtnQUt_q-BYseb98rLJXOmuAKrPkmkIJUDDvAmF2PxqA','2021-08-03 13:12:13','PostmanRuntime/7.28.2',NULL,'762767a3-f447-11eb-b474-309c2364fdb6','2021-08-03 13:42:13','2021-08-03 10:42:12',1,NULL,0,NULL,NULL),('765c0db8-2b99-11ec-a833-d8bbc10f2ae0','6c7d07e0-a5b5-11eb-bac0-309c2364fdb6',NULL,'::1',9014,NULL,'::1',5001,'eyJhbGciOiJIUzUxMiIsInR5cCI6IkpXVCJ9.eyJ1dWlkIjoiNmM3ZDA3ZTAtYTViNS0xMWViLWJhYzAtMzA5YzIzNjRmZGI2IiwidXNlciI6InRlc3QiLCJ1c2VyX3R5cGVfaWQiOiI3MzQwNDI1ZS1hNWI1LTExZWItYmFjMC0zMDljMjM2NGZkYjYiLCJpc19hZG0iOiJGYWxzZSIsImVtYWlsIjoiZGNkOGFjMzktYmZhMi0xMWViLWExMWYtMzA5YzIzNjRmZGI2IiwiYXBpX2FjY2Vzc19ncmFudCI6IlRydWUiLCJuYmYiOjE2MzQwNjk4NjUsImV4cCI6MTYzNDA3MTY2NSwiaWF0IjoxNjM0MDY5ODY1fQ.HCnmx7jlGjiAnbKKyuQd6sGSitULiLh5wuRJrCnb_fZBPHClPoJrtiYq4ajnBuTboYDWnnx6aMQ4QK4MbORW7A','2021-10-12 22:47:46','PostmanRuntime/7.28.4',NULL,'765be639-2b99-11ec-a833-d8bbc10f2ae0','2021-10-12 23:17:46','2021-10-12 20:17:45',1,NULL,0,NULL,NULL),('7699dd6a-2b9a-11ec-a833-d8bbc10f2ae0','6c7d07e0-a5b5-11eb-bac0-309c2364fdb6','localhost',NULL,3366,'localhost',NULL,5001,'eyJhbGciOiJIUzUxMiIsInR5cCI6IkpXVCJ9.eyJ1dWlkIjoiNmM3ZDA3ZTAtYTViNS0xMWViLWJhYzAtMzA5YzIzNjRmZGI2IiwidXNlciI6InRlc3QiLCJ1c2VyX3R5cGVfaWQiOiI3MzQwNDI1ZS1hNWI1LTExZWItYmFjMC0zMDljMjM2NGZkYjYiLCJpc19hZG0iOiJGYWxzZSIsImVtYWlsIjoiZGNkOGFjMzktYmZhMi0xMWViLWExMWYtMzA5YzIzNjRmZGI2IiwiYXBpX2FjY2Vzc19ncmFudCI6IlRydWUiLCJuYmYiOjE2MzQwNzAyOTUsImV4cCI6MTYzNDA3MjA5NSwiaWF0IjoxNjM0MDcwMjk1fQ.57OC0-LRkDVgzLHpe9eYn79gVzQBw03VVVLnPJlJJ59ITUSqLQOYRaiqtRoLj1ySGkwCR_b6B5YNWQDOc9BuaA','2021-10-12 22:54:56','Mozilla/5.0 (Windows NT 10.0; Win64; x64; rv:93.0) Gecko/20100101 Firefox/93.0',NULL,'7699b7bb-2b9a-11ec-a833-d8bbc10f2ae0','2021-10-12 23:24:56','2021-10-12 20:24:55',1,NULL,0,NULL,NULL),('76d73580-b428-11eb-9ebc-309c2364fdb6','6c7d07e0-a5b5-11eb-bac0-309c2364fdb6',NULL,'::1',51596,NULL,'::1',5001,'eyJhbGciOiJIUzUxMiIsInR5cCI6IkpXVCJ9.eyJpZCI6IjZjN2QwN2UwLWE1YjUtMTFlYi1iYWMwLTMwOWMyMzY0ZmRiNiIsInVzZXIiOiJ0ZXN0IiwidXNlcl90eXBlX2lkIjoiNzMzZmQwOWMtYTViNS0xMWViLWJhYzAtMzA5YzIzNjRmZGI2IiwiZW1haWwiOiJ0ZXN0IiwiYXBpX2FjY2Vzc19ncmFudCI6IlRydWUiLCJuYmYiOjE2MjA5MzcxNDQsImV4cCI6MTYyMDkzODk0NCwiaWF0IjoxNjIwOTM3MTQ0fQ.9SthA3Hb-9V0p8afBr7S7YHnTbkC1xJnGQhRWDgMKQDb_PThG7kDm_ql4bWwE1ADL5srgruA85TZjwz0W1Lx0w','2021-05-13 22:49:04','PostmanRuntime/7.26.8',NULL,'76cec6a5-b428-11eb-9ebc-309c2364fdb6','2021-05-13 23:19:04','2021-05-13 20:19:05',1,NULL,0,NULL,'2021-05-27 11:48:28'),('77738636-efec-11eb-b98d-309c2364fdb6','6c7d07e0-a5b5-11eb-bac0-309c2364fdb6',NULL,'::1',58864,NULL,'::1',5001,'eyJhbGciOiJIUzUxMiIsInR5cCI6IkpXVCJ9.eyJ1dWlkIjoiNmM3ZDA3ZTAtYTViNS0xMWViLWJhYzAtMzA5YzIzNjRmZGI2IiwidXNlciI6InRlc3QiLCJ1c2VyX3R5cGVfaWQiOiI3MzQwNDI1ZS1hNWI1LTExZWItYmFjMC0zMDljMjM2NGZkYjYiLCJpc19hZG0iOiJGYWxzZSIsImVtYWlsIjoiZGNkOGFjMzktYmZhMi0xMWViLWExMWYtMzA5YzIzNjRmZGI2IiwiYXBpX2FjY2Vzc19ncmFudCI6IlRydWUiLCJuYmYiOjE2Mjc1MDg0NDUsImV4cCI6MTYyNzUxMDI0NSwiaWF0IjoxNjI3NTA4NDQ1fQ.v1pN1rUS_t_S0yHl-J1s9k49FPAefEsfFpDKJ4i0XZuOH1mnx1dIqdAXz94rKWUDcRWmrkMFgrXT6_fD4J1LOA','2021-07-29 00:10:46','PostmanRuntime/7.26.8',NULL,'776e33e4-efec-11eb-b98d-309c2364fdb6','2021-07-29 00:40:46','2021-07-28 21:40:46',1,NULL,0,NULL,NULL),('78710d57-3200-11ec-b696-d8bbc10f2ae0','6c7d07e0-a5b5-11eb-bac0-309c2364fdb6',NULL,'::1',1095,NULL,'::1',5001,'eyJhbGciOiJIUzUxMiIsInR5cCI6IkpXVCJ9.eyJ1dWlkIjoiNmM3ZDA3ZTAtYTViNS0xMWViLWJhYzAtMzA5YzIzNjRmZGI2IiwidXNlciI6InRlc3QiLCJ1c2VyX3R5cGVfaWQiOiI3MzQwNDI1ZS1hNWI1LTExZWItYmFjMC0zMDljMjM2NGZkYjYiLCJpc19hZG0iOiJGYWxzZSIsImVtYWlsIjoiZGNkOGFjMzktYmZhMi0xMWViLWExMWYtMzA5YzIzNjRmZGI2IiwiYXBpX2FjY2Vzc19ncmFudCI6IlRydWUiLCJuYmYiOjE2MzQ3NzM4MTQsImV4cCI6MTYzNDc3NTYxNCwiaWF0IjoxNjM0NzczODE0fQ.S2kmZ-CRCmrtuUIk2qPhw0InshcTkCuszbvc2_5bmc_RzcVqQu6Q0ybqIJFeb9Z6_j0qmIhPjju-SnHcbbTdpg','2021-10-21 02:20:14','PostmanRuntime/7.28.4','2021-10-21 01:50:57','7870cfcf-3200-11ec-b696-d8bbc10f2ae0','2021-10-21 02:50:14','2021-10-20 23:50:14',1,NULL,0,NULL,'2021-10-21 01:50:57'),('78fc599f-3ff8-11ec-bc48-d8bbc10f2ae0','d0f751a8-3425-11ec-b696-d8bbc10f2ae0','localhost',NULL,1079,'localhost',NULL,5001,'eyJhbGciOiJIUzUxMiIsInR5cCI6IkpXVCJ9.eyJ1dWlkIjoiZDBmNzUxYTgtMzQyNS0xMWVjLWI2OTYtZDhiYmMxMGYyYWUwIiwidXNlciI6Im1pa2Etcm9vc0B3ZWIuZGUiLCJ1c2VyX3R5cGVfaWQiOiIwZTEyNDRmOC0xY2EzLTExZWMtYTRhNC1kOGJiYzEwZjJhZTAiLCJpc19hZG0iOiJUcnVlIiwiZW1haWwiOiJkMGViOTVkMi0zNDI1LTExZWMtYjY5Ni1kOGJiYzEwZjJhZTAiLCJhcGlfYWNjZXNzX2dyYW50IjoiRmFsc2UiLCJuYmYiOjE2MzYzMDk2OTUsImV4cCI6MTYzNjMxMTQ5NSwiaWF0IjoxNjM2MzA5Njk1fQ.UcQReuL6BdsEufTo8-k4g96lR2ogWQJ0EVTubIaYs1P1XWVNWHnEN1Ape9tUA6TBP2f3REvsU6wm5FwBgtd_LQ','2021-11-07 19:58:16','Mozilla/5.0 (Windows NT 10.0; Win64; x64; rv:94.0) Gecko/20100101 Firefox/94.0',NULL,'78fc3692-3ff8-11ec-bc48-d8bbc10f2ae0','2021-11-07 20:28:16','2021-11-07 18:28:15',1,NULL,0,NULL,NULL),('7a4d4771-b03c-11eb-bbf1-309c2364fdb6','6c7d07e0-a5b5-11eb-bac0-309c2364fdb6',NULL,'::1',55113,NULL,'::1',5001,'eyJhbGciOiJIUzUxMiIsInR5cCI6IkpXVCJ9.eyJpZCI6IjZjN2QwN2UwLWE1YjUtMTFlYi1iYWMwLTMwOWMyMzY0ZmRiNiIsInVzZXIiOiJ0ZXN0IiwidXNlcl90eXBlX2lkIjoiNzMzZmQwOWMtYTViNS0xMWViLWJhYzAtMzA5YzIzNjRmZGI2IiwiZW1haWwiOiJ0ZXN0IiwibmJmIjoxNjIwNTA1OTM2LCJleHAiOjE2MjA1MDc3MzUsImlhdCI6MTYyMDUwNTkzNn0.cpJLz3u1UA3CqJat5XW12wBnUUwqD2nSyAOx4jfsOUAQ5lFx8n2Rdjs5mHDdcd_A5YvqYzJ7TqJsD5IDhqAUgw','2021-05-08 23:02:16','PostmanRuntime/7.26.8',NULL,'7a4b4a64-b03c-11eb-bbf1-309c2364fdb6','2021-05-08 23:32:16','2021-05-08 20:32:16',1,NULL,0,NULL,'2021-05-27 11:48:28'),('7b2cbac9-b053-11eb-bbf1-309c2364fdb6','6c7d07e0-a5b5-11eb-bac0-309c2364fdb6',NULL,'::1',56971,NULL,'::1',5001,'eyJhbGciOiJIUzUxMiIsInR5cCI6IkpXVCJ9.eyJpZCI6IjZjN2QwN2UwLWE1YjUtMTFlYi1iYWMwLTMwOWMyMzY0ZmRiNiIsInVzZXIiOiJ0ZXN0IiwidXNlcl90eXBlX2lkIjoiNzMzZmQwOWMtYTViNS0xMWViLWJhYzAtMzA5YzIzNjRmZGI2IiwiZW1haWwiOiJ0ZXN0IiwibmJmIjoxNjIwNTE1ODE1LCJleHAiOjE2MjA1MTc2MTUsImlhdCI6MTYyMDUxNTgxNX0.ZHljNP2bbQwCVbn_6OR3ntQXJ7kQJFZzMyKNsEAeoSwM6LOTKhdAbkoSwt6G7gmUTMwbhXSOavXjdxzDB6KIWQ','2021-05-09 01:46:56','PostmanRuntime/7.26.8',NULL,'7b2a975b-b053-11eb-bbf1-309c2364fdb6','2021-05-09 02:16:56','2021-05-08 23:16:56',1,NULL,0,NULL,'2021-05-27 11:48:28'),('7ba45ac9-f5f8-11eb-b474-309c2364fdb6','6c7d07e0-a5b5-11eb-bac0-309c2364fdb6',NULL,'::1',3167,NULL,'::1',5001,'eyJhbGciOiJIUzUxMiIsInR5cCI6IkpXVCJ9.eyJ1dWlkIjoiNmM3ZDA3ZTAtYTViNS0xMWViLWJhYzAtMzA5YzIzNjRmZGI2IiwidXNlciI6InRlc3QiLCJ1c2VyX3R5cGVfaWQiOiI3MzQwNDI1ZS1hNWI1LTExZWItYmFjMC0zMDljMjM2NGZkYjYiLCJpc19hZG0iOiJGYWxzZSIsImVtYWlsIjoiZGNkOGFjMzktYmZhMi0xMWViLWExMWYtMzA5YzIzNjRmZGI2IiwiYXBpX2FjY2Vzc19ncmFudCI6IlRydWUiLCJuYmYiOjE2MjgxNzMzMTMsImV4cCI6MTYyODE3NTExMywiaWF0IjoxNjI4MTczMzEzfQ.A1KwHer0I0otQYEAw-nWAoc6qmpvVeBuS9R00x1V4TsW3Dlhdaq55j549qm7v_8v1hkIzIp8spVHZf0--o_u8A','2021-08-05 16:51:54','PostmanRuntime/7.28.2',NULL,'7b9f1619-f5f8-11eb-b474-309c2364fdb6','2021-08-05 17:21:54','2021-08-05 14:21:54',1,NULL,0,NULL,NULL),('7cb0b9b9-2b99-11ec-a833-d8bbc10f2ae0','6c7d07e0-a5b5-11eb-bac0-309c2364fdb6',NULL,'::1',9014,NULL,'::1',5001,'eyJhbGciOiJIUzUxMiIsInR5cCI6IkpXVCJ9.eyJ1dWlkIjoiNmM3ZDA3ZTAtYTViNS0xMWViLWJhYzAtMzA5YzIzNjRmZGI2IiwidXNlciI6InRlc3QiLCJ1c2VyX3R5cGVfaWQiOiI3MzQwNDI1ZS1hNWI1LTExZWItYmFjMC0zMDljMjM2NGZkYjYiLCJpc19hZG0iOiJGYWxzZSIsImVtYWlsIjoiZGNkOGFjMzktYmZhMi0xMWViLWExMWYtMzA5YzIzNjRmZGI2IiwiYXBpX2FjY2Vzc19ncmFudCI6IlRydWUiLCJuYmYiOjE2MzQwNjk4NzYsImV4cCI6MTYzNDA3MTY3NiwiaWF0IjoxNjM0MDY5ODc2fQ.Osl-EZkdPtG0QylN-2fo5Kw05ZJb0lN8cOo4rsRV7oEAddawCX-BeoTNwdSotVFpH57YN27L6enmOZOzm1vTbg','2021-10-12 22:47:56','PostmanRuntime/7.28.4',NULL,'7cb0937c-2b99-11ec-a833-d8bbc10f2ae0','2021-10-12 23:17:56','2021-10-12 20:17:56',1,NULL,0,NULL,NULL),('7dccb062-d2be-11eb-9165-309c2364fdb6','6c7d07e0-a5b5-11eb-bac0-309c2364fdb6','localhost',NULL,1360,'localhost',NULL,5001,'eyJhbGciOiJIUzUxMiIsInR5cCI6IkpXVCJ9.eyJ1dWlkIjoiNmM3ZDA3ZTAtYTViNS0xMWViLWJhYzAtMzA5YzIzNjRmZGI2IiwidXNlciI6InRlc3QiLCJ1c2VyX3R5cGVfaWQiOiI3MzQwNDI1ZS1hNWI1LTExZWItYmFjMC0zMDljMjM2NGZkYjYiLCJpc19hZG0iOiJGYWxzZSIsImVtYWlsIjoiZGNkOGFjMzktYmZhMi0xMWViLWExMWYtMzA5YzIzNjRmZGI2IiwiYXBpX2FjY2Vzc19ncmFudCI6IlRydWUiLCJuYmYiOjE2MjQzMDAxMTYsImV4cCI6MTYyNDMwMTkxNiwiaWF0IjoxNjI0MzAwMTE2fQ.6MawWXVmSeSMnubd_oxXwKSJKr22H4p5hhlkdW2QsVZ_QLc2X753BmtL3XjJGQM35U5poF9XYqFhzKT2CT42NA','2021-06-21 20:58:36','Mozilla/5.0 (Windows NT 10.0; Win64; x64; rv:89.0) Gecko/20100101 Firefox/89.0',NULL,'7dcadd56-d2be-11eb-9165-309c2364fdb6','2021-06-21 21:28:36','2021-06-21 18:28:36',1,NULL,0,NULL,NULL),('7dfcd658-efe0-11eb-b98d-309c2364fdb6','6c7d07e0-a5b5-11eb-bac0-309c2364fdb6',NULL,'::1',58084,NULL,'::1',5001,'eyJhbGciOiJIUzUxMiIsInR5cCI6IkpXVCJ9.eyJ1dWlkIjoiNmM3ZDA3ZTAtYTViNS0xMWViLWJhYzAtMzA5YzIzNjRmZGI2IiwidXNlciI6InRlc3QiLCJ1c2VyX3R5cGVfaWQiOiI3MzQwNDI1ZS1hNWI1LTExZWItYmFjMC0zMDljMjM2NGZkYjYiLCJpc19hZG0iOiJGYWxzZSIsImVtYWlsIjoiZGNkOGFjMzktYmZhMi0xMWViLWExMWYtMzA5YzIzNjRmZGI2IiwiYXBpX2FjY2Vzc19ncmFudCI6IlRydWUiLCJuYmYiOjE2Mjc1MDMzMDIsImV4cCI6MTYyNzUwNTEwMiwiaWF0IjoxNjI3NTAzMzAyfQ.6PPBUF3W79vx_7mMjRDET396KtP0aTZw_COmsjHgqlIABQcUgzvjGPd4SvXQdmhEnpfW7PArYas1yIZu5pmJxw','2021-07-28 22:45:03','PostmanRuntime/7.26.8',NULL,'7df7d4eb-efe0-11eb-b98d-309c2364fdb6','2021-07-28 23:15:03','2021-07-28 20:15:03',1,NULL,0,NULL,NULL),('7e78595e-be4a-11eb-a1b6-309c2364fdb6','6c7d07e0-a5b5-11eb-bac0-309c2364fdb6',NULL,'::1',59117,NULL,'::1',5001,'eyJhbGciOiJIUzUxMiIsInR5cCI6IkpXVCJ9.eyJpZCI6IjZjN2QwN2UwLWE1YjUtMTFlYi1iYWMwLTMwOWMyMzY0ZmRiNiIsInVzZXIiOiJ0ZXN0IiwidXNlcl90eXBlX2lkIjoiNzMzZmQwOWMtYTViNS0xMWViLWJhYzAtMzA5YzIzNjRmZGI2IiwiZW1haWwiOiJ0ZXN0IiwiYXBpX2FjY2Vzc19ncmFudCI6IlRydWUiLCJuYmYiOjE2MjIwNTEyNzIsImV4cCI6MTYyMjA1MzA3MiwiaWF0IjoxNjIyMDUxMjcyfQ.LABSJGx18Pn5lEXNLXY8HRGsCGtX9_X9otd7ga_PHuGtLL3vvGakPAPym9o2W-uBwn-jGwHBC1xntmwLd8pRbA','2021-05-26 20:17:52','PostmanRuntime/7.26.8',NULL,'7e744a00-be4a-11eb-a1b6-309c2364fdb6','2021-05-26 20:47:52','2021-05-26 17:47:52',1,NULL,0,NULL,NULL),('7ffa01f9-bcb2-11eb-a1d6-309c2364fdb6','6c7d07e0-a5b5-11eb-bac0-309c2364fdb6',NULL,'::1',36210,NULL,'::1',5001,'eyJhbGciOiJIUzUxMiIsInR5cCI6IkpXVCJ9.eyJpZCI6IjZjN2QwN2UwLWE1YjUtMTFlYi1iYWMwLTMwOWMyMzY0ZmRiNiIsInVzZXIiOiJ0ZXN0IiwidXNlcl90eXBlX2lkIjoiNzMzZmQwOWMtYTViNS0xMWViLWJhYzAtMzA5YzIzNjRmZGI2IiwiZW1haWwiOiJ0ZXN0IiwiYXBpX2FjY2Vzc19ncmFudCI6IlRydWUiLCJuYmYiOjE2MjE4NzYwNDAsImV4cCI6MTYyMTg3Nzg0MCwiaWF0IjoxNjIxODc2MDQwfQ.AJ1KnBL7iWuj02xzfkJlguCDjFl_Bqbg_lIwbhYlpw_SJ4Re0qVmN1dx_b2K6fmgEYnEgG42U_gC2qrMwjKXMA','2021-05-24 19:37:20','PostmanRuntime/7.26.8',NULL,'7ff5e6ba-bcb2-11eb-a1d6-309c2364fdb6','2021-05-24 20:07:20','2021-05-24 17:07:20',1,NULL,0,NULL,NULL),('7ffc6fab-bc99-11eb-a1d6-309c2364fdb6','6c7d07e0-a5b5-11eb-bac0-309c2364fdb6','localhost',NULL,33152,'localhost',NULL,5001,'eyJhbGciOiJIUzUxMiIsInR5cCI6IkpXVCJ9.eyJpZCI6IjZjN2QwN2UwLWE1YjUtMTFlYi1iYWMwLTMwOWMyMzY0ZmRiNiIsInVzZXIiOiJ0ZXN0IiwidXNlcl90eXBlX2lkIjoiNzMzZmQwOWMtYTViNS0xMWViLWJhYzAtMzA5YzIzNjRmZGI2IiwiZW1haWwiOiJ0ZXN0IiwiYXBpX2FjY2Vzc19ncmFudCI6IlRydWUiLCJuYmYiOjE2MjE4NjUzMDIsImV4cCI6MTYyMTg2NzEwMiwiaWF0IjoxNjIxODY1MzAyfQ.0siv36W4p57vPkUTZgJR-AGJsY2YShse4z0ppEMjjoM5AxiaIbFSDECR9vMnJjYF4_FeepbbwQI-jNuCpG2tZw','2021-05-24 16:38:22','Mozilla/5.0 (Windows NT 10.0; Win64; x64; rv:87.0) Gecko/20100101 Firefox/87.0',NULL,'7ff4f158-bc99-11eb-a1d6-309c2364fdb6','2021-05-24 17:08:22','2021-05-24 14:08:22',1,NULL,0,NULL,NULL),('81fda1a8-1fb8-11ec-b836-d8bbc10f2ae0','f8708bc4-1ca5-11ec-a4a4-d8bbc10f2ae0',NULL,'::1',50508,NULL,'::1',5001,'eyJhbGciOiJIUzUxMiIsInR5cCI6IkpXVCJ9.eyJ1dWlkIjoiZjg3MDhiYzQtMWNhNS0xMWVjLWE0YTQtZDhiYmMxMGYyYWUwIiwidXNlciI6InJvb3QiLCJ1c2VyX3R5cGVfaWQiOiIwZTEyNDRmOC0xY2EzLTExZWMtYTRhNC1kOGJiYzEwZjJhZTAiLCJpc19hZG0iOiJGYWxzZSIsImVtYWlsIjoiZWRmMDQ5NjItMWNhNS0xMWVjLWE0YTQtZDhiYmMxMGYyYWUwIiwiYXBpX2FjY2Vzc19ncmFudCI6IlRydWUiLCJuYmYiOjE2MzI3NjM3ODUsImV4cCI6MTYzMjc2NTU4NSwiaWF0IjoxNjMyNzYzNzg1fQ.xpaUbV5lGGpf83VthSJnC7tH00VaA-n8s36KWHcmSXKSTiUVrp8xj0Rzuo9DzMmK9NqNTzrf7W_tHq2OmL1o6A','2021-09-27 19:59:46','PostmanRuntime/7.28.4',NULL,'81f9e1e9-1fb8-11ec-b836-d8bbc10f2ae0','2021-09-27 20:29:46','2021-09-27 17:29:45',1,NULL,0,NULL,NULL),('8272188b-be4b-11eb-a1b6-309c2364fdb6','6c7d07e0-a5b5-11eb-bac0-309c2364fdb6',NULL,'::1',59184,NULL,'::1',5001,'eyJhbGciOiJIUzUxMiIsInR5cCI6IkpXVCJ9.eyJ1dWlkIjoiNmM3ZDA3ZTAtYTViNS0xMWViLWJhYzAtMzA5YzIzNjRmZGI2IiwidXNlciI6InRlc3QiLCJ1c2VyX3R5cGVfaWQiOiI3MzNmZDA5Yy1hNWI1LTExZWItYmFjMC0zMDljMjM2NGZkYjYiLCJlbWFpbCI6InRlc3QiLCJhcGlfYWNjZXNzX2dyYW50IjoiVHJ1ZSIsIm5iZiI6MTYyMjA1MTcwOCwiZXhwIjoxNjIyMDUzNTA4LCJpYXQiOjE2MjIwNTE3MDh9.8v1D9YpSXsxloESHWN66AObFcTk7MrgUc2RKiEN901WTTWZw1vT2XFE3m0-gDDDRDWedcNbPlVoGXfss6quNnw','2021-05-26 20:25:08','PostmanRuntime/7.26.8',NULL,'826e1e08-be4b-11eb-a1b6-309c2364fdb6','2021-05-26 20:55:08','2021-05-26 17:55:08',1,NULL,0,NULL,NULL),('82cba51f-2dd6-11ec-ba94-d8bbc10f2ae0','6c7d07e0-a5b5-11eb-bac0-309c2364fdb6','localhost',NULL,10320,'localhost',NULL,5001,'eyJhbGciOiJIUzUxMiIsInR5cCI6IkpXVCJ9.eyJ1dWlkIjoiNmM3ZDA3ZTAtYTViNS0xMWViLWJhYzAtMzA5YzIzNjRmZGI2IiwidXNlciI6InRlc3QiLCJ1c2VyX3R5cGVfaWQiOiI3MzQwNDI1ZS1hNWI1LTExZWItYmFjMC0zMDljMjM2NGZkYjYiLCJpc19hZG0iOiJGYWxzZSIsImVtYWlsIjoiZGNkOGFjMzktYmZhMi0xMWViLWExMWYtMzA5YzIzNjRmZGI2IiwiYXBpX2FjY2Vzc19ncmFudCI6IlRydWUiLCJuYmYiOjE2MzQzMTU5ODgsImV4cCI6MTYzNDMxNzc4OCwiaWF0IjoxNjM0MzE1OTg4fQ.eq_HLe-rzE67z7dqTuHS6kNeqrzxH7zqckn9oww0_qG4nHxI90nUulnMeo77CeWElvm-an5GhzzlIXmcFxoGfg','2021-10-15 19:09:48','Mozilla/5.0 (Windows NT 10.0; Win64; x64; rv:93.0) Gecko/20100101 Firefox/93.0',NULL,'82cb42a9-2dd6-11ec-ba94-d8bbc10f2ae0','2021-10-15 19:39:48','2021-10-15 16:39:48',1,NULL,0,NULL,NULL),('842381c8-3ff1-11ec-bc48-d8bbc10f2ae0','d0f751a8-3425-11ec-b696-d8bbc10f2ae0','localhost',NULL,30886,'localhost',NULL,5001,'eyJhbGciOiJIUzUxMiIsInR5cCI6IkpXVCJ9.eyJ1dWlkIjoiZDBmNzUxYTgtMzQyNS0xMWVjLWI2OTYtZDhiYmMxMGYyYWUwIiwidXNlciI6Im1pa2Etcm9vc0B3ZWIuZGUiLCJ1c2VyX3R5cGVfaWQiOiIwZTEyNDRmOC0xY2EzLTExZWMtYTRhNC1kOGJiYzEwZjJhZTAiLCJpc19hZG0iOiJUcnVlIiwiZW1haWwiOiJkMGViOTVkMi0zNDI1LTExZWMtYjY5Ni1kOGJiYzEwZjJhZTAiLCJhcGlfYWNjZXNzX2dyYW50IjoiRmFsc2UiLCJuYmYiOjE2MzYzMDY3MDcsImV4cCI6MTYzNjMwNzAwNywiaWF0IjoxNjM2MzA2NzA3fQ.AIKtse6MbsM8WZPL1jseR8_NFnnXSAsOKj2ppbm34yerRcp_HABzkj51Oxi6r1r4UjDzDZgQpboTaDqMUHf-OQ','2021-11-07 18:43:28','Mozilla/5.0 (Windows NT 10.0; Win64; x64; rv:94.0) Gecko/20100101 Firefox/94.0','2021-11-07 18:40:12','84235abe-3ff1-11ec-bc48-d8bbc10f2ae0','2021-11-07 19:08:28','2021-11-07 17:38:27',1,NULL,0,NULL,'2021-11-07 18:40:12'),('8522a2d7-bee2-11eb-8e36-309c2364fdb6','3e166107-be6a-11eb-9f54-842afd097283',NULL,'::1',54351,NULL,'::1',5001,'eyJhbGciOiJIUzUxMiIsInR5cCI6IkpXVCJ9.eyJ1dWlkIjoiM2UxNjYxMDctYmU2YS0xMWViLTlmNTQtODQyYWZkMDk3MjgzIiwidXNlciI6InRlc3QyIiwidXNlcl90eXBlX2lkIjoiNzM0MDQyNWUtYTViNS0xMWViLWJhYzAtMzA5YzIzNjRmZGI2IiwiaXNfYWRtIjoiRmFsc2UiLCJlbWFpbCI6InRlc3QyIiwiYXBpX2FjY2Vzc19ncmFudCI6IlRydWUiLCJuYmYiOjE2MjIxMTY1NjYsImV4cCI6MTYyMjExODM2NiwiaWF0IjoxNjIyMTE2NTY2fQ.dHylUJCkWLmWBnlnb4U6K9RbHAL2m6I50Wjz44HA4tw0dB_RJby_dGfC8y00P5HfS7KaeoQbv4pftEjljwHX1g','2021-05-27 14:26:07','PostmanRuntime/7.26.8',NULL,'851fe1d3-bee2-11eb-8e36-309c2364fdb6','2021-05-27 14:56:07','2021-05-27 11:56:07',1,NULL,0,NULL,NULL),('87a4cffa-f216-11eb-ad62-309c2364fdb6','6c7d07e0-a5b5-11eb-bac0-309c2364fdb6',NULL,'::1',53098,NULL,'::1',5001,'eyJhbGciOiJIUzUxMiIsInR5cCI6IkpXVCJ9.eyJ1dWlkIjoiNmM3ZDA3ZTAtYTViNS0xMWViLWJhYzAtMzA5YzIzNjRmZGI2IiwidXNlciI6InRlc3QiLCJ1c2VyX3R5cGVfaWQiOiI3MzQwNDI1ZS1hNWI1LTExZWItYmFjMC0zMDljMjM2NGZkYjYiLCJpc19hZG0iOiJGYWxzZSIsImVtYWlsIjoiZGNkOGFjMzktYmZhMi0xMWViLWExMWYtMzA5YzIzNjRmZGI2IiwiYXBpX2FjY2Vzc19ncmFudCI6IlRydWUiLCJuYmYiOjE2Mjc3NDY0MTQsImV4cCI6MTYyNzc0ODIxNCwiaWF0IjoxNjI3NzQ2NDE0fQ.Q9mM2j5qT74hQv00XZdRCGNzRG1AhKx1DF-9dc3kLrRJGlB7sCMVI-EgZ0qHrF58kwgLi0KZUiCPxjWRH0FU1w','2021-07-31 18:16:54','PostmanRuntime/7.26.8',NULL,'87a01f76-f216-11eb-ad62-309c2364fdb6','2021-07-31 18:46:54','2021-07-31 15:46:54',1,NULL,0,NULL,NULL),('87b8e8f1-1fb8-11ec-b836-d8bbc10f2ae0','f8708bc4-1ca5-11ec-a4a4-d8bbc10f2ae0',NULL,'::1',50508,NULL,'::1',5001,'eyJhbGciOiJIUzUxMiIsInR5cCI6IkpXVCJ9.eyJ1dWlkIjoiZjg3MDhiYzQtMWNhNS0xMWVjLWE0YTQtZDhiYmMxMGYyYWUwIiwidXNlciI6InJvb3QiLCJ1c2VyX3R5cGVfaWQiOiIwZTEyNDRmOC0xY2EzLTExZWMtYTRhNC1kOGJiYzEwZjJhZTAiLCJpc19hZG0iOiJGYWxzZSIsImVtYWlsIjoiZWRmMDQ5NjItMWNhNS0xMWVjLWE0YTQtZDhiYmMxMGYyYWUwIiwiYXBpX2FjY2Vzc19ncmFudCI6IlRydWUiLCJuYmYiOjE2MzI3NjM3OTUsImV4cCI6MTYzMjc2NTU5NSwiaWF0IjoxNjMyNzYzNzk1fQ.a1sTGRDEqiU_6qMx6qkzf_3wm3Im_bqL9bsxkLprEUUQUKjkx8erAGdjwMps5g57sxTDhOF7okW-c9vq6iXWOw','2021-09-27 19:59:55','PostmanRuntime/7.28.4','2021-09-27 19:50:49','87b53a19-1fb8-11ec-b836-d8bbc10f2ae0','2021-09-27 20:29:55','2021-09-27 17:29:55',1,NULL,0,NULL,'2021-09-27 19:50:49'),('87f5a4ea-b3e7-11eb-85a2-309c2364fdb6','6c7d07e0-a5b5-11eb-bac0-309c2364fdb6',NULL,'::1',59168,NULL,'::1',5001,'eyJhbGciOiJIUzUxMiIsInR5cCI6IkpXVCJ9.eyJpZCI6IjZjN2QwN2UwLWE1YjUtMTFlYi1iYWMwLTMwOWMyMzY0ZmRiNiIsInVzZXIiOiJ0ZXN0IiwidXNlcl90eXBlX2lkIjoiNzMzZmQwOWMtYTViNS0xMWViLWJhYzAtMzA5YzIzNjRmZGI2IiwiZW1haWwiOiJ0ZXN0IiwiYXBpX2FjY2Vzc19ncmFudCI6IlRydWUiLCJuYmYiOjE2MjA5MDkyNTYsImV4cCI6MTYyMDkxMTA1NiwiaWF0IjoxNjIwOTA5MjU2fQ.g6TBzBQEBP72xVvmwBPy5Tgq4BlOgWqy_UvLVx0s9PilhHlvW21u0qQXLVLS-tsih2pmidBnMv3qfEQvi5JM8w','2021-05-13 15:04:16','PostmanRuntime/7.26.8',NULL,'87f3354d-b3e7-11eb-85a2-309c2364fdb6','2021-05-13 15:34:16','2021-05-13 12:34:16',1,NULL,0,NULL,'2021-05-27 11:48:28'),('8a1d33a6-bca3-11eb-a1d6-309c2364fdb6','6c7d07e0-a5b5-11eb-bac0-309c2364fdb6','localhost',NULL,34046,'localhost',NULL,5001,'eyJhbGciOiJIUzUxMiIsInR5cCI6IkpXVCJ9.eyJpZCI6IjZjN2QwN2UwLWE1YjUtMTFlYi1iYWMwLTMwOWMyMzY0ZmRiNiIsInVzZXIiOiJ0ZXN0IiwidXNlcl90eXBlX2lkIjoiNzMzZmQwOWMtYTViNS0xMWViLWJhYzAtMzA5YzIzNjRmZGI2IiwiZW1haWwiOiJ0ZXN0IiwiYXBpX2FjY2Vzc19ncmFudCI6IlRydWUiLCJuYmYiOjE2MjE4Njk2MTQsImV4cCI6MTYyMTg3MTQxNCwiaWF0IjoxNjIxODY5NjE0fQ.hVERubgW1IIFHvG9tUm0mvC5lyMK_7DjlpNqLWFEz8gTFG_w5fs5mHoRmHF2cXtWw0s_sve7O57zRoyYwJY07w','2021-05-24 17:50:15','Mozilla/5.0 (Windows NT 10.0; Win64; x64; rv:87.0) Gecko/20100101 Firefox/87.0',NULL,'8a189902-bca3-11eb-a1d6-309c2364fdb6','2021-05-24 18:20:15','2021-05-24 15:20:14',1,NULL,0,NULL,NULL),('8a5d92de-2b99-11ec-a833-d8bbc10f2ae0','6c7d07e0-a5b5-11eb-bac0-309c2364fdb6',NULL,'::1',9014,NULL,'::1',5001,'eyJhbGciOiJIUzUxMiIsInR5cCI6IkpXVCJ9.eyJ1dWlkIjoiNmM3ZDA3ZTAtYTViNS0xMWViLWJhYzAtMzA5YzIzNjRmZGI2IiwidXNlciI6InRlc3QiLCJ1c2VyX3R5cGVfaWQiOiI3MzQwNDI1ZS1hNWI1LTExZWItYmFjMC0zMDljMjM2NGZkYjYiLCJpc19hZG0iOiJGYWxzZSIsImVtYWlsIjoiZGNkOGFjMzktYmZhMi0xMWViLWExMWYtMzA5YzIzNjRmZGI2IiwiYXBpX2FjY2Vzc19ncmFudCI6IlRydWUiLCJuYmYiOjE2MzQwNjk4OTksImV4cCI6MTYzNDA3MTY5OSwiaWF0IjoxNjM0MDY5ODk5fQ.O3gZHBqjiylMgHD7PDc1xqgpbSOdYrcW1-bt_rINYnNrpbP2k-fpiheKlKao3BLERaj9kWG2ej78jTGi-oROhQ','2021-10-12 22:48:19','PostmanRuntime/7.28.4',NULL,'8a5d6f79-2b99-11ec-a833-d8bbc10f2ae0','2021-10-12 23:18:19','2021-10-12 20:18:19',1,NULL,0,NULL,NULL),('8a90a9ce-b3eb-11eb-85a2-309c2364fdb6','6c7d07e0-a5b5-11eb-bac0-309c2364fdb6',NULL,'::1',59277,NULL,'::1',5001,'eyJhbGciOiJIUzUxMiIsInR5cCI6IkpXVCJ9.eyJpZCI6IjZjN2QwN2UwLWE1YjUtMTFlYi1iYWMwLTMwOWMyMzY0ZmRiNiIsInVzZXIiOiJ0ZXN0IiwidXNlcl90eXBlX2lkIjoiNzMzZmQwOWMtYTViNS0xMWViLWJhYzAtMzA5YzIzNjRmZGI2IiwiZW1haWwiOiJ0ZXN0IiwiYXBpX2FjY2Vzc19ncmFudCI6IlRydWUiLCJuYmYiOjE2MjA5MTA5NzgsImV4cCI6MTYyMDkxMjc3OCwiaWF0IjoxNjIwOTEwOTc4fQ.bkVQH7tRNmbVR0QQzQ64Kk0duIdybGsIkXzz3cK5rUzc4-gvoneLIC6EdRTiB1ANPnOWYgc7h9hVTrKHfYRoZA','2021-05-13 15:32:59','PostmanRuntime/7.26.8',NULL,'8a8e78de-b3eb-11eb-85a2-309c2364fdb6','2021-05-13 16:02:59','2021-05-13 13:02:58',1,NULL,0,NULL,'2021-05-27 11:48:28'),('8aa9fcf8-4fda-11ec-a1a1-d8bbc10f2ae0','d0f751a8-3425-11ec-b696-d8bbc10f2ae0','localhost',NULL,7369,'localhost',NULL,5001,'eyJhbGciOiJIUzUxMiIsInR5cCI6IkpXVCJ9.eyJ1dWlkIjoiZDBmNzUxYTgtMzQyNS0xMWVjLWI2OTYtZDhiYmMxMGYyYWUwIiwidXNlciI6Im1pa2Etcm9vc0B3ZWIuZGUiLCJ1c2VyX3R5cGVfaWQiOiIwZTEyNDRmOC0xY2EzLTExZWMtYTRhNC1kOGJiYzEwZjJhZTAiLCJpc19hZG0iOiJUcnVlIiwiZW1haWwiOiJkMGViOTVkMi0zNDI1LTExZWMtYjY5Ni1kOGJiYzEwZjJhZTAiLCJhcGlfYWNjZXNzX2dyYW50IjoiVHJ1ZSIsIm5iZiI6MTYzODA1NjA1OCwiZXhwIjoxNjM4MDU3ODU4LCJpYXQiOjE2MzgwNTYwNTh9.ZRN4BkqRP8f0iUino1C_a9c2hoVZCVFqsgJJjmNOVuViVdixkzgS5sNCSCLHDsd3QCKY_V2iF0r7voVlM5QNtw','2021-11-28 01:04:19','Mozilla/5.0 (Windows NT 10.0; Win64; x64; rv:94.0) Gecko/20100101 Firefox/94.0',NULL,'8aa9da82-4fda-11ec-a1a1-d8bbc10f2ae0','2021-11-28 01:34:19','2021-11-27 23:34:18',1,NULL,0,NULL,NULL),('8ada1b7d-bca7-11eb-a1d6-309c2364fdb6','6c7d07e0-a5b5-11eb-bac0-309c2364fdb6',NULL,'::1',34684,NULL,'::1',5001,'eyJhbGciOiJIUzUxMiIsInR5cCI6IkpXVCJ9.eyJpZCI6IjZjN2QwN2UwLWE1YjUtMTFlYi1iYWMwLTMwOWMyMzY0ZmRiNiIsInVzZXIiOiJ0ZXN0IiwidXNlcl90eXBlX2lkIjoiNzMzZmQwOWMtYTViNS0xMWViLWJhYzAtMzA5YzIzNjRmZGI2IiwiZW1haWwiOiJ0ZXN0IiwiYXBpX2FjY2Vzc19ncmFudCI6IlRydWUiLCJuYmYiOjE2MjE4NzEzMzMsImV4cCI6MTYyMTg3MzEzMywiaWF0IjoxNjIxODcxMzMzfQ.rn3WDlryBti37EJC2FIPOw12T1X0i2UuO-mX5deKmNqMh7_jZFiPEFuITzJjt4GngVoNPH5qEMnC1f1ujuv-1Q','2021-05-24 18:18:54','PostmanRuntime/7.26.8',NULL,'8ad69d2a-bca7-11eb-a1d6-309c2364fdb6','2021-05-24 18:48:54','2021-05-24 15:48:54',1,NULL,0,NULL,NULL),('8b388b6a-b045-11eb-bbf1-309c2364fdb6','6c7d07e0-a5b5-11eb-bac0-309c2364fdb6',NULL,'::1',55682,NULL,'::1',5001,'eyJhbGciOiJIUzUxMiIsInR5cCI6IkpXVCJ9.eyJpZCI6IjZjN2QwN2UwLWE1YjUtMTFlYi1iYWMwLTMwOWMyMzY0ZmRiNiIsInVzZXIiOiJ0ZXN0IiwidXNlcl90eXBlX2lkIjoiNzMzZmQwOWMtYTViNS0xMWViLWJhYzAtMzA5YzIzNjRmZGI2IiwiZW1haWwiOiJ0ZXN0IiwibmJmIjoxNjIwNTA5ODI5LCJleHAiOjE2MjA1MTE2MjksImlhdCI6MTYyMDUwOTgyOX0.Hjj_baX_Fzhfa5x0C108Vox31lZLQcYH3falLLGr8ZE-UdTGfx_E-OU_2AFekAE1UriPYKGCStxmmsdzCTuBZQ','2021-05-09 00:07:10','PostmanRuntime/7.26.8',NULL,'8b369063-b045-11eb-bbf1-309c2364fdb6','2021-05-09 00:37:10','2021-05-08 21:37:09',1,NULL,0,NULL,'2021-05-27 11:48:28'),('8b44303a-f788-11eb-9131-309c2364fdb6','6c7d07e0-a5b5-11eb-bac0-309c2364fdb6',NULL,'::1',23845,NULL,'::1',5001,'eyJhbGciOiJIUzUxMiIsInR5cCI6IkpXVCJ9.eyJ1dWlkIjoiNmM3ZDA3ZTAtYTViNS0xMWViLWJhYzAtMzA5YzIzNjRmZGI2IiwidXNlciI6InRlc3QiLCJ1c2VyX3R5cGVfaWQiOiI3MzQwNDI1ZS1hNWI1LTExZWItYmFjMC0zMDljMjM2NGZkYjYiLCJpc19hZG0iOiJGYWxzZSIsImVtYWlsIjoiZGNkOGFjMzktYmZhMi0xMWViLWExMWYtMzA5YzIzNjRmZGI2IiwiYXBpX2FjY2Vzc19ncmFudCI6IlRydWUiLCJuYmYiOjE2MjgzNDUxMzgsImV4cCI6MTYyODM0NjkzOCwiaWF0IjoxNjI4MzQ1MTM4fQ.g8aMRPMfSG6QYshW9o8moLSE2r7ukcknNZwpOFifAmu0Am4uFZP1Du7WaTBqfK1ioACtyGMA6L4W_ZfZELCEeg','2021-08-07 16:35:39','PostmanRuntime/7.28.3',NULL,'8b3e6b61-f788-11eb-9131-309c2364fdb6','2021-08-07 17:05:39','2021-08-07 14:05:38',1,NULL,0,NULL,NULL),('8b5c8049-b045-11eb-bbf1-309c2364fdb6','6c7d07e0-a5b5-11eb-bac0-309c2364fdb6',NULL,'::1',55682,NULL,'::1',5001,'eyJhbGciOiJIUzUxMiIsInR5cCI6IkpXVCJ9.eyJpZCI6IjZjN2QwN2UwLWE1YjUtMTFlYi1iYWMwLTMwOWMyMzY0ZmRiNiIsInVzZXIiOiJ0ZXN0IiwidXNlcl90eXBlX2lkIjoiNzMzZmQwOWMtYTViNS0xMWViLWJhYzAtMzA5YzIzNjRmZGI2IiwiZW1haWwiOiJ0ZXN0IiwibmJmIjoxNjIwNTA5ODMwLCJleHAiOjE2MjA1MTE2MzAsImlhdCI6MTYyMDUwOTgzMH0.xKQ0sfJuPpZQElNf3i3KEWK-CSDrW9j0DvesKGew_h4__dqg6ICvin7QIJPH5umQocfzPWTKJ0N-wIHVyHWm8Q','2021-05-09 00:07:10','PostmanRuntime/7.26.8',NULL,'8b5ab4f1-b045-11eb-bbf1-309c2364fdb6','2021-05-09 00:37:10','2021-05-08 21:37:10',1,NULL,0,NULL,'2021-05-27 11:48:28'),('8d7c1fff-c873-11eb-a494-309c2364fdb6','6c7d07e0-a5b5-11eb-bac0-309c2364fdb6',NULL,'::1',52688,NULL,'::1',5001,'eyJhbGciOiJIUzUxMiIsInR5cCI6IkpXVCJ9.eyJ1dWlkIjoiNmM3ZDA3ZTAtYTViNS0xMWViLWJhYzAtMzA5YzIzNjRmZGI2IiwidXNlciI6InRlc3QiLCJ1c2VyX3R5cGVfaWQiOiI3MzQwNDI1ZS1hNWI1LTExZWItYmFjMC0zMDljMjM2NGZkYjYiLCJpc19hZG0iOiJGYWxzZSIsImVtYWlsIjoiZGNkOGFjMzktYmZhMi0xMWViLWExMWYtMzA5YzIzNjRmZGI2IiwiYXBpX2FjY2Vzc19ncmFudCI6IlRydWUiLCJuYmYiOjE2MjMxNjg0MTgsImV4cCI6MTYyMzE3MDIxMCwiaWF0IjoxNjIzMTY4NDE4fQ.aMlOliPwS3PUAP_EaeDoIX-OPH_Lu1CQ-rot86KVzDKkaRbYMG6TlB0slZHd2c-4PYyCDlIdTHhs_VWuLduKwg','2021-06-08 18:36:51','PostmanRuntime/7.26.8',NULL,'8d779d0a-c873-11eb-a494-309c2364fdb6','2021-06-08 19:06:51','2021-06-08 16:06:58',1,NULL,0,NULL,NULL),('8eaa7f5b-1fb5-11ec-b836-d8bbc10f2ae0','f8708bc4-1ca5-11ec-a4a4-d8bbc10f2ae0',NULL,'::1',50364,NULL,'::1',5001,'eyJhbGciOiJIUzUxMiIsInR5cCI6IkpXVCJ9.eyJ1dWlkIjoiZjg3MDhiYzQtMWNhNS0xMWVjLWE0YTQtZDhiYmMxMGYyYWUwIiwidXNlciI6InJvb3QiLCJ1c2VyX3R5cGVfaWQiOiIwZTEyNDRmOC0xY2EzLTExZWMtYTRhNC1kOGJiYzEwZjJhZTAiLCJpc19hZG0iOiJGYWxzZSIsImVtYWlsIjoiZWRmMDQ5NjItMWNhNS0xMWVjLWE0YTQtZDhiYmMxMGYyYWUwIiwiYXBpX2FjY2Vzc19ncmFudCI6IlRydWUiLCJuYmYiOjE2MzI3NjIzNTEsImV4cCI6MTYzMjc2NDE1MSwiaWF0IjoxNjMyNzYyMzUxfQ.MfCGvwa9N-uWfgyPxvzUPcPgMdsPsa4qBOweqP_ZS7v_CrNrLqFgDg8BEC9d2pTlVUsUXb6MHPiUgQusU_2fsw','2021-09-27 19:35:52','PostmanRuntime/7.28.4',NULL,'2b54db12-1fb5-11ec-b836-d8bbc10f2ae0','2021-09-27 20:05:52','2021-09-27 17:08:38',1,NULL,0,NULL,NULL),('8f40a380-f5e9-11eb-b474-309c2364fdb6','6c7d07e0-a5b5-11eb-bac0-309c2364fdb6',NULL,'::1',2764,NULL,'::1',5001,'eyJhbGciOiJIUzUxMiIsInR5cCI6IkpXVCJ9.eyJ1dWlkIjoiNmM3ZDA3ZTAtYTViNS0xMWViLWJhYzAtMzA5YzIzNjRmZGI2IiwidXNlciI6InRlc3QiLCJ1c2VyX3R5cGVfaWQiOiI3MzQwNDI1ZS1hNWI1LTExZWItYmFjMC0zMDljMjM2NGZkYjYiLCJpc19hZG0iOiJGYWxzZSIsImVtYWlsIjoiZGNkOGFjMzktYmZhMi0xMWViLWExMWYtMzA5YzIzNjRmZGI2IiwiYXBpX2FjY2Vzc19ncmFudCI6IlRydWUiLCJuYmYiOjE2MjgxNjY5MDQsImV4cCI6MTYyODE2ODcwMywiaWF0IjoxNjI4MTY2OTA0fQ.PK6GOnt2D7vFKVJ6ACyyta0cBi419j3kP5Zr2CbNDf13ejmOyG8QsJY3ywUWNVnkzhoF0L8vBxijM-YatuJ_kg','2021-08-05 15:05:04','PostmanRuntime/7.28.2',NULL,'8f3b1194-f5e9-11eb-b474-309c2364fdb6','2021-08-05 15:35:04','2021-08-05 12:35:04',1,NULL,0,NULL,NULL),('8f5e425f-becd-11eb-8e36-309c2364fdb6','3e166107-be6a-11eb-9f54-842afd097283',NULL,'::1',52620,NULL,'::1',5001,'eyJhbGciOiJIUzUxMiIsInR5cCI6IkpXVCJ9.eyJ1dWlkIjoiM2UxNjYxMDctYmU2YS0xMWViLTlmNTQtODQyYWZkMDk3MjgzIiwidXNlciI6InRlc3QyIiwidXNlcl90eXBlX2lkIjoiNzM0MDQyNWUtYTViNS0xMWViLWJhYzAtMzA5YzIzNjRmZGI2IiwiaXNfYWRtIjoiRmFsc2UiLCJlbWFpbCI6InRlc3QyIiwiYXBpX2FjY2Vzc19ncmFudCI6IlRydWUiLCJuYmYiOjE2MjIxMDc1NjQsImV4cCI6MTYyMjEwOTM2NCwiaWF0IjoxNjIyMTA3NTY0fQ.a3EgHh3PqL1R1f5lZBmb5sSR8CzHH2jYyzl3TwOsiVtyJZKlaB0Y-ALoT4oidOn5rvpAfjrAG3F4kqr2FvNFTA','2021-05-27 11:56:05','PostmanRuntime/7.26.8',NULL,'8f5c5069-becd-11eb-8e36-309c2364fdb6','2021-05-27 12:26:05','2021-05-27 09:26:04',1,NULL,0,NULL,NULL),('905891be-bee7-11eb-8e36-309c2364fdb6','6c7d07e0-a5b5-11eb-bac0-309c2364fdb6',NULL,'::1',54775,NULL,'::1',5001,'eyJhbGciOiJIUzUxMiIsInR5cCI6IkpXVCJ9.eyJ1dWlkIjoiNmM3ZDA3ZTAtYTViNS0xMWViLWJhYzAtMzA5YzIzNjRmZGI2IiwidXNlciI6InRlc3QiLCJ1c2VyX3R5cGVfaWQiOiI3MzQwNDI1ZS1hNWI1LTExZWItYmFjMC0zMDljMjM2NGZkYjYiLCJpc19hZG0iOiJGYWxzZSIsImVtYWlsIjoidGVzdCIsImFwaV9hY2Nlc3NfZ3JhbnQiOiJUcnVlIiwibmJmIjoxNjIyMTE4NzMzLCJleHAiOjE2MjIxMjA1MzMsImlhdCI6MTYyMjExODczM30.PKYphtzKOZX9gF5SidnbcmjsvdnsPs88Nj7OObvIfGtaVmoLhCEuHwymlS8Lf13O1BSamaRd80L_OnDOKYd7HQ','2021-05-27 15:02:13','PostmanRuntime/7.26.8',NULL,'9056680f-bee7-11eb-8e36-309c2364fdb6','2021-05-27 15:32:13','2021-05-27 12:32:13',1,NULL,0,NULL,NULL),('90ec2f92-4f9b-11ec-a1a1-d8bbc10f2ae0','d0f751a8-3425-11ec-b696-d8bbc10f2ae0','localhost',NULL,2006,'localhost',NULL,5001,'eyJhbGciOiJIUzUxMiIsInR5cCI6IkpXVCJ9.eyJ1dWlkIjoiZDBmNzUxYTgtMzQyNS0xMWVjLWI2OTYtZDhiYmMxMGYyYWUwIiwidXNlciI6Im1pa2Etcm9vc0B3ZWIuZGUiLCJ1c2VyX3R5cGVfaWQiOiIwZTEyNDRmOC0xY2EzLTExZWMtYTRhNC1kOGJiYzEwZjJhZTAiLCJpc19hZG0iOiJUcnVlIiwiZW1haWwiOiJkMGViOTVkMi0zNDI1LTExZWMtYjY5Ni1kOGJiYzEwZjJhZTAiLCJhcGlfYWNjZXNzX2dyYW50IjoiRmFsc2UiLCJuYmYiOjE2MzgwMjkwMTEsImV4cCI6MTYzODAzMDgxMSwiaWF0IjoxNjM4MDI5MDExfQ.wKclPF3Q0AiP15Vg1kHS8mVMip8DiTHWWOceHLE_-OGUdKjLMi4x0vIJkJBG7qcudUV-k4XI-5ac1YOFpTZNEw','2021-11-27 17:33:31','Mozilla/5.0 (Windows NT 10.0; Win64; x64; rv:94.0) Gecko/20100101 Firefox/94.0',NULL,'90ec1063-4f9b-11ec-a1a1-d8bbc10f2ae0','2021-11-27 18:03:31','2021-11-27 16:03:31',1,NULL,0,NULL,NULL),('91f42cf4-2b99-11ec-a833-d8bbc10f2ae0','6c7d07e0-a5b5-11eb-bac0-309c2364fdb6',NULL,'::1',9014,NULL,'::1',5001,'eyJhbGciOiJIUzUxMiIsInR5cCI6IkpXVCJ9.eyJ1dWlkIjoiNmM3ZDA3ZTAtYTViNS0xMWViLWJhYzAtMzA5YzIzNjRmZGI2IiwidXNlciI6InRlc3QiLCJ1c2VyX3R5cGVfaWQiOiI3MzQwNDI1ZS1hNWI1LTExZWItYmFjMC0zMDljMjM2NGZkYjYiLCJpc19hZG0iOiJGYWxzZSIsImVtYWlsIjoiZGNkOGFjMzktYmZhMi0xMWViLWExMWYtMzA5YzIzNjRmZGI2IiwiYXBpX2FjY2Vzc19ncmFudCI6IlRydWUiLCJuYmYiOjE2MzQwNjk5MTIsImV4cCI6MTYzNDA3MTcxMiwiaWF0IjoxNjM0MDY5OTEyfQ.NkNhrAH8Y9T777IRDGLsKQ9GrIJ8MtIXRH1WfaZUXcYeflTlz2p-kRh-sjO3Tqz8uilIiMX03SbhIPhBqnvrqw','2021-10-12 22:48:32','PostmanRuntime/7.28.4',NULL,'91f3ff04-2b99-11ec-a833-d8bbc10f2ae0','2021-10-12 23:18:32','2021-10-12 20:18:32',1,NULL,0,NULL,NULL),('93080caf-b3e4-11eb-85a2-309c2364fdb6','6c7d07e0-a5b5-11eb-bac0-309c2364fdb6',NULL,'::1',59119,NULL,'::1',5001,'eyJhbGciOiJIUzUxMiIsInR5cCI6IkpXVCJ9.eyJpZCI6IjZjN2QwN2UwLWE1YjUtMTFlYi1iYWMwLTMwOWMyMzY0ZmRiNiIsInVzZXIiOiJ0ZXN0IiwidXNlcl90eXBlX2lkIjoiNzMzZmQwOWMtYTViNS0xMWViLWJhYzAtMzA5YzIzNjRmZGI2IiwiZW1haWwiOiJ0ZXN0IiwiYXBpX2FjY2Vzc19ncmFudCI6IlRydWUiLCJuYmYiOjE2MjA5MDc5ODYsImV4cCI6MTYyMDkwOTc4NiwiaWF0IjoxNjIwOTA3OTg2fQ.A3vfdgdXm_RYYMthbsvLydwinfljC1VziE9oYXnGO17T7N5h_FwDjKmKUWpMMJvyGuCrzWKkQLPNUJVFVD4ikA','2021-05-13 14:43:06','PostmanRuntime/7.26.8',NULL,'9305937d-b3e4-11eb-85a2-309c2364fdb6','2021-05-13 15:13:06','2021-05-13 12:13:06',1,NULL,0,NULL,'2021-05-27 11:48:28'),('94b59662-2b9c-11ec-a833-d8bbc10f2ae0','6c7d07e0-a5b5-11eb-bac0-309c2364fdb6','localhost',NULL,3516,'localhost',NULL,5001,'eyJhbGciOiJIUzUxMiIsInR5cCI6IkpXVCJ9.eyJ1dWlkIjoiNmM3ZDA3ZTAtYTViNS0xMWViLWJhYzAtMzA5YzIzNjRmZGI2IiwidXNlciI6InRlc3QiLCJ1c2VyX3R5cGVfaWQiOiI3MzQwNDI1ZS1hNWI1LTExZWItYmFjMC0zMDljMjM2NGZkYjYiLCJpc19hZG0iOiJGYWxzZSIsImVtYWlsIjoiZGNkOGFjMzktYmZhMi0xMWViLWExMWYtMzA5YzIzNjRmZGI2IiwiYXBpX2FjY2Vzc19ncmFudCI6IlRydWUiLCJuYmYiOjE2MzQwNzEyMDUsImV4cCI6MTYzNDA3MzAwNSwiaWF0IjoxNjM0MDcxMjA1fQ.iJ1kawW7onTVRGDi6TdNVsjd7GfjA_O0ahdbs-q7dlJxqMhtjZRIheXLvA7zAFvMTt-pQbH10JkOmNQo-nkSWg','2021-10-12 23:10:05','Mozilla/5.0 (Windows NT 10.0; Win64; x64; rv:93.0) Gecko/20100101 Firefox/93.0',NULL,'94b57036-2b9c-11ec-a833-d8bbc10f2ae0','2021-10-12 23:40:05','2021-10-12 20:40:05',1,NULL,0,NULL,NULL),('9512503e-b3ea-11eb-85a2-309c2364fdb6','6c7d07e0-a5b5-11eb-bac0-309c2364fdb6',NULL,'::1',59244,NULL,'::1',5001,'eyJhbGciOiJIUzUxMiIsInR5cCI6IkpXVCJ9.eyJpZCI6IjZjN2QwN2UwLWE1YjUtMTFlYi1iYWMwLTMwOWMyMzY0ZmRiNiIsInVzZXIiOiJ0ZXN0IiwidXNlcl90eXBlX2lkIjoiNzMzZmQwOWMtYTViNS0xMWViLWJhYzAtMzA5YzIzNjRmZGI2IiwiZW1haWwiOiJ0ZXN0IiwiYXBpX2FjY2Vzc19ncmFudCI6IlRydWUiLCJuYmYiOjE2MjA5MTA1NjYsImV4cCI6MTYyMDkxMjM2NiwiaWF0IjoxNjIwOTEwNTY2fQ.G0PlD5h8dDqnYxUHjyAcA0nDiO7_Mf0GzoeRCK5fegI2w380uRVXoIUF-fnWz3IezbROB8B3U-WWzzWVROWmEw','2021-05-13 15:26:07','PostmanRuntime/7.26.8',NULL,'95104b1c-b3ea-11eb-85a2-309c2364fdb6','2021-05-13 15:56:07','2021-05-13 12:56:06',1,NULL,0,NULL,'2021-05-27 11:48:28'),('955061ac-fb8b-11eb-9892-309c2364fdb6','6c7d07e0-a5b5-11eb-bac0-309c2364fdb6',NULL,'::1',22435,NULL,'::1',5001,'eyJhbGciOiJIUzUxMiIsInR5cCI6IkpXVCJ9.eyJ1dWlkIjoiNmM3ZDA3ZTAtYTViNS0xMWViLWJhYzAtMzA5YzIzNjRmZGI2IiwidXNlciI6InRlc3QiLCJ1c2VyX3R5cGVfaWQiOiI3MzQwNDI1ZS1hNWI1LTExZWItYmFjMC0zMDljMjM2NGZkYjYiLCJpc19hZG0iOiJGYWxzZSIsImVtYWlsIjoiZGNkOGFjMzktYmZhMi0xMWViLWExMWYtMzA5YzIzNjRmZGI2IiwiYXBpX2FjY2Vzc19ncmFudCI6IlRydWUiLCJuYmYiOjE2Mjg3ODYyNDgsImV4cCI6MTYyODc4ODA0OCwiaWF0IjoxNjI4Nzg2MjQ4fQ.PcaIuvflWJcg515HUhI0xOPe-uOmddOnkykfPe-_6l0hvS4v77MpfBr9gGawx5xiiFD8iq7VZ723Kj_NdzcklA','2021-08-12 19:07:29','PostmanRuntime/7.28.3',NULL,'954708c4-fb8b-11eb-9892-309c2364fdb6','2021-08-12 19:37:29','2021-08-12 16:37:28',1,NULL,0,NULL,NULL),('967439cb-e25d-11eb-9dd4-309c2364fdb6','6c7d07e0-a5b5-11eb-bac0-309c2364fdb6',NULL,'::1',53547,NULL,'::1',5001,'eyJhbGciOiJIUzUxMiIsInR5cCI6IkpXVCJ9.eyJ1dWlkIjoiNmM3ZDA3ZTAtYTViNS0xMWViLWJhYzAtMzA5YzIzNjRmZGI2IiwidXNlciI6InRlc3QiLCJ1c2VyX3R5cGVfaWQiOiI3MzQwNDI1ZS1hNWI1LTExZWItYmFjMC0zMDljMjM2NGZkYjYiLCJpc19hZG0iOiJGYWxzZSIsImVtYWlsIjoiZGNkOGFjMzktYmZhMi0xMWViLWExMWYtMzA5YzIzNjRmZGI2IiwiYXBpX2FjY2Vzc19ncmFudCI6IlRydWUiLCJuYmYiOjE2MjYwMTc3MTQsImV4cCI6MTYyNjAxOTUxNCwiaWF0IjoxNjI2MDE3NzE0fQ.5WckA-5XhyNfxIoyOGk4xJPEKSGTuYcR62uWnvu4dw_E0RLKXCiVBk-5CsOwMo4amFye6rEWXXbnY6X842Mg7g','2021-07-11 18:05:15','PostmanRuntime/7.26.8',NULL,'96706648-e25d-11eb-9dd4-309c2364fdb6','2021-07-11 18:35:15','2021-07-11 15:35:21',1,NULL,0,NULL,NULL),('9737ae49-c89b-11eb-a494-309c2364fdb6','6c7d07e0-a5b5-11eb-bac0-309c2364fdb6',NULL,'::1',56716,NULL,'::1',5001,'eyJhbGciOiJIUzUxMiIsInR5cCI6IkpXVCJ9.eyJ1dWlkIjoiNmM3ZDA3ZTAtYTViNS0xMWViLWJhYzAtMzA5YzIzNjRmZGI2IiwidXNlciI6InRlc3QiLCJ1c2VyX3R5cGVfaWQiOiI3MzQwNDI1ZS1hNWI1LTExZWItYmFjMC0zMDljMjM2NGZkYjYiLCJpc19hZG0iOiJGYWxzZSIsImVtYWlsIjoiZGNkOGFjMzktYmZhMi0xMWViLWExMWYtMzA5YzIzNjRmZGI2IiwiYXBpX2FjY2Vzc19ncmFudCI6IlRydWUiLCJuYmYiOjE2MjMxODU2MTQsImV4cCI6MTYyMzE4NzQxNCwiaWF0IjoxNjIzMTg1NjE0fQ.Avh-4op9r1ww6jsdcqDkWG5BwzxfJINAkeS18Q66sseBy_CJ6zC0ZGnDdAbY8-Ax94aWO7g1YQl0F7MKCuoXfw','2021-06-08 23:23:34','PostmanRuntime/7.26.8',NULL,'973453c6-c89b-11eb-a494-309c2364fdb6','2021-06-08 23:53:34','2021-06-08 20:53:34',1,NULL,0,NULL,NULL),('97ed8611-2b99-11ec-a833-d8bbc10f2ae0','6c7d07e0-a5b5-11eb-bac0-309c2364fdb6',NULL,'::1',9014,NULL,'::1',5001,'eyJhbGciOiJIUzUxMiIsInR5cCI6IkpXVCJ9.eyJ1dWlkIjoiNmM3ZDA3ZTAtYTViNS0xMWViLWJhYzAtMzA5YzIzNjRmZGI2IiwidXNlciI6InRlc3QiLCJ1c2VyX3R5cGVfaWQiOiI3MzQwNDI1ZS1hNWI1LTExZWItYmFjMC0zMDljMjM2NGZkYjYiLCJpc19hZG0iOiJGYWxzZSIsImVtYWlsIjoiZGNkOGFjMzktYmZhMi0xMWViLWExMWYtMzA5YzIzNjRmZGI2IiwiYXBpX2FjY2Vzc19ncmFudCI6IlRydWUiLCJuYmYiOjE2MzQwNjk5MjIsImV4cCI6MTYzNDA3MTcyMiwiaWF0IjoxNjM0MDY5OTIyfQ.XJNQH7Mc8ayeSLPNrHdOjBABQ4522bBuQkrz9kb87o8dcCwLmsfkFpl6J3pjhTP2RyzGgLCW5aEN5b5201yhQg','2021-10-12 22:48:42','PostmanRuntime/7.28.4',NULL,'97ed6099-2b99-11ec-a833-d8bbc10f2ae0','2021-10-12 23:18:42','2021-10-12 20:18:42',1,NULL,0,NULL,NULL),('988a0045-f79c-11eb-9fdf-309c2364fdb6','6c7d07e0-a5b5-11eb-bac0-309c2364fdb6',NULL,'::1',1441,NULL,'::1',5001,'eyJhbGciOiJIUzUxMiIsInR5cCI6IkpXVCJ9.eyJ1dWlkIjoiNmM3ZDA3ZTAtYTViNS0xMWViLWJhYzAtMzA5YzIzNjRmZGI2IiwidXNlciI6InRlc3QiLCJ1c2VyX3R5cGVfaWQiOiI3MzQwNDI1ZS1hNWI1LTExZWItYmFjMC0zMDljMjM2NGZkYjYiLCJpc19hZG0iOiJGYWxzZSIsImVtYWlsIjoiZGNkOGFjMzktYmZhMi0xMWViLWExMWYtMzA5YzIzNjRmZGI2IiwiYXBpX2FjY2Vzc19ncmFudCI6IlRydWUiLCJuYmYiOjE2MjgzNTM3NTAsImV4cCI6MTYyODM1NTU1MCwiaWF0IjoxNjI4MzUzNzUwfQ.s1bBbwmw3c2E3J3OkdsjljZsvhnlzoYwDy-Dr5wHsrq1eRXsXwNXKQK7idggX12P5KVoRrgClhM006eRlEJSRA','2021-08-07 18:59:11','PostmanRuntime/7.28.3',NULL,'98845f1f-f79c-11eb-9fdf-309c2364fdb6','2021-08-07 19:29:11','2021-08-07 16:29:11',1,NULL,0,NULL,NULL),('99437200-b3e4-11eb-85a2-309c2364fdb6','6c7d07e0-a5b5-11eb-bac0-309c2364fdb6',NULL,'::1',59119,NULL,'::1',5001,'eyJhbGciOiJIUzUxMiIsInR5cCI6IkpXVCJ9.eyJpZCI6IjZjN2QwN2UwLWE1YjUtMTFlYi1iYWMwLTMwOWMyMzY0ZmRiNiIsInVzZXIiOiJ0ZXN0IiwidXNlcl90eXBlX2lkIjoiNzMzZmQwOWMtYTViNS0xMWViLWJhYzAtMzA5YzIzNjRmZGI2IiwiZW1haWwiOiJ0ZXN0IiwiYXBpX2FjY2Vzc19ncmFudCI6IlRydWUiLCJuYmYiOjE2MjA5MDc5OTcsImV4cCI6MTYyMDkwOTc5NywiaWF0IjoxNjIwOTA3OTk3fQ.N1UGhEIBI2ysPCqTBdBjj7LG7AP9FASfA1FQo6NErh2gdgkao8aPEZ_hGI8xayUZM0yu-XkeiCJs1h8Sb_NXeg','2021-05-13 14:43:17','PostmanRuntime/7.26.8',NULL,'994146b9-b3e4-11eb-85a2-309c2364fdb6','2021-05-13 15:13:17','2021-05-13 12:13:17',1,NULL,0,NULL,'2021-05-27 11:48:28'),('99554d66-bcaa-11eb-a1d6-309c2364fdb6','6c7d07e0-a5b5-11eb-bac0-309c2364fdb6','localhost',NULL,35000,'localhost',NULL,5001,'eyJhbGciOiJIUzUxMiIsInR5cCI6IkpXVCJ9.eyJpZCI6IjZjN2QwN2UwLWE1YjUtMTFlYi1iYWMwLTMwOWMyMzY0ZmRiNiIsInVzZXIiOiJ0ZXN0IiwidXNlcl90eXBlX2lkIjoiNzMzZmQwOWMtYTViNS0xMWViLWJhYzAtMzA5YzIzNjRmZGI2IiwiZW1haWwiOiJ0ZXN0IiwiYXBpX2FjY2Vzc19ncmFudCI6IlRydWUiLCJuYmYiOjE2MjE4NzI2NDYsImV4cCI6MTYyMTg3NDQ0NiwiaWF0IjoxNjIxODcyNjQ2fQ._ozeeM4XKHf94PwoWDF-uJjwpbMFiCIemLlP85IuvzNltcUaEAgXk-R-r0WizsqF4UV-fgOROochQ3XxEAKsrA','2021-05-24 18:40:47','Mozilla/5.0 (Windows NT 10.0; Win64; x64; rv:87.0) Gecko/20100101 Firefox/87.0',NULL,'99533269-bcaa-11eb-a1d6-309c2364fdb6','2021-05-24 19:10:47','2021-05-24 16:10:46',1,NULL,0,NULL,NULL),('9a125e13-b3ec-11eb-85a2-309c2364fdb6','6c7d07e0-a5b5-11eb-bac0-309c2364fdb6',NULL,'::1',59345,NULL,'::1',5001,'eyJhbGciOiJIUzUxMiIsInR5cCI6IkpXVCJ9.eyJpZCI6IjZjN2QwN2UwLWE1YjUtMTFlYi1iYWMwLTMwOWMyMzY0ZmRiNiIsInVzZXIiOiJ0ZXN0IiwidXNlcl90eXBlX2lkIjoiNzMzZmQwOWMtYTViNS0xMWViLWJhYzAtMzA5YzIzNjRmZGI2IiwiZW1haWwiOiJ0ZXN0IiwiYXBpX2FjY2Vzc19ncmFudCI6IlRydWUiLCJuYmYiOjE2MjA5MTE0MzQsImV4cCI6MTYyMDkxMzIzNCwiaWF0IjoxNjIwOTExNDM0fQ.syLPZkw_funVKPlun-4MV0J0dcU5X2Q7kTPgplB3hD3ttcxz0NascBAIxcf8d5U-HrhAxTvU60sV3qaTzu6TSQ','2021-05-13 15:40:34','PostmanRuntime/7.26.8',NULL,'9a0e3a99-b3ec-11eb-85a2-309c2364fdb6','2021-05-13 16:10:34','2021-05-13 13:10:34',1,NULL,0,NULL,'2021-05-27 11:48:28'),('9b50ae4f-4492-11ec-915f-d8bbc10f2ae0','d0f751a8-3425-11ec-b696-d8bbc10f2ae0','localhost',NULL,14286,'localhost',NULL,5001,'eyJhbGciOiJIUzUxMiIsInR5cCI6IkpXVCJ9.eyJ1dWlkIjoiZDBmNzUxYTgtMzQyNS0xMWVjLWI2OTYtZDhiYmMxMGYyYWUwIiwidXNlciI6Im1pa2Etcm9vc0B3ZWIuZGUiLCJ1c2VyX3R5cGVfaWQiOiIwZTEyNDRmOC0xY2EzLTExZWMtYTRhNC1kOGJiYzEwZjJhZTAiLCJpc19hZG0iOiJUcnVlIiwiZW1haWwiOiJkMGViOTVkMi0zNDI1LTExZWMtYjY5Ni1kOGJiYzEwZjJhZTAiLCJhcGlfYWNjZXNzX2dyYW50IjoiRmFsc2UiLCJuYmYiOjE2MzY4MTU3MDAsImV4cCI6MTYzNjgxNzUwMCwiaWF0IjoxNjM2ODE1NzAwfQ.fdUvthAUjoZaIhx8Esun7FdNM-pL-yXegJUeWoF5GytUTigL6qhEweka1BJYtRZ0ISnSHVvEdbGa4QlKEE3bPA','2021-11-13 16:31:40','Mozilla/5.0 (Windows NT 10.0; Win64; x64; rv:94.0) Gecko/20100101 Firefox/94.0',NULL,'9b50868e-4492-11ec-915f-d8bbc10f2ae0','2021-11-13 17:01:40','2021-11-13 15:01:40',1,NULL,0,NULL,NULL),('9b658998-b061-11eb-bbf1-309c2364fdb6','6c7d07e0-a5b5-11eb-bac0-309c2364fdb6',NULL,'::1',57736,NULL,'::1',5001,'eyJhbGciOiJIUzUxMiIsInR5cCI6IkpXVCJ9.eyJpZCI6IjZjN2QwN2UwLWE1YjUtMTFlYi1iYWMwLTMwOWMyMzY0ZmRiNiIsInVzZXIiOiJ0ZXN0IiwidXNlcl90eXBlX2lkIjoiNzMzZmQwOWMtYTViNS0xMWViLWJhYzAtMzA5YzIzNjRmZGI2IiwiZW1haWwiOiJ0ZXN0IiwibmJmIjoxNjIwNTIxODgyLCJleHAiOjE2MjA1MjM2ODIsImlhdCI6MTYyMDUyMTg4Mn0.vpkuXPp-oreOVOTUTxYwF-T9zdJre8_eu0RJSJqvLxSAalLi429ybyWQcZ2ANoNpv6Z_-TUE-_jx8UvuEp9uzA','2021-05-09 03:28:03','PostmanRuntime/7.26.8',NULL,'9b6366cf-b061-11eb-bbf1-309c2364fdb6','2021-05-09 03:58:03','2021-05-09 00:58:03',1,NULL,0,NULL,'2021-05-27 11:48:28'),('9b6f1c24-5486-11ec-9e6e-d8bbc10f2ae0','f8708bc4-1ca5-11ec-a4a4-d8bbc10f2ae0',NULL,'::1',19454,NULL,'::1',5001,'eyJhbGciOiJIUzUxMiIsInR5cCI6IkpXVCJ9.eyJ1dWlkIjoiZjg3MDhiYzQtMWNhNS0xMWVjLWE0YTQtZDhiYmMxMGYyYWUwIiwidXNlciI6InJvb3QiLCJ1c2VyX3R5cGVfaWQiOiIwZTEyNDRmOC0xY2EzLTExZWMtYTRhNC1kOGJiYzEwZjJhZTAiLCJpc19hZG0iOiJUcnVlIiwiZW1haWwiOiJlZGYwNDk2Mi0xY2E1LTExZWMtYTRhNC1kOGJiYzEwZjJhZTAiLCJhcGlfYWNjZXNzX2dyYW50IjoiVHJ1ZSIsIm5iZiI6MTYzODU2OTc2NSwiZXhwIjoxNjM4NTcxNTY1LCJpYXQiOjE2Mzg1Njk3NjV9.QlT1IeTDBBGarI7vEaSUFiLy7MutmGQmHQ7pXR7iVK7kdlsLZ6bswXgIi2gZIi1xGYhAjMLnjoIUaiW8jJYxiA','2021-12-03 23:46:05','PostmanRuntime/7.28.4',NULL,'9b6ed59f-5486-11ec-9e6e-d8bbc10f2ae0','2021-12-04 00:16:05','2021-12-03 22:16:05',1,NULL,0,NULL,NULL),('9c951413-f21b-11eb-ad62-309c2364fdb6','6c7d07e0-a5b5-11eb-bac0-309c2364fdb6',NULL,'::1',53744,NULL,'::1',5001,'eyJhbGciOiJIUzUxMiIsInR5cCI6IkpXVCJ9.eyJ1dWlkIjoiNmM3ZDA3ZTAtYTViNS0xMWViLWJhYzAtMzA5YzIzNjRmZGI2IiwidXNlciI6InRlc3QiLCJ1c2VyX3R5cGVfaWQiOiI3MzQwNDI1ZS1hNWI1LTExZWItYmFjMC0zMDljMjM2NGZkYjYiLCJpc19hZG0iOiJGYWxzZSIsImVtYWlsIjoiZGNkOGFjMzktYmZhMi0xMWViLWExMWYtMzA5YzIzNjRmZGI2IiwiYXBpX2FjY2Vzc19ncmFudCI6IlRydWUiLCJuYmYiOjE2Mjc3NDg1OTYsImV4cCI6MTYyNzc1MDM5NiwiaWF0IjoxNjI3NzQ4NTk2fQ.c6_W7-AYU2iuFaygPKVmi1PG_EAQk_p2XJi_yAH0teWcOD8bVMLc58veYnGTzS-r-blUGA866xcU-ORp-vjbJw','2021-07-31 18:53:17','PostmanRuntime/7.26.8',NULL,'9c900df0-f21b-11eb-ad62-309c2364fdb6','2021-07-31 19:23:17','2021-07-31 16:23:17',1,NULL,0,NULL,NULL),('9e18f97b-bebf-11eb-8e36-309c2364fdb6','6c7d07e0-a5b5-11eb-bac0-309c2364fdb6',NULL,'::1',51517,NULL,'::1',5001,'eyJhbGciOiJIUzUxMiIsInR5cCI6IkpXVCJ9.eyJ1dWlkIjoiNmM3ZDA3ZTAtYTViNS0xMWViLWJhYzAtMzA5YzIzNjRmZGI2IiwidXNlciI6InRlc3QiLCJ1c2VyX3R5cGVfaWQiOiI3MzQwNDI1ZS1hNWI1LTExZWItYmFjMC0zMDljMjM2NGZkYjYiLCJpc19hZG0iOiJGYWxzZSIsImVtYWlsIjoidGVzdCIsImFwaV9hY2Nlc3NfZ3JhbnQiOiJUcnVlIiwibmJmIjoxNjIyMTAxNTc2LCJleHAiOjE2MjIxMDMzNzYsImlhdCI6MTYyMjEwMTU3Nn0.sdn4S6X7XkfbmC9C3s1XA5fjgOodM_2xSn2bOqnpWc7z3gV1PqnQHOKLFQP_E4DpT8195l7RFDeG8GieNf9V9A','2021-05-27 10:16:16','PostmanRuntime/7.26.8',NULL,'9e1687e1-bebf-11eb-8e36-309c2364fdb6','2021-05-27 10:46:16','2021-05-27 07:46:16',1,NULL,0,NULL,NULL),('9e449950-bf01-11eb-8e36-309c2364fdb6','6c7d07e0-a5b5-11eb-bac0-309c2364fdb6',NULL,'::1',57228,NULL,'::1',5001,'eyJhbGciOiJIUzUxMiIsInR5cCI6IkpXVCJ9.eyJ1dWlkIjoiNmM3ZDA3ZTAtYTViNS0xMWViLWJhYzAtMzA5YzIzNjRmZGI2IiwidXNlciI6InRlc3QiLCJ1c2VyX3R5cGVfaWQiOiI3MzQwNDI1ZS1hNWI1LTExZWItYmFjMC0zMDljMjM2NGZkYjYiLCJpc19hZG0iOiJGYWxzZSIsImVtYWlsIjoidGVzdCIsImFwaV9hY2Nlc3NfZ3JhbnQiOiJUcnVlIiwibmJmIjoxNjIyMTI5OTIzLCJleHAiOjE2MjIxMzE3MjMsImlhdCI6MTYyMjEyOTkyM30.PufeD6F9pLFTE-xwOWg5oa3p6JysCnyqFE6dwtqVHOXLQZCCDG_Q9z7f6BzEUZETi1NOfg7oZYLO7mDDiOKXhA','2021-05-27 18:08:43','PostmanRuntime/7.26.8',NULL,'9e4001f9-bf01-11eb-8e36-309c2364fdb6','2021-05-27 18:38:43','2021-05-27 15:38:43',1,NULL,0,NULL,NULL),('9f6eda91-fb69-11eb-9892-309c2364fdb6','6c7d07e0-a5b5-11eb-bac0-309c2364fdb6',NULL,'::1',8599,NULL,'::1',5001,'eyJhbGciOiJIUzUxMiIsInR5cCI6IkpXVCJ9.eyJ1dWlkIjoiNmM3ZDA3ZTAtYTViNS0xMWViLWJhYzAtMzA5YzIzNjRmZGI2IiwidXNlciI6InRlc3QiLCJ1c2VyX3R5cGVfaWQiOiI3MzQwNDI1ZS1hNWI1LTExZWItYmFjMC0zMDljMjM2NGZkYjYiLCJpc19hZG0iOiJGYWxzZSIsImVtYWlsIjoiZGNkOGFjMzktYmZhMi0xMWViLWExMWYtMzA5YzIzNjRmZGI2IiwiYXBpX2FjY2Vzc19ncmFudCI6IlRydWUiLCJuYmYiOjE2Mjg3NzE2NjIsImV4cCI6MTYyODc3MzQ2MiwiaWF0IjoxNjI4NzcxNjYyfQ.Te5ADTgMvnNnki8PI39xPretn0EOTm7hwU6diwO-vRVsHQTDDvGfwz5mAFbbiXnZZjO5MREn_ZTATOeY9LTr1g','2021-08-12 15:04:23','PostmanRuntime/7.28.3',NULL,'9f6a04b3-fb69-11eb-9892-309c2364fdb6','2021-08-12 15:34:23','2021-08-12 12:34:22',1,NULL,0,NULL,NULL),('9faaa5fb-d2b5-11eb-9165-309c2364fdb6','6c7d07e0-a5b5-11eb-bac0-309c2364fdb6','localhost',NULL,15581,'localhost',NULL,5001,'eyJhbGciOiJIUzUxMiIsInR5cCI6IkpXVCJ9.eyJ1dWlkIjoiNmM3ZDA3ZTAtYTViNS0xMWViLWJhYzAtMzA5YzIzNjRmZGI2IiwidXNlciI6InRlc3QiLCJ1c2VyX3R5cGVfaWQiOiI3MzQwNDI1ZS1hNWI1LTExZWItYmFjMC0zMDljMjM2NGZkYjYiLCJpc19hZG0iOiJGYWxzZSIsImVtYWlsIjoiZGNkOGFjMzktYmZhMi0xMWViLWExMWYtMzA5YzIzNjRmZGI2IiwiYXBpX2FjY2Vzc19ncmFudCI6IlRydWUiLCJuYmYiOjE2MjQyOTYzMDcsImV4cCI6MTYyNDI5ODEwNywiaWF0IjoxNjI0Mjk2MzA3fQ.bKo0qVzKzlzezK-Te_O890TvPl4WfRuuTy2UopoDDIOw6M3IBoXY7BWMNhHPr7MqUTi5KvlqWKwE21xOWzDzmQ','2021-06-21 19:55:07','Mozilla/5.0 (Windows NT 10.0; Win64; x64; rv:89.0) Gecko/20100101 Firefox/89.0',NULL,'9fa8c8af-d2b5-11eb-9165-309c2364fdb6','2021-06-21 20:25:07','2021-06-21 17:25:07',1,NULL,0,NULL,NULL),('a0034f9a-e8d0-11eb-8bd4-842afd097283','3e166107-be6a-11eb-9f54-842afd097283',NULL,'::1',14325,NULL,'::1',5001,'eyJhbGciOiJIUzUxMiIsInR5cCI6IkpXVCJ9.eyJ1dWlkIjoiM2UxNjYxMDctYmU2YS0xMWViLTlmNTQtODQyYWZkMDk3MjgzIiwidXNlciI6InRlc3QyIiwidXNlcl90eXBlX2lkIjoiNzM0MDQyNWUtYTViNS0xMWViLWJhYzAtMzA5YzIzNjRmZGI2IiwiaXNfYWRtIjoiRmFsc2UiLCJlbWFpbCI6ImRjZDhlYzRlLWJmYTItMTFlYi1hMTFmLTMwOWMyMzY0ZmRiNiIsImFwaV9hY2Nlc3NfZ3JhbnQiOiJUcnVlIiwibmJmIjoxNjI2NzI2ODI5LCJleHAiOjE2MjY3Mjg2MjksImlhdCI6MTYyNjcyNjgyOX0.05UrnwDMxTsp_-IA8MVAjbfgfdHj_C9VqW6ete47scm5X0Qf_ASwtxMOHLX3eDEsG4ADEWCp5AqbMCSTVzQmOQ','2021-07-19 23:03:50','PostmanRuntime/7.26.8',NULL,'9fff95cd-e8d0-11eb-8bd4-842afd097283','2021-07-19 23:33:50','2021-07-19 20:33:50',1,NULL,0,NULL,NULL),('a06f9f99-2b99-11ec-a833-d8bbc10f2ae0','6c7d07e0-a5b5-11eb-bac0-309c2364fdb6',NULL,'::1',9014,NULL,'::1',5001,'eyJhbGciOiJIUzUxMiIsInR5cCI6IkpXVCJ9.eyJ1dWlkIjoiNmM3ZDA3ZTAtYTViNS0xMWViLWJhYzAtMzA5YzIzNjRmZGI2IiwidXNlciI6InRlc3QiLCJ1c2VyX3R5cGVfaWQiOiI3MzQwNDI1ZS1hNWI1LTExZWItYmFjMC0zMDljMjM2NGZkYjYiLCJpc19hZG0iOiJGYWxzZSIsImVtYWlsIjoiZGNkOGFjMzktYmZhMi0xMWViLWExMWYtMzA5YzIzNjRmZGI2IiwiYXBpX2FjY2Vzc19ncmFudCI6IlRydWUiLCJuYmYiOjE2MzQwNjk5MzYsImV4cCI6MTYzNDA3MTczNiwiaWF0IjoxNjM0MDY5OTM2fQ.Uxxx40AtfotSKYZgoLTusHibaWZr4teLTnAjb8qsePFviu4MN-20e7JyCHSIGbPezl2hPcikaOWgasAh8oenRA','2021-10-12 22:48:56','PostmanRuntime/7.28.4',NULL,'a06f6d96-2b99-11ec-a833-d8bbc10f2ae0','2021-10-12 23:18:56','2021-10-12 20:18:56',1,NULL,0,NULL,NULL),('a0b425d6-448e-11ec-915f-d8bbc10f2ae0','d0f751a8-3425-11ec-b696-d8bbc10f2ae0','localhost',NULL,13396,'localhost',NULL,5001,'eyJhbGciOiJIUzUxMiIsInR5cCI6IkpXVCJ9.eyJ1dWlkIjoiZDBmNzUxYTgtMzQyNS0xMWVjLWI2OTYtZDhiYmMxMGYyYWUwIiwidXNlciI6Im1pa2Etcm9vc0B3ZWIuZGUiLCJ1c2VyX3R5cGVfaWQiOiIwZTEyNDRmOC0xY2EzLTExZWMtYTRhNC1kOGJiYzEwZjJhZTAiLCJpc19hZG0iOiJUcnVlIiwiZW1haWwiOiJkMGViOTVkMi0zNDI1LTExZWMtYjY5Ni1kOGJiYzEwZjJhZTAiLCJhcGlfYWNjZXNzX2dyYW50IjoiRmFsc2UiLCJuYmYiOjE2MzY4MTM5OTEsImV4cCI6MTYzNjgxNTc4OSwiaWF0IjoxNjM2ODEzOTkxfQ.FfthXAq735BQ5C19rmUOLrA8UnfVccB__p24rBJOUR-uGVGz5tSex2wDI5GhGo387_95hhT_fR6-S_8-0rKzPw','2021-11-13 16:03:09','Mozilla/5.0 (Windows NT 10.0; Win64; x64; rv:94.0) Gecko/20100101 Firefox/94.0','2021-11-13 16:01:12','a0b3bb90-448e-11ec-915f-d8bbc10f2ae0','2021-11-13 16:33:09','2021-11-13 14:33:11',1,NULL,0,NULL,'2021-11-13 16:01:12'),('a1d4d8e6-c8a0-11eb-a494-309c2364fdb6','6c7d07e0-a5b5-11eb-bac0-309c2364fdb6',NULL,'::1',57026,NULL,'::1',5001,'eyJhbGciOiJIUzUxMiIsInR5cCI6IkpXVCJ9.eyJ1dWlkIjoiNmM3ZDA3ZTAtYTViNS0xMWViLWJhYzAtMzA5YzIzNjRmZGI2IiwidXNlciI6InRlc3QiLCJ1c2VyX3R5cGVfaWQiOiI3MzQwNDI1ZS1hNWI1LTExZWItYmFjMC0zMDljMjM2NGZkYjYiLCJpc19hZG0iOiJGYWxzZSIsImVtYWlsIjoiZGNkOGFjMzktYmZhMi0xMWViLWExMWYtMzA5YzIzNjRmZGI2IiwiYXBpX2FjY2Vzc19ncmFudCI6IlRydWUiLCJuYmYiOjE2MjMxODc3NzksImV4cCI6MTYyMzE4OTU3OSwiaWF0IjoxNjIzMTg3Nzc5fQ.BVfKCCLgoXVVEYF5oyw_JOOmaW4A5_AUvoH3B48mEyqBj3vO4N19HAuH7fvLeJHlsoiWmReszJj34KnKmoMahg','2021-06-08 23:59:40','PostmanRuntime/7.26.8',NULL,'a1d1f4fb-c8a0-11eb-a494-309c2364fdb6','2021-06-09 00:29:40','2021-06-08 21:29:40',1,NULL,0,NULL,NULL),('a20eb666-be62-11eb-9f54-842afd097283','6c7d07e0-a5b5-11eb-bac0-309c2364fdb6',NULL,'::1',1568,NULL,'::1',5001,'eyJhbGciOiJIUzUxMiIsInR5cCI6IkpXVCJ9.eyJ1dWlkIjoiNmM3ZDA3ZTAtYTViNS0xMWViLWJhYzAtMzA5YzIzNjRmZGI2IiwidXNlciI6InRlc3QiLCJ1c2VyX3R5cGVfaWQiOiI3MzNmZDA5Yy1hNWI1LTExZWItYmFjMC0zMDljMjM2NGZkYjYiLCJpc19hZG1pbiI6IlRydWUiLCJlbWFpbCI6InRlc3QiLCJhcGlfYWNjZXNzX2dyYW50IjoiRmFsc2UiLCJuYmYiOjE2MjIwNjE2MzgsImV4cCI6MTYyMjA2MzQzOCwiaWF0IjoxNjIyMDYxNjM4fQ.L5H_mE2hQ1SvUIGGnwPPbgQWoYoJJsDm5edwb4HusoRwW7t0mZS3BdFWM7h5mzpLqGJjZofr2d1krIHbXmXctw','2021-05-26 23:10:39','PostmanRuntime/7.26.8',NULL,'a14c631d-be62-11eb-9f54-842afd097283','2021-05-26 23:40:39','2021-05-26 20:40:39',1,NULL,0,NULL,NULL),('a2666bae-bf0a-11eb-8e36-309c2364fdb6','6c7d07e0-a5b5-11eb-bac0-309c2364fdb6',NULL,'::1',58010,NULL,'::1',5001,'eyJhbGciOiJIUzUxMiIsInR5cCI6IkpXVCJ9.eyJ1dWlkIjoiNmM3ZDA3ZTAtYTViNS0xMWViLWJhYzAtMzA5YzIzNjRmZGI2IiwidXNlciI6InRlc3QiLCJ1c2VyX3R5cGVfaWQiOiI3MzQwNDI1ZS1hNWI1LTExZWItYmFjMC0zMDljMjM2NGZkYjYiLCJpc19hZG0iOiJGYWxzZSIsImVtYWlsIjoidGVzdCIsImFwaV9hY2Nlc3NfZ3JhbnQiOiJUcnVlIiwibmJmIjoxNjIyMTMzNzk1LCJleHAiOjE2MjIxMzU1OTUsImlhdCI6MTYyMjEzMzc5NX0.ZeYWuD74MIN29L_1csgIEBfPxegrkDpi9Qa46lYdsjimo3Vw4rplnrIWgtxTFv2S3D7HESvDXP7rf4j5wOhKmg','2021-05-27 19:13:16','PostmanRuntime/7.26.8',NULL,'a263c99a-bf0a-11eb-8e36-309c2364fdb6','2021-05-27 19:43:16','2021-05-27 16:43:16',1,NULL,0,NULL,NULL),('a2d613e4-e262-11eb-9dd4-309c2364fdb6','6c7d07e0-a5b5-11eb-bac0-309c2364fdb6',NULL,'::1',53840,NULL,'::1',5001,'eyJhbGciOiJIUzUxMiIsInR5cCI6IkpXVCJ9.eyJ1dWlkIjoiNmM3ZDA3ZTAtYTViNS0xMWViLWJhYzAtMzA5YzIzNjRmZGI2IiwidXNlciI6InRlc3QiLCJ1c2VyX3R5cGVfaWQiOiI3MzQwNDI1ZS1hNWI1LTExZWItYmFjMC0zMDljMjM2NGZkYjYiLCJpc19hZG0iOiJGYWxzZSIsImVtYWlsIjoiZGNkOGFjMzktYmZhMi0xMWViLWExMWYtMzA5YzIzNjRmZGI2IiwiYXBpX2FjY2Vzc19ncmFudCI6IlRydWUiLCJuYmYiOjE2MjYwMTk4ODIsImV4cCI6MTYyNjAyMTY4MiwiaWF0IjoxNjI2MDE5ODgyfQ.GkjjWE3_d8YLhBTCb6NNM4lxDV1UNr-uM7C5pIFvPYZs6d40sWQYDMqUWxU0S2yL0tDgwGmM-Sb3kk1gkD5uRw','2021-07-11 18:41:23','PostmanRuntime/7.26.8',NULL,'a2d0f5a2-e262-11eb-9dd4-309c2364fdb6','2021-07-11 19:11:23','2021-07-11 16:11:23',1,NULL,0,NULL,NULL),('a2dee18a-3fe4-11ec-bc48-d8bbc10f2ae0','d0f751a8-3425-11ec-b696-d8bbc10f2ae0','localhost',NULL,1455,'localhost',NULL,5001,'eyJhbGciOiJIUzUxMiIsInR5cCI6IkpXVCJ9.eyJ1dWlkIjoiZDBmNzUxYTgtMzQyNS0xMWVjLWI2OTYtZDhiYmMxMGYyYWUwIiwidXNlciI6Im1pa2Etcm9vc0B3ZWIuZGUiLCJ1c2VyX3R5cGVfaWQiOiIwZTEyNDRmOC0xY2EzLTExZWMtYTRhNC1kOGJiYzEwZjJhZTAiLCJpc19hZG0iOiJUcnVlIiwiZW1haWwiOiJkMGViOTVkMi0zNDI1LTExZWMtYjY5Ni1kOGJiYzEwZjJhZTAiLCJhcGlfYWNjZXNzX2dyYW50IjoiRmFsc2UiLCJuYmYiOjE2MzYzMDExNzUsImV4cCI6MTYzNjMwMjk3NSwiaWF0IjoxNjM2MzAxMTc1fQ.06UMO5lZ0AI9WpS7rXMdQ6V_xwX7_6cfncseDDTBwhffXdyl4fMx5WXpM58yFp3OBppOtKOXtvpbavzK6YyvhQ','2021-11-07 17:36:16','Mozilla/5.0 (Windows NT 10.0; Win64; x64; rv:94.0) Gecko/20100101 Firefox/94.0','2021-11-07 17:06:31','a2deb921-3fe4-11ec-bc48-d8bbc10f2ae0','2021-11-07 18:06:16','2021-11-07 16:06:15',1,NULL,0,NULL,'2021-11-07 17:06:31'),('a2ec8d2d-504b-11ec-9b15-d8bbc10f2ae0','d0f751a8-3425-11ec-b696-d8bbc10f2ae0','localhost',NULL,17276,'localhost',NULL,5001,'eyJhbGciOiJIUzUxMiIsInR5cCI6IkpXVCJ9.eyJ1dWlkIjoiZDBmNzUxYTgtMzQyNS0xMWVjLWI2OTYtZDhiYmMxMGYyYWUwIiwidXNlciI6Im1pa2Etcm9vc0B3ZWIuZGUiLCJ1c2VyX3R5cGVfaWQiOiIwZTEyNDRmOC0xY2EzLTExZWMtYTRhNC1kOGJiYzEwZjJhZTAiLCJpc19hZG0iOiJUcnVlIiwiZW1haWwiOiJkMGViOTVkMi0zNDI1LTExZWMtYjY5Ni1kOGJiYzEwZjJhZTAiLCJhcGlfYWNjZXNzX2dyYW50IjoiVHJ1ZSIsIm5iZiI6MTYzODEwNDYzMiwiZXhwIjoxNjM4MTA2NDMyLCJpYXQiOjE2MzgxMDQ2MzJ9.4XMe3Bx8XFz_oyd1BTmpQwHjtTyDYO0rz8-8W07Nq2LqPft7umaKAjMITQWJL2N2v6n0tU-HCHK4vc628dcY0g','2021-11-28 14:33:53','Mozilla/5.0 (Windows NT 10.0; Win64; x64; rv:94.0) Gecko/20100101 Firefox/94.0',NULL,'a2ec72b0-504b-11ec-9b15-d8bbc10f2ae0','2021-11-28 15:03:53','2021-11-28 13:03:52',1,NULL,0,NULL,NULL),('a3e6cde0-172a-11ec-b334-d8bbc10f2ae0','6c7d07e0-a5b5-11eb-bac0-309c2364fdb6',NULL,'::1',1109,NULL,'::1',5001,'eyJhbGciOiJIUzUxMiIsInR5cCI6IkpXVCJ9.eyJ1dWlkIjoiNmM3ZDA3ZTAtYTViNS0xMWViLWJhYzAtMzA5YzIzNjRmZGI2IiwidXNlciI6InRlc3QiLCJ1c2VyX3R5cGVfaWQiOiI3MzQwNDI1ZS1hNWI1LTExZWItYmFjMC0zMDljMjM2NGZkYjYiLCJpc19hZG0iOiJGYWxzZSIsImVtYWlsIjoiZGNkOGFjMzktYmZhMi0xMWViLWExMWYtMzA5YzIzNjRmZGI2IiwiYXBpX2FjY2Vzc19ncmFudCI6IlRydWUiLCJuYmYiOjE2MzE4MjMyNDQsImV4cCI6MTYzMTgyNTA0NCwiaWF0IjoxNjMxODIzMjQ0fQ.Xe9CGnGAWbZB3eve5IrJt8qtSEXYjgkl-ujSAy1LSTXbkO3FqYyZkzjQhFUrgFfafcZzM0TNQms88SZ6VgFkLg','2021-09-16 22:44:04','PostmanRuntime/7.28.4',NULL,'a3e291bc-172a-11ec-b334-d8bbc10f2ae0','2021-09-16 23:14:04','2021-09-16 20:14:04',1,NULL,0,NULL,NULL),('a3e755e3-2b99-11ec-a833-d8bbc10f2ae0','6c7d07e0-a5b5-11eb-bac0-309c2364fdb6',NULL,'::1',9014,NULL,'::1',5001,'eyJhbGciOiJIUzUxMiIsInR5cCI6IkpXVCJ9.eyJ1dWlkIjoiNmM3ZDA3ZTAtYTViNS0xMWViLWJhYzAtMzA5YzIzNjRmZGI2IiwidXNlciI6InRlc3QiLCJ1c2VyX3R5cGVfaWQiOiI3MzQwNDI1ZS1hNWI1LTExZWItYmFjMC0zMDljMjM2NGZkYjYiLCJpc19hZG0iOiJGYWxzZSIsImVtYWlsIjoiZGNkOGFjMzktYmZhMi0xMWViLWExMWYtMzA5YzIzNjRmZGI2IiwiYXBpX2FjY2Vzc19ncmFudCI6IlRydWUiLCJuYmYiOjE2MzQwNjk5NDIsImV4cCI6MTYzNDA3MTc0MiwiaWF0IjoxNjM0MDY5OTQyfQ.t0WVfWW5t8QhlpCQR72ZcOZW7fdrK7CtY_5Zeip3h-p1lNbEPE0OTy7Opl9BgH7dBvhb3fltvO7e5et1yiKRfQ','2021-10-12 22:49:02','PostmanRuntime/7.28.4',NULL,'a3e72fb7-2b99-11ec-a833-d8bbc10f2ae0','2021-10-12 23:19:02','2021-10-12 20:19:02',1,NULL,0,NULL,NULL),('a56d1b6e-4fd9-11ec-a1a1-d8bbc10f2ae0','d0f751a8-3425-11ec-b696-d8bbc10f2ae0','localhost',NULL,7289,'localhost',NULL,5001,'eyJhbGciOiJIUzUxMiIsInR5cCI6IkpXVCJ9.eyJ1dWlkIjoiZDBmNzUxYTgtMzQyNS0xMWVjLWI2OTYtZDhiYmMxMGYyYWUwIiwidXNlciI6Im1pa2Etcm9vc0B3ZWIuZGUiLCJ1c2VyX3R5cGVfaWQiOiIwZTEyNDRmOC0xY2EzLTExZWMtYTRhNC1kOGJiYzEwZjJhZTAiLCJpc19hZG0iOiJUcnVlIiwiZW1haWwiOiJkMGViOTVkMi0zNDI1LTExZWMtYjY5Ni1kOGJiYzEwZjJhZTAiLCJhcGlfYWNjZXNzX2dyYW50IjoiVHJ1ZSIsIm5iZiI6MTYzODA1NTY3NCwiZXhwIjoxNjM4MDU3NDc0LCJpYXQiOjE2MzgwNTU2NzR9.q3TVyM0wg7xW0WS7xgrHCzu1PZp82gyIHJgOqP35y3OeyslgfIEAhcPTmwr-Wn-I3hPxjEr91Cr547Z7Ks8wRw','2021-11-28 00:57:54','Mozilla/5.0 (Windows NT 10.0; Win64; x64; rv:94.0) Gecko/20100101 Firefox/94.0','2021-11-28 00:28:35','a56cc76f-4fd9-11ec-a1a1-d8bbc10f2ae0','2021-11-28 01:27:54','2021-11-27 23:27:54',1,NULL,0,NULL,'2021-11-28 00:28:35'),('a7264e6e-1fb5-11ec-b836-d8bbc10f2ae0','f8708bc4-1ca5-11ec-a4a4-d8bbc10f2ae0',NULL,'::1',50364,NULL,'::1',5001,'eyJhbGciOiJIUzUxMiIsInR5cCI6IkpXVCJ9.eyJ1dWlkIjoiZjg3MDhiYzQtMWNhNS0xMWVjLWE0YTQtZDhiYmMxMGYyYWUwIiwidXNlciI6InJvb3QiLCJ1c2VyX3R5cGVfaWQiOiIwZTEyNDRmOC0xY2EzLTExZWMtYTRhNC1kOGJiYzEwZjJhZTAiLCJpc19hZG0iOiJGYWxzZSIsImVtYWlsIjoiZWRmMDQ5NjItMWNhNS0xMWVjLWE0YTQtZDhiYmMxMGYyYWUwIiwiYXBpX2FjY2Vzc19ncmFudCI6IlRydWUiLCJuYmYiOjE2MzI3NjI1NTUsImV4cCI6MTYzMjc2NDM1NSwiaWF0IjoxNjMyNzYyNTU1fQ.pDR5rAbcvldbrpO_q1vmoQjrQSaYhqXDeAjlM0Y1a3H8ktnCb93mfGlF7_wyJaxR1vGAIyjQYC4f1Cp--oqQ_g','2021-09-27 19:39:16','PostmanRuntime/7.28.4',NULL,'a4ed2071-1fb5-11ec-b836-d8bbc10f2ae0','2021-09-27 20:09:16','2021-09-27 17:09:19',1,NULL,0,NULL,NULL),('a73b0542-f1f7-11eb-ad62-309c2364fdb6','6c7d07e0-a5b5-11eb-bac0-309c2364fdb6',NULL,'::1',51009,NULL,'::1',5001,'eyJhbGciOiJIUzUxMiIsInR5cCI6IkpXVCJ9.eyJ1dWlkIjoiNmM3ZDA3ZTAtYTViNS0xMWViLWJhYzAtMzA5YzIzNjRmZGI2IiwidXNlciI6InRlc3QiLCJ1c2VyX3R5cGVfaWQiOiI3MzQwNDI1ZS1hNWI1LTExZWItYmFjMC0zMDljMjM2NGZkYjYiLCJpc19hZG0iOiJGYWxzZSIsImVtYWlsIjoiZGNkOGFjMzktYmZhMi0xMWViLWExMWYtMzA5YzIzNjRmZGI2IiwiYXBpX2FjY2Vzc19ncmFudCI6IlRydWUiLCJuYmYiOjE2Mjc3MzMxNTIsImV4cCI6MTYyNzczNDk1MiwiaWF0IjoxNjI3NzMzMTUyfQ.YbxIIF4j9vVqgLnPRxCid2hG5MteJMQS3tSsTeWw7G0fi3Cv21ctoo9rVfEo8Klghff41czdXYwWG1w3JX6q2A','2021-07-31 14:35:52','PostmanRuntime/7.26.8',NULL,'a735e252-f1f7-11eb-ad62-309c2364fdb6','2021-07-31 15:05:52','2021-07-31 12:05:52',1,NULL,0,NULL,NULL),('a7eb01dd-2ddc-11ec-ba94-d8bbc10f2ae0','6c7d07e0-a5b5-11eb-bac0-309c2364fdb6','localhost',NULL,22180,'localhost',NULL,5001,'eyJhbGciOiJIUzUxMiIsInR5cCI6IkpXVCJ9.eyJ1dWlkIjoiNmM3ZDA3ZTAtYTViNS0xMWViLWJhYzAtMzA5YzIzNjRmZGI2IiwidXNlciI6InRlc3QiLCJ1c2VyX3R5cGVfaWQiOiI3MzQwNDI1ZS1hNWI1LTExZWItYmFjMC0zMDljMjM2NGZkYjYiLCJpc19hZG0iOiJGYWxzZSIsImVtYWlsIjoiZGNkOGFjMzktYmZhMi0xMWViLWExMWYtMzA5YzIzNjRmZGI2IiwiYXBpX2FjY2Vzc19ncmFudCI6IlRydWUiLCJuYmYiOjE2MzQzMTg2MjcsImV4cCI6MTYzNDMyMDQyNywiaWF0IjoxNjM0MzE4NjI3fQ.DyEN3HZxc9DwCeL7q6Zk_FJvRNwZp1ixeueuh0HsIyl2yDdSxb1gIJf4uHFQzjJrzG29UMpmRREl-Tzep8tfzA','2021-10-15 19:53:47','Mozilla/5.0 (Windows NT 10.0; Win64; x64; rv:93.0) Gecko/20100101 Firefox/93.0',NULL,'a7ea99ad-2ddc-11ec-ba94-d8bbc10f2ae0','2021-10-15 20:23:47','2021-10-15 17:23:47',1,NULL,0,NULL,NULL),('a8864c08-2b99-11ec-a833-d8bbc10f2ae0','6c7d07e0-a5b5-11eb-bac0-309c2364fdb6',NULL,'::1',9014,NULL,'::1',5001,'eyJhbGciOiJIUzUxMiIsInR5cCI6IkpXVCJ9.eyJ1dWlkIjoiNmM3ZDA3ZTAtYTViNS0xMWViLWJhYzAtMzA5YzIzNjRmZGI2IiwidXNlciI6InRlc3QiLCJ1c2VyX3R5cGVfaWQiOiI3MzQwNDI1ZS1hNWI1LTExZWItYmFjMC0zMDljMjM2NGZkYjYiLCJpc19hZG0iOiJGYWxzZSIsImVtYWlsIjoiZGNkOGFjMzktYmZhMi0xMWViLWExMWYtMzA5YzIzNjRmZGI2IiwiYXBpX2FjY2Vzc19ncmFudCI6IlRydWUiLCJuYmYiOjE2MzQwNjk5NDksImV4cCI6MTYzNDA3MTc0OSwiaWF0IjoxNjM0MDY5OTQ5fQ.7Wr_7CmX7pVu0lmM1sw7K6YJRemNoGVmSI__XD39kmnmg6m_whKUxgDIaYWdJ1voNOEJ-Iig0CDUE90b1iefGg','2021-10-12 22:49:10','PostmanRuntime/7.28.4',NULL,'a886224a-2b99-11ec-a833-d8bbc10f2ae0','2021-10-12 23:19:10','2021-10-12 20:19:09',1,NULL,0,NULL,NULL),('a9c077ab-fb80-11eb-9892-309c2364fdb6','6c7d07e0-a5b5-11eb-bac0-309c2364fdb6',NULL,'::1',7997,NULL,'::1',5001,'eyJhbGciOiJIUzUxMiIsInR5cCI6IkpXVCJ9.eyJ1dWlkIjoiNmM3ZDA3ZTAtYTViNS0xMWViLWJhYzAtMzA5YzIzNjRmZGI2IiwidXNlciI6InRlc3QiLCJ1c2VyX3R5cGVfaWQiOiI3MzQwNDI1ZS1hNWI1LTExZWItYmFjMC0zMDljMjM2NGZkYjYiLCJpc19hZG0iOiJGYWxzZSIsImVtYWlsIjoiZGNkOGFjMzktYmZhMi0xMWViLWExMWYtMzA5YzIzNjRmZGI2IiwiYXBpX2FjY2Vzc19ncmFudCI6IlRydWUiLCJuYmYiOjE2Mjg3ODE1NTgsImV4cCI6MTYyODc4MzM1OCwiaWF0IjoxNjI4NzgxNTU4fQ.Mky4yF6BLqJlMybBh-jn9u1GL7-RCWUyl5alalhJJiRV1jn7VrQEn8wq2-NzCT_k3X5jBA1Vf5LOX9yqcTn-Tw','2021-08-12 17:49:19','PostmanRuntime/7.28.3',NULL,'a9b66871-fb80-11eb-9892-309c2364fdb6','2021-08-12 18:19:19','2021-08-12 15:19:18',1,NULL,0,NULL,NULL),('aa31c5a9-3200-11ec-b696-d8bbc10f2ae0','f8708bc4-1ca5-11ec-a4a4-d8bbc10f2ae0',NULL,'::1',1095,NULL,'::1',5001,'eyJhbGciOiJIUzUxMiIsInR5cCI6IkpXVCJ9.eyJ1dWlkIjoiZjg3MDhiYzQtMWNhNS0xMWVjLWE0YTQtZDhiYmMxMGYyYWUwIiwidXNlciI6InJvb3QiLCJ1c2VyX3R5cGVfaWQiOiIwZTEyNDRmOC0xY2EzLTExZWMtYTRhNC1kOGJiYzEwZjJhZTAiLCJpc19hZG0iOiJGYWxzZSIsImVtYWlsIjoiZWRmMDQ5NjItMWNhNS0xMWVjLWE0YTQtZDhiYmMxMGYyYWUwIiwiYXBpX2FjY2Vzc19ncmFudCI6IlRydWUiLCJuYmYiOjE2MzQ3NzM4OTcsImV4cCI6MTYzNDc3NTY5NywiaWF0IjoxNjM0NzczODk3fQ.3Gh4zFVpEvpHN8cDZA49vtEB8NEITW_jW6IE3jALk9zy2LDVsdPY71t6evXo8CwaogJBkqjif2MbP7pe1QssZw','2021-10-21 02:21:38','PostmanRuntime/7.28.4',NULL,'aa319f39-3200-11ec-b696-d8bbc10f2ae0','2021-10-21 02:51:38','2021-10-20 23:51:37',1,NULL,0,NULL,NULL),('aa841784-13f7-11ec-a474-d8bbc10f2ae0','6c7d07e0-a5b5-11eb-bac0-309c2364fdb6',NULL,'::1',20371,NULL,'::1',5001,'eyJhbGciOiJIUzUxMiIsInR5cCI6IkpXVCJ9.eyJ1dWlkIjoiNmM3ZDA3ZTAtYTViNS0xMWViLWJhYzAtMzA5YzIzNjRmZGI2IiwidXNlciI6InRlc3QiLCJ1c2VyX3R5cGVfaWQiOiI3MzQwNDI1ZS1hNWI1LTExZWItYmFjMC0zMDljMjM2NGZkYjYiLCJpc19hZG0iOiJGYWxzZSIsImVtYWlsIjoiZGNkOGFjMzktYmZhMi0xMWViLWExMWYtMzA5YzIzNjRmZGI2IiwiYXBpX2FjY2Vzc19ncmFudCI6IlRydWUiLCJuYmYiOjE2MzE0NzE0OTcsImV4cCI6MTYzMTQ3MzI5NywiaWF0IjoxNjMxNDcxNDk3fQ.f67bktx_6Z_cL8sVsghapsorY5ZdRDrl_tSU86xmgSlanjFDhhClIfWz0d8XqaSwXEIdjN7eEaN5pScrvkKvBw','2021-09-12 21:01:38','PostmanRuntime/7.28.4',NULL,'aa800f2f-13f7-11ec-a474-d8bbc10f2ae0','2021-09-12 21:31:38','2021-09-12 18:31:38',1,NULL,0,NULL,NULL),('ab50ce7b-cece-11eb-9af1-309c2364fdb6','6c7d07e0-a5b5-11eb-bac0-309c2364fdb6','localhost',NULL,3686,'localhost',NULL,5001,'eyJhbGciOiJIUzUxMiIsInR5cCI6IkpXVCJ9.eyJ1dWlkIjoiNmM3ZDA3ZTAtYTViNS0xMWViLWJhYzAtMzA5YzIzNjRmZGI2IiwidXNlciI6InRlc3QiLCJ1c2VyX3R5cGVfaWQiOiI3MzQwNDI1ZS1hNWI1LTExZWItYmFjMC0zMDljMjM2NGZkYjYiLCJpc19hZG0iOiJGYWxzZSIsImVtYWlsIjoiZGNkOGFjMzktYmZhMi0xMWViLWExMWYtMzA5YzIzNjRmZGI2IiwiYXBpX2FjY2Vzc19ncmFudCI6IlRydWUiLCJuYmYiOjE2MjM4NjcyNTksImV4cCI6MTYyMzg2OTA1OSwiaWF0IjoxNjIzODY3MjU5fQ.1y75RSAv-aWo1gLG69Tg2EvtFwlNZsr0aDruRheKGoFraiKxC83pb6U0wZAVmt1q_5bmCCf-2VAQwZ5aYNPU6Q','2021-06-16 20:44:20','Mozilla/5.0 (Windows NT 10.0; Win64; x64; rv:88.0) Gecko/20100101 Firefox/88.0',NULL,'ab4e5c51-cece-11eb-9af1-309c2364fdb6','2021-06-16 21:14:20','2021-06-16 18:14:19',1,NULL,0,NULL,NULL),('ab96b18a-be4a-11eb-a1b6-309c2364fdb6','6c7d07e0-a5b5-11eb-bac0-309c2364fdb6',NULL,'::1',59129,NULL,'::1',5001,'eyJhbGciOiJIUzUxMiIsInR5cCI6IkpXVCJ9.eyJpZCI6IjZjN2QwN2UwLWE1YjUtMTFlYi1iYWMwLTMwOWMyMzY0ZmRiNiIsInVzZXIiOiJ0ZXN0IiwidXNlcl90eXBlX2lkIjoiNzMzZmQwOWMtYTViNS0xMWViLWJhYzAtMzA5YzIzNjRmZGI2IiwiZW1haWwiOiJ0ZXN0IiwiYXBpX2FjY2Vzc19ncmFudCI6IlRydWUiLCJuYmYiOjE2MjIwNTEzNDcsImV4cCI6MTYyMjA1MzE0NywiaWF0IjoxNjIyMDUxMzQ3fQ.hQLsTZ7YWsQCEA8cRad9O0R54J8eQWY-pag6Ze6KankWmFH7xUnxiK7OodpEyTuNO6kj2iySgGyRp8IoVcwiqg','2021-05-26 20:19:08','PostmanRuntime/7.26.8',NULL,'ab92e289-be4a-11eb-a1b6-309c2364fdb6','2021-05-26 20:49:08','2021-05-26 17:49:08',1,NULL,0,NULL,NULL),('af138224-2b99-11ec-a833-d8bbc10f2ae0','6c7d07e0-a5b5-11eb-bac0-309c2364fdb6',NULL,'::1',9014,NULL,'::1',5001,'eyJhbGciOiJIUzUxMiIsInR5cCI6IkpXVCJ9.eyJ1dWlkIjoiNmM3ZDA3ZTAtYTViNS0xMWViLWJhYzAtMzA5YzIzNjRmZGI2IiwidXNlciI6InRlc3QiLCJ1c2VyX3R5cGVfaWQiOiI3MzQwNDI1ZS1hNWI1LTExZWItYmFjMC0zMDljMjM2NGZkYjYiLCJpc19hZG0iOiJGYWxzZSIsImVtYWlsIjoiZGNkOGFjMzktYmZhMi0xMWViLWExMWYtMzA5YzIzNjRmZGI2IiwiYXBpX2FjY2Vzc19ncmFudCI6IlRydWUiLCJuYmYiOjE2MzQwNjk5NjAsImV4cCI6MTYzNDA3MTc2MCwiaWF0IjoxNjM0MDY5OTYwfQ.swiLrc_WJywJH_y6RYThIrO8V2u79xPuqxMts77MNQzisR67jxTMn_ATwCzrub4gZqcp3teIyXJYJAo4BNpqlQ','2021-10-12 22:49:21','PostmanRuntime/7.28.4',NULL,'af135c60-2b99-11ec-a833-d8bbc10f2ae0','2021-10-12 23:19:21','2021-10-12 20:19:20',1,NULL,0,NULL,NULL),('b0691868-2de9-11ec-ba94-d8bbc10f2ae0','6c7d07e0-a5b5-11eb-bac0-309c2364fdb6','localhost',NULL,1066,'localhost',NULL,5001,'eyJhbGciOiJIUzUxMiIsInR5cCI6IkpXVCJ9.eyJ1dWlkIjoiNmM3ZDA3ZTAtYTViNS0xMWViLWJhYzAtMzA5YzIzNjRmZGI2IiwidXNlciI6InRlc3QiLCJ1c2VyX3R5cGVfaWQiOiI3MzQwNDI1ZS1hNWI1LTExZWItYmFjMC0zMDljMjM2NGZkYjYiLCJpc19hZG0iOiJGYWxzZSIsImVtYWlsIjoiZGNkOGFjMzktYmZhMi0xMWViLWExMWYtMzA5YzIzNjRmZGI2IiwiYXBpX2FjY2Vzc19ncmFudCI6IlRydWUiLCJuYmYiOjE2MzQzMjQyMjUsImV4cCI6MTYzNDMyNjAyNSwiaWF0IjoxNjM0MzI0MjI1fQ.Wuze3gH-dzPaPjZFvOlC8KeIB4bTiVf5a-qcggOlV74wTDRK03XG1c37HTPA9N-XO4AqY8aMpq2HuMkb76kjNg','2021-10-15 21:27:05','Mozilla/5.0 (Windows NT 10.0; Win64; x64; rv:93.0) Gecko/20100101 Firefox/93.0','2021-10-15 20:57:12','b068c188-2de9-11ec-ba94-d8bbc10f2ae0','2021-10-15 21:57:05','2021-10-15 18:57:05',1,NULL,0,NULL,'2021-10-15 20:57:12'),('b0bd20da-d2b9-11eb-9165-309c2364fdb6','6c7d07e0-a5b5-11eb-bac0-309c2364fdb6','localhost',NULL,16066,'localhost',NULL,5001,'eyJhbGciOiJIUzUxMiIsInR5cCI6IkpXVCJ9.eyJ1dWlkIjoiNmM3ZDA3ZTAtYTViNS0xMWViLWJhYzAtMzA5YzIzNjRmZGI2IiwidXNlciI6InRlc3QiLCJ1c2VyX3R5cGVfaWQiOiI3MzQwNDI1ZS1hNWI1LTExZWItYmFjMC0zMDljMjM2NGZkYjYiLCJpc19hZG0iOiJGYWxzZSIsImVtYWlsIjoiZGNkOGFjMzktYmZhMi0xMWViLWExMWYtMzA5YzIzNjRmZGI2IiwiYXBpX2FjY2Vzc19ncmFudCI6IlRydWUiLCJuYmYiOjE2MjQyOTgwNTQsImV4cCI6MTYyNDI5OTg1NCwiaWF0IjoxNjI0Mjk4MDU0fQ.g1q799t35VRu5CHtPRq4B3OWF_uC1aGhaHlcagpdkXcZI3XVUWBs0TPG7j1O8kqawxWlQ7yUxv7LUI1zORY8jQ','2021-06-21 20:24:14','Mozilla/5.0 (Windows NT 10.0; Win64; x64; rv:89.0) Gecko/20100101 Firefox/89.0',NULL,'b0bb3b17-d2b9-11eb-9165-309c2364fdb6','2021-06-21 20:54:14','2021-06-21 17:54:14',1,NULL,0,NULL,NULL),('b27557c7-f20d-11eb-ad62-309c2364fdb6','6c7d07e0-a5b5-11eb-bac0-309c2364fdb6',NULL,'::1',52598,NULL,'::1',5001,'eyJhbGciOiJIUzUxMiIsInR5cCI6IkpXVCJ9.eyJ1dWlkIjoiNmM3ZDA3ZTAtYTViNS0xMWViLWJhYzAtMzA5YzIzNjRmZGI2IiwidXNlciI6InRlc3QiLCJ1c2VyX3R5cGVfaWQiOiI3MzQwNDI1ZS1hNWI1LTExZWItYmFjMC0zMDljMjM2NGZkYjYiLCJpc19hZG0iOiJGYWxzZSIsImVtYWlsIjoiZGNkOGFjMzktYmZhMi0xMWViLWExMWYtMzA5YzIzNjRmZGI2IiwiYXBpX2FjY2Vzc19ncmFudCI6IlRydWUiLCJuYmYiOjE2Mjc3NDI2MjAsImV4cCI6MTYyNzc0NDQyMCwiaWF0IjoxNjI3NzQyNjIwfQ.Pn_ipqSxfyQa6RvcEuAsN6jzci536mpFW32DxZnL0acX3_4CekcoxQedvwEl_xojRl3FqqJ1y3lyws8yXDMWGQ','2021-07-31 17:13:41','PostmanRuntime/7.26.8',NULL,'b26fbcf6-f20d-11eb-ad62-309c2364fdb6','2021-07-31 17:43:41','2021-07-31 14:43:40',1,NULL,0,NULL,NULL),('b2781112-b432-11eb-9ebc-309c2364fdb6','6c7d07e0-a5b5-11eb-bac0-309c2364fdb6',NULL,'::1',52374,NULL,'::1',5001,'eyJhbGciOiJIUzUxMiIsInR5cCI6IkpXVCJ9.eyJpZCI6IjZjN2QwN2UwLWE1YjUtMTFlYi1iYWMwLTMwOWMyMzY0ZmRiNiIsInVzZXIiOiJ0ZXN0IiwidXNlcl90eXBlX2lkIjoiNzMzZmQwOWMtYTViNS0xMWViLWJhYzAtMzA5YzIzNjRmZGI2IiwiZW1haWwiOiJ0ZXN0IiwiYXBpX2FjY2Vzc19ncmFudCI6IlRydWUiLCJuYmYiOjE2MjA5NDE1MzksImV4cCI6MTYyMDk0MzMzOSwiaWF0IjoxNjIwOTQxNTM5fQ.jNKUnFmaPh7s_93Qb50hJs33AhBxHQictIATABxuflXAa-Fn5dy6B9gjXRwBpAd6HvgCwlzxc9vqw7FkeOqQdg','2021-05-14 00:02:20','PostmanRuntime/7.26.8',NULL,'b275cfc3-b432-11eb-9ebc-309c2364fdb6','2021-05-14 00:32:20','2021-05-13 21:32:20',1,NULL,0,NULL,'2021-05-27 11:48:28'),('b3a4a191-3fe2-11ec-bc48-d8bbc10f2ae0','d0f751a8-3425-11ec-b696-d8bbc10f2ae0','localhost',NULL,1196,'localhost',NULL,5001,'eyJhbGciOiJIUzUxMiIsInR5cCI6IkpXVCJ9.eyJ1dWlkIjoiZDBmNzUxYTgtMzQyNS0xMWVjLWI2OTYtZDhiYmMxMGYyYWUwIiwidXNlciI6Im1pa2Etcm9vc0B3ZWIuZGUiLCJ1c2VyX3R5cGVfaWQiOiI3MzQwNDI1ZS1hNWI1LTExZWItYmFjMC0zMDljMjM2NGZkYjYiLCJpc19hZG0iOiJGYWxzZSIsImVtYWlsIjoiZDBlYjk1ZDItMzQyNS0xMWVjLWI2OTYtZDhiYmMxMGYyYWUwIiwiYXBpX2FjY2Vzc19ncmFudCI6IkZhbHNlIiwibmJmIjoxNjM2MzAwMzIzLCJleHAiOjE2MzYzMDIxMjMsImlhdCI6MTYzNjMwMDMyM30.k_rRlLnOOVaQZpzgX69ErBam0nUTgD6LtkGeM58T3w9k3X_YbR8_eL8mpAuxdH78-6U3PqD6eN691Y5ri9zbzQ','2021-11-07 17:22:03','Mozilla/5.0 (Windows NT 10.0; Win64; x64; rv:94.0) Gecko/20100101 Firefox/94.0',NULL,'a6a90bbb-3fe2-11ec-bc48-d8bbc10f2ae0','2021-11-07 17:52:03','2021-11-07 15:52:25',1,NULL,0,NULL,NULL),('b4c7b073-b432-11eb-9ebc-309c2364fdb6','6c7d07e0-a5b5-11eb-bac0-309c2364fdb6',NULL,'::1',52374,NULL,'::1',5001,'eyJhbGciOiJIUzUxMiIsInR5cCI6IkpXVCJ9.eyJpZCI6IjZjN2QwN2UwLWE1YjUtMTFlYi1iYWMwLTMwOWMyMzY0ZmRiNiIsInVzZXIiOiJ0ZXN0IiwidXNlcl90eXBlX2lkIjoiNzMzZmQwOWMtYTViNS0xMWViLWJhYzAtMzA5YzIzNjRmZGI2IiwiZW1haWwiOiJ0ZXN0IiwiYXBpX2FjY2Vzc19ncmFudCI6IlRydWUiLCJuYmYiOjE2MjA5NDE1NDMsImV4cCI6MTYyMDk0MzM0MywiaWF0IjoxNjIwOTQxNTQzfQ.-APLmGToxnMTJXaBsgj-ioIBdxeKKFVPS_ukho0bw5kyrIqs5zJEGK7pO21rI2NHF152hhQQM3yYtnPXfjXE_Q','2021-05-14 00:02:24','PostmanRuntime/7.26.8',NULL,'b4c5be15-b432-11eb-9ebc-309c2364fdb6','2021-05-14 00:32:24','2021-05-13 21:32:23',1,NULL,0,NULL,'2021-05-27 11:48:28'),('b53ab62f-2b99-11ec-a833-d8bbc10f2ae0','6c7d07e0-a5b5-11eb-bac0-309c2364fdb6',NULL,'::1',9014,NULL,'::1',5001,'eyJhbGciOiJIUzUxMiIsInR5cCI6IkpXVCJ9.eyJ1dWlkIjoiNmM3ZDA3ZTAtYTViNS0xMWViLWJhYzAtMzA5YzIzNjRmZGI2IiwidXNlciI6InRlc3QiLCJ1c2VyX3R5cGVfaWQiOiI3MzQwNDI1ZS1hNWI1LTExZWItYmFjMC0zMDljMjM2NGZkYjYiLCJpc19hZG0iOiJGYWxzZSIsImVtYWlsIjoiZGNkOGFjMzktYmZhMi0xMWViLWExMWYtMzA5YzIzNjRmZGI2IiwiYXBpX2FjY2Vzc19ncmFudCI6IlRydWUiLCJuYmYiOjE2MzQwNjk5NzEsImV4cCI6MTYzNDA3MTc3MSwiaWF0IjoxNjM0MDY5OTcxfQ.nHcYFkzPil1k5JgcrSASJO9_glgvIREDiVlkIK8RNvU7QYgLxgzmHe6rtNE2tW7IV0kXi4xWRfMViAIS2H3tAw','2021-10-12 22:49:31','PostmanRuntime/7.28.4',NULL,'b53a91c8-2b99-11ec-a833-d8bbc10f2ae0','2021-10-12 23:19:31','2021-10-12 20:19:31',1,NULL,0,NULL,NULL),('b67dedec-2b98-11ec-a833-d8bbc10f2ae0','6c7d07e0-a5b5-11eb-bac0-309c2364fdb6',NULL,'::1',9014,NULL,'::1',5001,'eyJhbGciOiJIUzUxMiIsInR5cCI6IkpXVCJ9.eyJ1dWlkIjoiNmM3ZDA3ZTAtYTViNS0xMWViLWJhYzAtMzA5YzIzNjRmZGI2IiwidXNlciI6InRlc3QiLCJ1c2VyX3R5cGVfaWQiOiI3MzQwNDI1ZS1hNWI1LTExZWItYmFjMC0zMDljMjM2NGZkYjYiLCJpc19hZG0iOiJGYWxzZSIsImVtYWlsIjoiZGNkOGFjMzktYmZhMi0xMWViLWExMWYtMzA5YzIzNjRmZGI2IiwiYXBpX2FjY2Vzc19ncmFudCI6IlRydWUiLCJuYmYiOjE2MzQwNjk1NDMsImV4cCI6MTYzNDA3MTM0MywiaWF0IjoxNjM0MDY5NTQzfQ.TxjK22ZvgbVlkmzHgHlgrj-HK94GQABC_YFuto8t7rnEhPeT9UgO531zS2qbE5DAtrXUb17wxoeQnLUnmJ8Q5Q','2021-10-12 22:42:24','PostmanRuntime/7.28.4',NULL,'b67dc2be-2b98-11ec-a833-d8bbc10f2ae0','2021-10-12 23:12:24','2021-10-12 20:12:23',1,NULL,0,NULL,NULL),('b8c93b02-2b99-11ec-a833-d8bbc10f2ae0','6c7d07e0-a5b5-11eb-bac0-309c2364fdb6',NULL,'::1',9014,NULL,'::1',5001,'eyJhbGciOiJIUzUxMiIsInR5cCI6IkpXVCJ9.eyJ1dWlkIjoiNmM3ZDA3ZTAtYTViNS0xMWViLWJhYzAtMzA5YzIzNjRmZGI2IiwidXNlciI6InRlc3QiLCJ1c2VyX3R5cGVfaWQiOiI3MzQwNDI1ZS1hNWI1LTExZWItYmFjMC0zMDljMjM2NGZkYjYiLCJpc19hZG0iOiJGYWxzZSIsImVtYWlsIjoiZGNkOGFjMzktYmZhMi0xMWViLWExMWYtMzA5YzIzNjRmZGI2IiwiYXBpX2FjY2Vzc19ncmFudCI6IlRydWUiLCJuYmYiOjE2MzQwNjk5NzcsImV4cCI6MTYzNDA3MTc3NywiaWF0IjoxNjM0MDY5OTc3fQ.f0NmB_hHIDGucqkaAXK5O7CLABg9V3W57Dja_3b-dgrJ5zQIRs4XtyBkTcyLceQAxVE8JwCGX5r9YHCBxJdbKw','2021-10-12 22:49:37','PostmanRuntime/7.28.4',NULL,'b8c916e5-2b99-11ec-a833-d8bbc10f2ae0','2021-10-12 23:19:37','2021-10-12 20:19:37',1,NULL,0,NULL,NULL),('b93eee9e-efda-11eb-b98d-309c2364fdb6','6c7d07e0-a5b5-11eb-bac0-309c2364fdb6',NULL,'::1',57682,NULL,'::1',5001,'eyJhbGciOiJIUzUxMiIsInR5cCI6IkpXVCJ9.eyJ1dWlkIjoiNmM3ZDA3ZTAtYTViNS0xMWViLWJhYzAtMzA5YzIzNjRmZGI2IiwidXNlciI6InRlc3QiLCJ1c2VyX3R5cGVfaWQiOiI3MzQwNDI1ZS1hNWI1LTExZWItYmFjMC0zMDljMjM2NGZkYjYiLCJpc19hZG0iOiJGYWxzZSIsImVtYWlsIjoiZGNkOGFjMzktYmZhMi0xMWViLWExMWYtMzA5YzIzNjRmZGI2IiwiYXBpX2FjY2Vzc19ncmFudCI6IlRydWUiLCJuYmYiOjE2Mjc1MDA4MjUsImV4cCI6MTYyNzUwMjYyNSwiaWF0IjoxNjI3NTAwODI1fQ.MF2FNiKMY4LvTcTGWD-oyNqxhIqfdtukBjs8KgDrwqMmtLiAbL3gaCdc5CH_l34_l0Q8-ZQAooOhvbn3F6thLg','2021-07-28 22:03:45','PostmanRuntime/7.26.8',NULL,'b939f232-efda-11eb-b98d-309c2364fdb6','2021-07-28 22:33:45','2021-07-28 19:33:45',1,NULL,0,NULL,NULL),('b9a30b92-bed8-11eb-8e36-309c2364fdb6','3e166107-be6a-11eb-9f54-842afd097283',NULL,'::1',53265,NULL,'::1',5001,'eyJhbGciOiJIUzUxMiIsInR5cCI6IkpXVCJ9.eyJ1dWlkIjoiM2UxNjYxMDctYmU2YS0xMWViLTlmNTQtODQyYWZkMDk3MjgzIiwidXNlciI6InRlc3QyIiwidXNlcl90eXBlX2lkIjoiNzM0MDQyNWUtYTViNS0xMWViLWJhYzAtMzA5YzIzNjRmZGI2IiwiaXNfYWRtIjoiRmFsc2UiLCJlbWFpbCI6InRlc3QyIiwiYXBpX2FjY2Vzc19ncmFudCI6IlRydWUiLCJuYmYiOjE2MjIxMTIzNjAsImV4cCI6MTYyMjExNDE1OSwiaWF0IjoxNjIyMTEyMzYwfQ.5uumILqdL1eAWHGiYKYtm7dVIJ7ojG_Xvm8SgnplzisCuZomgX8kDJOZBUGsMq7K4bPkxUFLMkxW85DnzFv_Jg','2021-05-27 13:16:00','PostmanRuntime/7.26.8',NULL,'b99e6bc8-bed8-11eb-8e36-309c2364fdb6','2021-05-27 13:46:00','2021-05-27 10:46:00',1,NULL,0,NULL,NULL),('bad0efe9-b3e7-11eb-85a2-309c2364fdb6','6c7d07e0-a5b5-11eb-bac0-309c2364fdb6',NULL,'::1',59179,NULL,'::1',5001,'eyJhbGciOiJIUzUxMiIsInR5cCI6IkpXVCJ9.eyJpZCI6IjZjN2QwN2UwLWE1YjUtMTFlYi1iYWMwLTMwOWMyMzY0ZmRiNiIsInVzZXIiOiJ0ZXN0IiwidXNlcl90eXBlX2lkIjoiNzMzZmQwOWMtYTViNS0xMWViLWJhYzAtMzA5YzIzNjRmZGI2IiwiZW1haWwiOiJ0ZXN0IiwiYXBpX2FjY2Vzc19ncmFudCI6IlRydWUiLCJuYmYiOjE2MjA5MDkzNDEsImV4cCI6MTYyMDkxMTE0MCwiaWF0IjoxNjIwOTA5MzQxfQ.7fkKkTLk-Ein7bymDL4GsfFItK6r94MhVMQteCULt-XSARaKzjuL9BPv7TpUHjEq9AJ9FHvWsOKQ6QjDmGU76w','2021-05-13 15:05:40','PostmanRuntime/7.26.8',NULL,'bace9c52-b3e7-11eb-85a2-309c2364fdb6','2021-05-13 15:35:40','2021-05-13 12:35:41',1,NULL,0,NULL,'2021-05-27 11:48:28'),('bae08e07-be5f-11eb-9f54-842afd097283','6c7d07e0-a5b5-11eb-bac0-309c2364fdb6',NULL,'::1',1489,NULL,'::1',5001,'eyJhbGciOiJIUzUxMiIsInR5cCI6IkpXVCJ9.eyJ1dWlkIjoiNmM3ZDA3ZTAtYTViNS0xMWViLWJhYzAtMzA5YzIzNjRmZGI2IiwidXNlciI6InRlc3QiLCJ1c2VyX3R5cGVfaWQiOiI3MzNmZDA5Yy1hNWI1LTExZWItYmFjMC0zMDljMjM2NGZkYjYiLCJpc19hZG1pbiI6IkZhbHNlIiwiZW1haWwiOiJ0ZXN0IiwiYXBpX2FjY2Vzc19ncmFudCI6IlRydWUiLCJuYmYiOjE2MjIwNjAzOTIsImV4cCI6MTYyMjA2MjE5MiwiaWF0IjoxNjIyMDYwMzkyfQ.X22y0g057VQl368EQfauUbfsRNlqd1x59u_0umdIg2UskvV7vfMBhdA3SxMsfvlkDjpLBWy5aa3I3Yj0jE-JUQ','2021-05-26 22:49:52','PostmanRuntime/7.26.8',NULL,'bacf4024-be5f-11eb-9f54-842afd097283','2021-05-26 23:19:52','2021-05-26 20:19:53',1,NULL,0,NULL,NULL),('bb71adac-1fb6-11ec-b836-d8bbc10f2ae0','f8708bc4-1ca5-11ec-a4a4-d8bbc10f2ae0',NULL,'::1',50415,NULL,'::1',5001,'eyJhbGciOiJIUzUxMiIsInR5cCI6IkpXVCJ9.eyJ1dWlkIjoiZjg3MDhiYzQtMWNhNS0xMWVjLWE0YTQtZDhiYmMxMGYyYWUwIiwidXNlciI6InJvb3QiLCJ1c2VyX3R5cGVfaWQiOiIwZTEyNDRmOC0xY2EzLTExZWMtYTRhNC1kOGJiYzEwZjJhZTAiLCJpc19hZG0iOiJGYWxzZSIsImVtYWlsIjoiZWRmMDQ5NjItMWNhNS0xMWVjLWE0YTQtZDhiYmMxMGYyYWUwIiwiYXBpX2FjY2Vzc19ncmFudCI6IlRydWUiLCJuYmYiOjE2MzI3NjMwMTIsImV4cCI6MTYzMjc2NDgxMiwiaWF0IjoxNjMyNzYzMDEyfQ.XtBz60gX1Ce8o-50GiaiYzqZmdzqH5L6IaYG4vc4V5PRNkvKj3RBpcplgWbR_DvMHJeJSoF-eII7lZSxZVRuRw','2021-09-27 19:46:52','PostmanRuntime/7.28.4','2021-09-27 19:29:33','b5167096-1fb6-11ec-b836-d8bbc10f2ae0','2021-09-27 20:16:52','2021-09-27 17:17:03',1,NULL,0,NULL,'2021-09-27 19:29:33'),('be749ea2-b431-11eb-9ebc-309c2364fdb6','6c7d07e0-a5b5-11eb-bac0-309c2364fdb6',NULL,'::1',52339,NULL,'::1',5001,'eyJhbGciOiJIUzUxMiIsInR5cCI6IkpXVCJ9.eyJpZCI6IjZjN2QwN2UwLWE1YjUtMTFlYi1iYWMwLTMwOWMyMzY0ZmRiNiIsInVzZXIiOiJ0ZXN0IiwidXNlcl90eXBlX2lkIjoiNzMzZmQwOWMtYTViNS0xMWViLWJhYzAtMzA5YzIzNjRmZGI2IiwiZW1haWwiOiJ0ZXN0IiwiYXBpX2FjY2Vzc19ncmFudCI6IlRydWUiLCJuYmYiOjE2MjA5NDExMzAsImV4cCI6MTYyMDk0MjkzMCwiaWF0IjoxNjIwOTQxMTMwfQ.2ZWjhl4D02KDWHVdh5pQpp0PkOrp3D6v4vJaQRXKLFQHOmdEZcsbl8BlZ-UE5TBU-C0CPlUTCoSkRoq38_6kRw','2021-05-13 23:55:30','PostmanRuntime/7.26.8',NULL,'be6ff671-b431-11eb-9ebc-309c2364fdb6','2021-05-14 00:25:30','2021-05-13 21:25:30',1,NULL,0,NULL,'2021-05-27 11:48:28'),('c061f97d-b3ea-11eb-85a2-309c2364fdb6','6c7d07e0-a5b5-11eb-bac0-309c2364fdb6',NULL,'::1',59256,NULL,'::1',5001,'eyJhbGciOiJIUzUxMiIsInR5cCI6IkpXVCJ9.eyJpZCI6IjZjN2QwN2UwLWE1YjUtMTFlYi1iYWMwLTMwOWMyMzY0ZmRiNiIsInVzZXIiOiJ0ZXN0IiwidXNlcl90eXBlX2lkIjoiNzMzZmQwOWMtYTViNS0xMWViLWJhYzAtMzA5YzIzNjRmZGI2IiwiZW1haWwiOiJ0ZXN0IiwiYXBpX2FjY2Vzc19ncmFudCI6IlRydWUiLCJuYmYiOjE2MjA5MTA2MzksImV4cCI6MTYyMDkxMjQzOSwiaWF0IjoxNjIwOTEwNjM5fQ.QzKr_HUz_scuFGc3tU8b4L1CasY6iHIutkazCTT3KRA4qp7QqjH49PbROpfK--66w9Q2Ai0jTvhT-PWebfkhsw','2021-05-13 15:27:19','PostmanRuntime/7.26.8',NULL,'c05dabe3-b3ea-11eb-85a2-309c2364fdb6','2021-05-13 15:57:19','2021-05-13 12:57:19',1,NULL,0,NULL,'2021-05-27 11:48:28'),('c0ad2076-ab5f-11eb-9ca7-309c2364fdb6','6c7d07e0-a5b5-11eb-bac0-309c2364fdb6',NULL,'::1',54249,NULL,'::1',5001,'eyJhbGciOiJIUzUxMiIsInR5cCI6IkpXVCJ9.eyJpZCI6IjZjN2QwN2UwLWE1YjUtMTFlYi1iYWMwLTMwOWMyMzY0ZmRiNiIsInVzZXIiOiJ0ZXN0IiwidXNlcl90eXBlX2lkIjoiNzMzZmQwOWMtYTViNS0xMWViLWJhYzAtMzA5YzIzNjRmZGI2IiwiZW1haWwiOiJ0ZXN0IiwibmJmIjoxNjE5OTcxMzMwLCJleHAiOjE2MTk5NzMxMzAsImlhdCI6MTYxOTk3MTMzMH0.CvxhV2HpqUirYO5XZBhgKA_ubNgNbnsi0k2LR7Ci8f07Fr2HSn3ZIwHaoQp_cxlu7z2jyeZFwcJyQODl7n0Aew','2021-05-02 18:32:11','PostmanRuntime/7.26.8','2021-05-02 18:54:06','c0acb070-ab5f-11eb-9ca7-309c2364fdb6','2021-05-02 19:02:11','2021-05-02 16:02:10',1,NULL,0,NULL,'2021-05-27 11:48:28'),('c37fe734-f200-11eb-ad62-309c2364fdb6','6c7d07e0-a5b5-11eb-bac0-309c2364fdb6',NULL,'::1',51744,NULL,'::1',5001,'eyJhbGciOiJIUzUxMiIsInR5cCI6IkpXVCJ9.eyJ1dWlkIjoiNmM3ZDA3ZTAtYTViNS0xMWViLWJhYzAtMzA5YzIzNjRmZGI2IiwidXNlciI6InRlc3QiLCJ1c2VyX3R5cGVfaWQiOiI3MzQwNDI1ZS1hNWI1LTExZWItYmFjMC0zMDljMjM2NGZkYjYiLCJpc19hZG0iOiJGYWxzZSIsImVtYWlsIjoiZGNkOGFjMzktYmZhMi0xMWViLWExMWYtMzA5YzIzNjRmZGI2IiwiYXBpX2FjY2Vzc19ncmFudCI6IlRydWUiLCJuYmYiOjE2Mjc3MzcwNjUsImV4cCI6MTYyNzczODg2NSwiaWF0IjoxNjI3NzM3MDY1fQ.pP5jUUzKk-f8VeqcPSy4PbmpATVszD4PR7rCzH1C3DIbcxmaGEbueqy-k7wlkk23Wyv-T4MQWLN1MUrG-z1mgg','2021-07-31 15:41:06','PostmanRuntime/7.26.8',NULL,'c3783042-f200-11eb-ad62-309c2364fdb6','2021-07-31 16:11:06','2021-07-31 13:11:05',1,NULL,0,NULL,NULL),('c4640c72-3fe4-11ec-bc48-d8bbc10f2ae0','d0f751a8-3425-11ec-b696-d8bbc10f2ae0','localhost',NULL,1455,'localhost',NULL,5001,'eyJhbGciOiJIUzUxMiIsInR5cCI6IkpXVCJ9.eyJ1dWlkIjoiZDBmNzUxYTgtMzQyNS0xMWVjLWI2OTYtZDhiYmMxMGYyYWUwIiwidXNlciI6Im1pa2Etcm9vc0B3ZWIuZGUiLCJ1c2VyX3R5cGVfaWQiOiIwZTEyNDRmOC0xY2EzLTExZWMtYTRhNC1kOGJiYzEwZjJhZTAiLCJpc19hZG0iOiJUcnVlIiwiZW1haWwiOiJkMGViOTVkMi0zNDI1LTExZWMtYjY5Ni1kOGJiYzEwZjJhZTAiLCJhcGlfYWNjZXNzX2dyYW50IjoiRmFsc2UiLCJuYmYiOjE2MzYzMDEyMzIsImV4cCI6MTYzNjMwMzAzMiwiaWF0IjoxNjM2MzAxMjMyfQ.MawTqb7z4sf0sZUFQpl1in4HIFrUxBi9MS_RVtVptLiZ5lMs42g1qa2FY3Wq0yZGgk2Tfnr7uJiv8TXbR0H6Wg','2021-11-07 17:37:12','Mozilla/5.0 (Windows NT 10.0; Win64; x64; rv:94.0) Gecko/20100101 Firefox/94.0','2021-11-07 17:32:48','c463e6ed-3fe4-11ec-bc48-d8bbc10f2ae0','2021-11-07 18:07:12','2021-11-07 16:07:12',1,NULL,0,NULL,'2021-11-07 17:32:48'),('c6b20b8d-3ff8-11ec-bc48-d8bbc10f2ae0','d0f751a8-3425-11ec-b696-d8bbc10f2ae0','localhost',NULL,1249,'localhost',NULL,5001,'eyJhbGciOiJIUzUxMiIsInR5cCI6IkpXVCJ9.eyJ1dWlkIjoiZDBmNzUxYTgtMzQyNS0xMWVjLWI2OTYtZDhiYmMxMGYyYWUwIiwidXNlciI6Im1pa2Etcm9vc0B3ZWIuZGUiLCJ1c2VyX3R5cGVfaWQiOiIwZTEyNDRmOC0xY2EzLTExZWMtYTRhNC1kOGJiYzEwZjJhZTAiLCJpc19hZG0iOiJUcnVlIiwiZW1haWwiOiJkMGViOTVkMi0zNDI1LTExZWMtYjY5Ni1kOGJiYzEwZjJhZTAiLCJhcGlfYWNjZXNzX2dyYW50IjoiRmFsc2UiLCJuYmYiOjE2MzYzMDk4MjUsImV4cCI6MTYzNjMxMTYyNSwiaWF0IjoxNjM2MzA5ODI1fQ.JesLBXp5QvUszAjPePB7wEGrtOO6GsDKYfudge4IwAAN2cKNec2kmHtzTL60jtt2TNGcZ1z-NK_9IEmqHGw4bw','2021-11-07 20:00:26','Mozilla/5.0 (Windows NT 10.0; Win64; x64; rv:94.0) Gecko/20100101 Firefox/94.0',NULL,'c6b1e5f2-3ff8-11ec-bc48-d8bbc10f2ae0','2021-11-07 20:30:26','2021-11-07 18:30:25',1,NULL,0,NULL,NULL),('c719323c-e270-11eb-9dd4-309c2364fdb6','6c7d07e0-a5b5-11eb-bac0-309c2364fdb6',NULL,'::1',55007,NULL,'::1',5001,'eyJhbGciOiJIUzUxMiIsInR5cCI6IkpXVCJ9.eyJ1dWlkIjoiNmM3ZDA3ZTAtYTViNS0xMWViLWJhYzAtMzA5YzIzNjRmZGI2IiwidXNlciI6InRlc3QiLCJ1c2VyX3R5cGVfaWQiOiI3MzQwNDI1ZS1hNWI1LTExZWItYmFjMC0zMDljMjM2NGZkYjYiLCJpc19hZG0iOiJGYWxzZSIsImVtYWlsIjoiZGNkOGFjMzktYmZhMi0xMWViLWExMWYtMzA5YzIzNjRmZGI2IiwiYXBpX2FjY2Vzc19ncmFudCI6IlRydWUiLCJuYmYiOjE2MjYwMjU5NTYsImV4cCI6MTYyNjAyNzc1NiwiaWF0IjoxNjI2MDI1OTU2fQ.7yAmvAG_EKjBBUdT4kAhkkaR2-6BHAlOGBzjs7JS06BuvEDjAPJij5IIliz44fpLXNluxL263ezy3t-UBU-AvA','2021-07-11 20:22:37','PostmanRuntime/7.26.8',NULL,'c7168cef-e270-11eb-9dd4-309c2364fdb6','2021-07-11 20:52:37','2021-07-11 17:52:36',1,NULL,0,NULL,NULL),('c78b30a7-3ff1-11ec-bc48-d8bbc10f2ae0','d0f751a8-3425-11ec-b696-d8bbc10f2ae0','localhost',NULL,30886,'localhost',NULL,5001,'eyJhbGciOiJIUzUxMiIsInR5cCI6IkpXVCJ9.eyJ1dWlkIjoiZDBmNzUxYTgtMzQyNS0xMWVjLWI2OTYtZDhiYmMxMGYyYWUwIiwidXNlciI6Im1pa2Etcm9vc0B3ZWIuZGUiLCJ1c2VyX3R5cGVfaWQiOiIwZTEyNDRmOC0xY2EzLTExZWMtYTRhNC1kOGJiYzEwZjJhZTAiLCJpc19hZG0iOiJUcnVlIiwiZW1haWwiOiJkMGViOTVkMi0zNDI1LTExZWMtYjY5Ni1kOGJiYzEwZjJhZTAiLCJhcGlfYWNjZXNzX2dyYW50IjoiRmFsc2UiLCJuYmYiOjE2MzYzMDY4MjAsImV4cCI6MTYzNjMwNzEyMCwiaWF0IjoxNjM2MzA2ODIwfQ.DfbK4KhzFYvckoeYYvKPvTdpQW5GkOoB7d4--o1_2Wvbp-YDgFn6h68L6eO8W9xY1fqygXIjJT9S2dRV84pwSA','2021-11-07 18:45:21','Mozilla/5.0 (Windows NT 10.0; Win64; x64; rv:94.0) Gecko/20100101 Firefox/94.0',NULL,'c78b0853-3ff1-11ec-bc48-d8bbc10f2ae0','2021-11-07 19:10:21','2021-11-07 17:40:20',1,NULL,0,NULL,NULL),('c9bf3bb3-bef3-11eb-8e36-309c2364fdb6','6c7d07e0-a5b5-11eb-bac0-309c2364fdb6',NULL,'::1',55943,NULL,'::1',5001,'eyJhbGciOiJIUzUxMiIsInR5cCI6IkpXVCJ9.eyJ1dWlkIjoiNmM3ZDA3ZTAtYTViNS0xMWViLWJhYzAtMzA5YzIzNjRmZGI2IiwidXNlciI6InRlc3QiLCJ1c2VyX3R5cGVfaWQiOiI3MzQwNDI1ZS1hNWI1LTExZWItYmFjMC0zMDljMjM2NGZkYjYiLCJpc19hZG0iOiJGYWxzZSIsImVtYWlsIjoidGVzdCIsImFwaV9hY2Nlc3NfZ3JhbnQiOiJUcnVlIiwibmJmIjoxNjIyMTIzOTgzLCJleHAiOjE2MjIxMjU3ODMsImlhdCI6MTYyMjEyMzk4M30.ofwi3MynIQrwl-xudZxddHJViZINQvyZMRgQYr54dOxdHF77QIVarZbQbRl6JqgSK-r5tIkySH07XH82OEy1Bg','2021-05-27 16:29:43','PostmanRuntime/7.26.8',NULL,'c9bd0ed4-bef3-11eb-8e36-309c2364fdb6','2021-05-27 16:59:43','2021-05-27 13:59:43',1,NULL,0,NULL,NULL),('c9d9b562-4fd9-11ec-a1a1-d8bbc10f2ae0','d0f751a8-3425-11ec-b696-d8bbc10f2ae0','localhost',NULL,7289,'localhost',NULL,5001,'eyJhbGciOiJIUzUxMiIsInR5cCI6IkpXVCJ9.eyJ1dWlkIjoiZDBmNzUxYTgtMzQyNS0xMWVjLWI2OTYtZDhiYmMxMGYyYWUwIiwidXNlciI6Im1pa2Etcm9vc0B3ZWIuZGUiLCJ1c2VyX3R5cGVfaWQiOiIwZTEyNDRmOC0xY2EzLTExZWMtYTRhNC1kOGJiYzEwZjJhZTAiLCJpc19hZG0iOiJUcnVlIiwiZW1haWwiOiJkMGViOTVkMi0zNDI1LTExZWMtYjY5Ni1kOGJiYzEwZjJhZTAiLCJhcGlfYWNjZXNzX2dyYW50IjoiVHJ1ZSIsIm5iZiI6MTYzODA1NTczNSwiZXhwIjoxNjM4MDU3NTM1LCJpYXQiOjE2MzgwNTU3MzV9.ZqeB8joadleTuYiICTRtt7ucsdlTMyGkK6niCuWowOxeRFT_A5jM_ceRJjJGzXIEJ2X6SYKrUPxyrkRknLiQWg','2021-11-28 00:58:55','Mozilla/5.0 (Windows NT 10.0; Win64; x64; rv:94.0) Gecko/20100101 Firefox/94.0','2021-11-28 00:29:22','c9d9986d-4fd9-11ec-a1a1-d8bbc10f2ae0','2021-11-28 01:28:55','2021-11-27 23:28:55',1,NULL,0,NULL,'2021-11-28 00:29:22'),('ca976b0b-1fb5-11ec-b836-d8bbc10f2ae0','f8708bc4-1ca5-11ec-a4a4-d8bbc10f2ae0',NULL,'::1',50364,NULL,'::1',5001,'eyJhbGciOiJIUzUxMiIsInR5cCI6IkpXVCJ9.eyJ1dWlkIjoiZjg3MDhiYzQtMWNhNS0xMWVjLWE0YTQtZDhiYmMxMGYyYWUwIiwidXNlciI6InJvb3QiLCJ1c2VyX3R5cGVfaWQiOiIwZTEyNDRmOC0xY2EzLTExZWMtYTRhNC1kOGJiYzEwZjJhZTAiLCJpc19hZG0iOiJGYWxzZSIsImVtYWlsIjoiZWRmMDQ5NjItMWNhNS0xMWVjLWE0YTQtZDhiYmMxMGYyYWUwIiwiYXBpX2FjY2Vzc19ncmFudCI6IlRydWUiLCJuYmYiOjE2MzI3NjI2MDgsImV4cCI6MTYzMjc2NDQwOCwiaWF0IjoxNjMyNzYyNjA4fQ.mFgR7shrGAB7AmBY1Bd0kBJLow_To7wGzBLKxgoUEAiMUbLDrmUUO24J18_OXRewwczGtL8HO9X14mqHcfnrjg','2021-09-27 19:40:09','PostmanRuntime/7.28.4',NULL,'c482c150-1fb5-11ec-b836-d8bbc10f2ae0','2021-09-27 20:10:09','2021-09-27 17:10:19',1,NULL,0,NULL,NULL),('cad2c3a3-bca4-11eb-a1d6-309c2364fdb6','6c7d07e0-a5b5-11eb-bac0-309c2364fdb6','localhost',NULL,34137,'localhost',NULL,5001,'eyJhbGciOiJIUzUxMiIsInR5cCI6IkpXVCJ9.eyJpZCI6IjZjN2QwN2UwLWE1YjUtMTFlYi1iYWMwLTMwOWMyMzY0ZmRiNiIsInVzZXIiOiJ0ZXN0IiwidXNlcl90eXBlX2lkIjoiNzMzZmQwOWMtYTViNS0xMWViLWJhYzAtMzA5YzIzNjRmZGI2IiwiZW1haWwiOiJ0ZXN0IiwiYXBpX2FjY2Vzc19ncmFudCI6IlRydWUiLCJuYmYiOjE2MjE4NzAxNTIsImV4cCI6MTYyMTg3MTk1MiwiaWF0IjoxNjIxODcwMTUyfQ._AW5BWNn71GZvOG6zxoKo7c1OaR-hhJ6mGrGmh-RhMSacv0FtOiLldlI2b5qiqfVVkClG8Z3wFWV84ykSeTETA','2021-05-24 17:59:13','Mozilla/5.0 (Windows NT 10.0; Win64; x64; rv:87.0) Gecko/20100101 Firefox/87.0',NULL,'cacf1dfb-bca4-11eb-a1d6-309c2364fdb6','2021-05-24 18:29:13','2021-05-24 15:29:12',1,NULL,0,NULL,NULL),('cb42caa5-4f9a-11ec-a1a1-d8bbc10f2ae0','d0f751a8-3425-11ec-b696-d8bbc10f2ae0','localhost',NULL,1951,'localhost',NULL,5001,'eyJhbGciOiJIUzUxMiIsInR5cCI6IkpXVCJ9.eyJ1dWlkIjoiZDBmNzUxYTgtMzQyNS0xMWVjLWI2OTYtZDhiYmMxMGYyYWUwIiwidXNlciI6Im1pa2Etcm9vc0B3ZWIuZGUiLCJ1c2VyX3R5cGVfaWQiOiIwZTEyNDRmOC0xY2EzLTExZWMtYTRhNC1kOGJiYzEwZjJhZTAiLCJpc19hZG0iOiJUcnVlIiwiZW1haWwiOiJkMGViOTVkMi0zNDI1LTExZWMtYjY5Ni1kOGJiYzEwZjJhZTAiLCJhcGlfYWNjZXNzX2dyYW50IjoiRmFsc2UiLCJuYmYiOjE2MzgwMjg2NzksImV4cCI6MTYzODAzMDQ3OSwiaWF0IjoxNjM4MDI4Njc5fQ.8_vT8QK7aCYfwJV3CDrpTnY1ErjowZF5OJSdLn3MEwxkwNOVU7TxwlC2t0qBCtCwm-0P-pVxGKUPv0h4bc89Mg','2021-11-27 17:27:59','Mozilla/5.0 (Windows NT 10.0; Win64; x64; rv:94.0) Gecko/20100101 Firefox/94.0',NULL,'cb427916-4f9a-11ec-a1a1-d8bbc10f2ae0','2021-11-27 17:57:59','2021-11-27 15:57:59',1,NULL,0,NULL,NULL),('cb5f3aa2-f7ae-11eb-9fdf-309c2364fdb6','6c7d07e0-a5b5-11eb-bac0-309c2364fdb6',NULL,'::1',1697,NULL,'::1',5001,'eyJhbGciOiJIUzUxMiIsInR5cCI6IkpXVCJ9.eyJ1dWlkIjoiNmM3ZDA3ZTAtYTViNS0xMWViLWJhYzAtMzA5YzIzNjRmZGI2IiwidXNlciI6InRlc3QiLCJ1c2VyX3R5cGVfaWQiOiI3MzQwNDI1ZS1hNWI1LTExZWItYmFjMC0zMDljMjM2NGZkYjYiLCJpc19hZG0iOiJGYWxzZSIsImVtYWlsIjoiZGNkOGFjMzktYmZhMi0xMWViLWExMWYtMzA5YzIzNjRmZGI2IiwiYXBpX2FjY2Vzc19ncmFudCI6IlRydWUiLCJuYmYiOjE2MjgzNjE1NjcsImV4cCI6MTYyODM2MzM2NywiaWF0IjoxNjI4MzYxNTY3fQ.P4AyD7NnsMfK4vTME0A3uWC2uHEoRdSa3BNGqYmxTveiUhUSz_l6YG-Nyevmiezc572slMnioV0xvzh4_y61JQ','2021-08-07 21:09:27','PostmanRuntime/7.28.3',NULL,'cb59c22a-f7ae-11eb-9fdf-309c2364fdb6','2021-08-07 21:39:27','2021-08-07 18:39:27',1,NULL,0,NULL,NULL),('cbe14753-2b99-11ec-a833-d8bbc10f2ae0','6c7d07e0-a5b5-11eb-bac0-309c2364fdb6',NULL,'::1',9014,NULL,'::1',5001,'eyJhbGciOiJIUzUxMiIsInR5cCI6IkpXVCJ9.eyJ1dWlkIjoiNmM3ZDA3ZTAtYTViNS0xMWViLWJhYzAtMzA5YzIzNjRmZGI2IiwidXNlciI6InRlc3QiLCJ1c2VyX3R5cGVfaWQiOiI3MzQwNDI1ZS1hNWI1LTExZWItYmFjMC0zMDljMjM2NGZkYjYiLCJpc19hZG0iOiJGYWxzZSIsImVtYWlsIjoiZGNkOGFjMzktYmZhMi0xMWViLWExMWYtMzA5YzIzNjRmZGI2IiwiYXBpX2FjY2Vzc19ncmFudCI6IlRydWUiLCJuYmYiOjE2MzQwNzAwMDksImV4cCI6MTYzNDA3MTgwOSwiaWF0IjoxNjM0MDcwMDA5fQ.d2YNtg4A8r3-I8d0U-gXbPOwJFB_5_pougvfq9EyzAzSbl2dgYLqjWrdP8DnQMfc9kVXLcY8U7w3Prfi4fr8Yw','2021-10-12 22:50:09','PostmanRuntime/7.28.4',NULL,'cbe12311-2b99-11ec-a833-d8bbc10f2ae0','2021-10-12 23:20:09','2021-10-12 20:20:09',1,NULL,0,NULL,NULL),('ce6a8c35-54ec-11ec-a899-d8bbc10f2ae0','f8708bc4-1ca5-11ec-a4a4-d8bbc10f2ae0',NULL,'::1',49805,NULL,'::1',5001,'eyJhbGciOiJIUzUxMiIsInR5cCI6IkpXVCJ9.eyJ1dWlkIjoiZjg3MDhiYzQtMWNhNS0xMWVjLWE0YTQtZDhiYmMxMGYyYWUwIiwidXNlciI6InJvb3QiLCJ1c2VyX3R5cGVfaWQiOiIwZTEyNDRmOC0xY2EzLTExZWMtYTRhNC1kOGJiYzEwZjJhZTAiLCJpc19hZG0iOiJUcnVlIiwiZW1haWwiOiJlZGYwNDk2Mi0xY2E1LTExZWMtYTRhNC1kOGJiYzEwZjJhZTAiLCJhcGlfYWNjZXNzX2dyYW50IjoiVHJ1ZSIsIm5iZiI6MTYzODYxMzY1OSwiZXhwIjoxNjM4NjE1NDU4LCJpYXQiOjE2Mzg2MTM2NTl9.vqkvO-hRJteVIZkcTYnmuI4UWTPBp_UHX4psv2kkZ9Km97RDI22787aDxN4HP-HKLvQEfK5uMaCT-PL2mjl17Q','2021-12-04 11:57:39','PostmanRuntime/7.28.4',NULL,'ce6a4440-54ec-11ec-a899-d8bbc10f2ae0','2021-12-04 12:27:39','2021-12-04 10:27:39',1,NULL,0,NULL,NULL),('ce89bc5d-3fe8-11ec-bc48-d8bbc10f2ae0','d0f751a8-3425-11ec-b696-d8bbc10f2ae0','localhost',NULL,2617,'localhost',NULL,5001,'eyJhbGciOiJIUzUxMiIsInR5cCI6IkpXVCJ9.eyJ1dWlkIjoiZDBmNzUxYTgtMzQyNS0xMWVjLWI2OTYtZDhiYmMxMGYyYWUwIiwidXNlciI6Im1pa2Etcm9vc0B3ZWIuZGUiLCJ1c2VyX3R5cGVfaWQiOiIwZTEyNDRmOC0xY2EzLTExZWMtYTRhNC1kOGJiYzEwZjJhZTAiLCJpc19hZG0iOiJUcnVlIiwiZW1haWwiOiJkMGViOTVkMi0zNDI1LTExZWMtYjY5Ni1kOGJiYzEwZjJhZTAiLCJhcGlfYWNjZXNzX2dyYW50IjoiRmFsc2UiLCJuYmYiOjE2MzYzMDI5NjcsImV4cCI6MTYzNjMwNDc2NywiaWF0IjoxNjM2MzAyOTY3fQ.ablvdYtR8IxTqWZuQeLc5DNBydRmkbzajFrntLW1t3gUfvzpmOSOCabdPp7FYHfPLKRhQvUeKv5LZUP2UcbTAg','2021-11-07 18:06:07','Mozilla/5.0 (Windows NT 10.0; Win64; x64; rv:94.0) Gecko/20100101 Firefox/94.0','2021-11-07 17:40:39','ce899527-3fe8-11ec-bc48-d8bbc10f2ae0','2021-11-07 18:36:07','2021-11-07 16:36:07',1,NULL,0,NULL,'2021-11-07 17:40:39'),('cec8f41e-1fb4-11ec-b836-d8bbc10f2ae0','f8708bc4-1ca5-11ec-a4a4-d8bbc10f2ae0',NULL,'::1',50364,NULL,'::1',5001,'eyJhbGciOiJIUzUxMiIsInR5cCI6IkpXVCJ9.eyJ1dWlkIjoiZjg3MDhiYzQtMWNhNS0xMWVjLWE0YTQtZDhiYmMxMGYyYWUwIiwidXNlciI6InJvb3QiLCJ1c2VyX3R5cGVfaWQiOiIwZTEyNDRmOC0xY2EzLTExZWMtYTRhNC1kOGJiYzEwZjJhZTAiLCJpc19hZG0iOiJGYWxzZSIsImVtYWlsIjoiZWRmMDQ5NjItMWNhNS0xMWVjLWE0YTQtZDhiYmMxMGYyYWUwIiwiYXBpX2FjY2Vzc19ncmFudCI6IlRydWUiLCJuYmYiOjE2MzI3NjIxNzYsImV4cCI6MTYzMjc2Mzk3NiwiaWF0IjoxNjMyNzYyMTc2fQ.EQpoi54H2wKAQ8jO2ZTPwNTRlKa_Ob8k-gaEpM5LGnyZ1OLT9UDP9-9jbZH1XTdl2VJTm4Tc3cpiaH6GO_0bag','2021-09-27 19:32:57','PostmanRuntime/7.28.4',NULL,'c2f6f6bd-1fb4-11ec-b836-d8bbc10f2ae0','2021-09-27 20:02:57','2021-09-27 17:03:16',1,NULL,0,NULL,NULL),('cf026f19-f7ae-11eb-9fdf-309c2364fdb6','6c7d07e0-a5b5-11eb-bac0-309c2364fdb6',NULL,'::1',1697,NULL,'::1',5001,'eyJhbGciOiJIUzUxMiIsInR5cCI6IkpXVCJ9.eyJ1dWlkIjoiNmM3ZDA3ZTAtYTViNS0xMWViLWJhYzAtMzA5YzIzNjRmZGI2IiwidXNlciI6InRlc3QiLCJ1c2VyX3R5cGVfaWQiOiI3MzQwNDI1ZS1hNWI1LTExZWItYmFjMC0zMDljMjM2NGZkYjYiLCJpc19hZG0iOiJGYWxzZSIsImVtYWlsIjoiZGNkOGFjMzktYmZhMi0xMWViLWExMWYtMzA5YzIzNjRmZGI2IiwiYXBpX2FjY2Vzc19ncmFudCI6IlRydWUiLCJuYmYiOjE2MjgzNjE1NzMsImV4cCI6MTYyODM2MzM3MywiaWF0IjoxNjI4MzYxNTczfQ.OiGj8cwFepdU0Z-AxuzkS130grvcUhp-yOOf6Dn6IHP4PMR5zLVt7vEZitRpQs3FhuQ9gExed-EuRFhfi6q0vA','2021-08-07 21:09:33','PostmanRuntime/7.28.3',NULL,'cefcb2f4-f7ae-11eb-9fdf-309c2364fdb6','2021-08-07 21:39:33','2021-08-07 18:39:33',1,NULL,0,NULL,NULL),('d05bcb2c-bef2-11eb-8e36-309c2364fdb6','6c7d07e0-a5b5-11eb-bac0-309c2364fdb6',NULL,'::1',55780,NULL,'::1',5001,'eyJhbGciOiJIUzUxMiIsInR5cCI6IkpXVCJ9.eyJ1dWlkIjoiNmM3ZDA3ZTAtYTViNS0xMWViLWJhYzAtMzA5YzIzNjRmZGI2IiwidXNlciI6InRlc3QiLCJ1c2VyX3R5cGVfaWQiOiI3MzQwNDI1ZS1hNWI1LTExZWItYmFjMC0zMDljMjM2NGZkYjYiLCJpc19hZG0iOiJGYWxzZSIsImVtYWlsIjoidGVzdCIsImFwaV9hY2Nlc3NfZ3JhbnQiOiJUcnVlIiwibmJmIjoxNjIyMTIzNTY1LCJleHAiOjE2MjIxMjUzNjUsImlhdCI6MTYyMjEyMzU2NX0.zFiThqrhsrwPgXpWID2DU7UwD0NjvD3bk8OVHBjpoFJt9jlbhbV6Jyjez-LfEYa-KxTfrT23i-tUWTiYKA4uxw','2021-05-27 16:22:45','PostmanRuntime/7.26.8',NULL,'d059d50e-bef2-11eb-8e36-309c2364fdb6','2021-05-27 16:52:45','2021-05-27 13:52:45',1,NULL,0,NULL,NULL),('d0c1224a-f053-11eb-87d0-309c2364fdb6','6c7d07e0-a5b5-11eb-bac0-309c2364fdb6',NULL,'::1',50709,NULL,'::1',5001,'eyJhbGciOiJIUzUxMiIsInR5cCI6IkpXVCJ9.eyJ1dWlkIjoiNmM3ZDA3ZTAtYTViNS0xMWViLWJhYzAtMzA5YzIzNjRmZGI2IiwidXNlciI6InRlc3QiLCJ1c2VyX3R5cGVfaWQiOiI3MzQwNDI1ZS1hNWI1LTExZWItYmFjMC0zMDljMjM2NGZkYjYiLCJpc19hZG0iOiJGYWxzZSIsImVtYWlsIjoiZGNkOGFjMzktYmZhMi0xMWViLWExMWYtMzA5YzIzNjRmZGI2IiwiYXBpX2FjY2Vzc19ncmFudCI6IlRydWUiLCJuYmYiOjE2Mjc1NTI4MzMsImV4cCI6MTYyNzU1NDYzMywiaWF0IjoxNjI3NTUyODMzfQ.kr9DL04NW8tD1D_iMhMG73TwrZ51LwEnYRcSCEaN6jJlZzsivaEf7b6mP9NcNTOhpMvF9vC4oSe6D8ISqt8F1A','2021-07-29 12:30:33','PostmanRuntime/7.26.8',NULL,'d0bb6dc5-f053-11eb-87d0-309c2364fdb6','2021-07-29 13:00:33','2021-07-29 10:00:34',1,NULL,0,NULL,NULL),('d19b41e9-d2b5-11eb-9165-309c2364fdb6','6c7d07e0-a5b5-11eb-bac0-309c2364fdb6','localhost',NULL,15581,'localhost',NULL,5001,'eyJhbGciOiJIUzUxMiIsInR5cCI6IkpXVCJ9.eyJ1dWlkIjoiNmM3ZDA3ZTAtYTViNS0xMWViLWJhYzAtMzA5YzIzNjRmZGI2IiwidXNlciI6InRlc3QiLCJ1c2VyX3R5cGVfaWQiOiI3MzQwNDI1ZS1hNWI1LTExZWItYmFjMC0zMDljMjM2NGZkYjYiLCJpc19hZG0iOiJGYWxzZSIsImVtYWlsIjoiZGNkOGFjMzktYmZhMi0xMWViLWExMWYtMzA5YzIzNjRmZGI2IiwiYXBpX2FjY2Vzc19ncmFudCI6IlRydWUiLCJuYmYiOjE2MjQyOTYzOTEsImV4cCI6MTYyNDI5ODE5MSwiaWF0IjoxNjI0Mjk2MzkxfQ.ofghOXVb_pozQdFwG39U7pFM7mqwZByEIydDunmdlYDIZFF943xOXnk3qFDwOLaq0TI_Z5kCDQvb3Kww9gGDNQ','2021-06-21 19:56:31','Mozilla/5.0 (Windows NT 10.0; Win64; x64; rv:89.0) Gecko/20100101 Firefox/89.0',NULL,'d1993936-d2b5-11eb-9165-309c2364fdb6','2021-06-21 20:26:31','2021-06-21 17:26:31',1,NULL,0,NULL,NULL),('d1fdcc5a-a7a2-11eb-9f55-309c2364fdb6','6c7d07e0-a5b5-11eb-bac0-309c2364fdb6',NULL,'::1',52645,NULL,'::1',5001,'eyJhbGciOiJIUzUxMiIsInR5cCI6IkpXVCJ9.eyJpZCI6IjZjN2QwN2UwLWE1YjUtMTFlYi1iYWMwLTMwOWMyMzY0ZmRiNiIsInVzZXIiOiJ0ZXN0IiwidXNlcl90eXBlX2lkIjoiNzMzZmQwOWMtYTViNS0xMWViLWJhYzAtMzA5YzIzNjRmZGI2IiwiZW1haWwiOiJ0ZXN0IiwibmJmIjoxNjE5NTYwMzMxLCJleHAiOjE2MTk1NjIxMzEsImlhdCI6MTYxOTU2MDMzMX0.gDbW1G775Nfs4dzNDDUPfuzEmZOKibN1kIEovctkmBl-rS1-3As9aKm9M9EYoioA0PGbg0bDHRRCBuv6bNvu0w','2021-04-28 00:22:11','PostmanRuntime/7.26.8',NULL,'d1fbf413-a7a2-11eb-9f55-309c2364fdb6','2021-04-28 00:52:11','2021-04-27 21:52:11',1,NULL,0,NULL,'2021-05-27 11:48:28'),('d2ce2889-2ba2-11ec-a833-d8bbc10f2ae0','6c7d07e0-a5b5-11eb-bac0-309c2364fdb6','localhost',NULL,1109,'localhost',NULL,5001,'eyJhbGciOiJIUzUxMiIsInR5cCI6IkpXVCJ9.eyJ1dWlkIjoiNmM3ZDA3ZTAtYTViNS0xMWViLWJhYzAtMzA5YzIzNjRmZGI2IiwidXNlciI6InRlc3QiLCJ1c2VyX3R5cGVfaWQiOiI3MzQwNDI1ZS1hNWI1LTExZWItYmFjMC0zMDljMjM2NGZkYjYiLCJpc19hZG0iOiJGYWxzZSIsImVtYWlsIjoiZGNkOGFjMzktYmZhMi0xMWViLWExMWYtMzA5YzIzNjRmZGI2IiwiYXBpX2FjY2Vzc19ncmFudCI6IlRydWUiLCJuYmYiOjE2MzQwNzM4ODYsImV4cCI6MTYzNDA3NTY4NiwiaWF0IjoxNjM0MDczODg2fQ.xmgkbl27AWUqzgI353r-VMSRMwejkAIcLjXo3XuF7B1nGghMUY27FlNjOx2r4h1DYp-Ktgj_Uohtp1TttCqaxA','2021-10-12 23:54:46','Mozilla/5.0 (Windows NT 10.0; Win64; x64; rv:93.0) Gecko/20100101 Firefox/93.0',NULL,'d2ce01ba-2ba2-11ec-a833-d8bbc10f2ae0','2021-10-13 00:24:46','2021-10-12 21:24:46',1,NULL,0,NULL,NULL),('d4bc37a1-3fe9-11ec-bc48-d8bbc10f2ae0','d0f751a8-3425-11ec-b696-d8bbc10f2ae0','localhost',NULL,2675,'localhost',NULL,5001,'eyJhbGciOiJIUzUxMiIsInR5cCI6IkpXVCJ9.eyJ1dWlkIjoiZDBmNzUxYTgtMzQyNS0xMWVjLWI2OTYtZDhiYmMxMGYyYWUwIiwidXNlciI6Im1pa2Etcm9vc0B3ZWIuZGUiLCJ1c2VyX3R5cGVfaWQiOiIwZTEyNDRmOC0xY2EzLTExZWMtYTRhNC1kOGJiYzEwZjJhZTAiLCJpc19hZG0iOiJUcnVlIiwiZW1haWwiOiJkMGViOTVkMi0zNDI1LTExZWMtYjY5Ni1kOGJiYzEwZjJhZTAiLCJhcGlfYWNjZXNzX2dyYW50IjoiRmFsc2UiLCJuYmYiOjE2MzYzMDM0MDcsImV4cCI6MTYzNjMwMzcwNywiaWF0IjoxNjM2MzAzNDA3fQ.qAIN4IhMhT9Zjjsr8xpBWVpUcCuV_JovOQs80SWyJwoI0bfknR9KY2jROb7nbdpg2HjV4IdLOsCZAElL2nlTlg','2021-11-07 17:48:27','Mozilla/5.0 (Windows NT 10.0; Win64; x64; rv:94.0) Gecko/20100101 Firefox/94.0',NULL,'d4bc0b0a-3fe9-11ec-bc48-d8bbc10f2ae0','2021-11-07 17:43:27','2021-11-07 16:43:27',1,NULL,0,NULL,NULL),('d546578c-f454-11eb-b474-309c2364fdb6','6c7d07e0-a5b5-11eb-bac0-309c2364fdb6',NULL,'::1',3002,NULL,'::1',5001,'eyJhbGciOiJIUzUxMiIsInR5cCI6IkpXVCJ9.eyJ1dWlkIjoiNmM3ZDA3ZTAtYTViNS0xMWViLWJhYzAtMzA5YzIzNjRmZGI2IiwidXNlciI6InRlc3QiLCJ1c2VyX3R5cGVfaWQiOiI3MzQwNDI1ZS1hNWI1LTExZWItYmFjMC0zMDljMjM2NGZkYjYiLCJpc19hZG0iOiJGYWxzZSIsImVtYWlsIjoiZGNkOGFjMzktYmZhMi0xMWViLWExMWYtMzA5YzIzNjRmZGI2IiwiYXBpX2FjY2Vzc19ncmFudCI6IlRydWUiLCJuYmYiOjE2Mjc5OTMwNzUsImV4cCI6MTYyNzk5NDg3NSwiaWF0IjoxNjI3OTkzMDc1fQ.8qglJhr0ntPG6Wgm0QhoEW-tjorUaLQjO1MRmIb5XZJyqmumrJAafITutL3IplpoS3SJO8u9pFs9hPwaU6ShTw','2021-08-03 14:47:55','PostmanRuntime/7.28.2',NULL,'d5400410-f454-11eb-b474-309c2364fdb6','2021-08-03 15:17:55','2021-08-03 12:17:55',1,NULL,0,NULL,NULL),('d56790c3-be62-11eb-9f54-842afd097283','6c7d07e0-a5b5-11eb-bac0-309c2364fdb6',NULL,'::1',1568,NULL,'::1',5001,'eyJhbGciOiJIUzUxMiIsInR5cCI6IkpXVCJ9.eyJ1dWlkIjoiNmM3ZDA3ZTAtYTViNS0xMWViLWJhYzAtMzA5YzIzNjRmZGI2IiwidXNlciI6InRlc3QiLCJ1c2VyX3R5cGVfaWQiOiI3MzNmZDA5Yy1hNWI1LTExZWItYmFjMC0zMDljMjM2NGZkYjYiLCJpc19hZG1pbiI6IlRydWUiLCJlbWFpbCI6InRlc3QiLCJhcGlfYWNjZXNzX2dyYW50IjoiRmFsc2UiLCJuYmYiOjE2MjIwNjE3MjIsImV4cCI6MTYyMjA2MzUyMiwiaWF0IjoxNjIyMDYxNzIyfQ.5zAQCIZs7qhyklLrJvWtGpuVGGRJU3RukQ6r5VVwLROnoN6FOx1mRMnA_wBR-uszQaCwmCDDUEjwtbf_5y8vTA','2021-05-26 23:12:03','PostmanRuntime/7.26.8',NULL,'d3451c37-be62-11eb-9f54-842afd097283','2021-05-26 23:42:03','2021-05-26 20:42:06',1,NULL,0,NULL,NULL),('d5ccff26-1731-11ec-b334-d8bbc10f2ae0','6c7d07e0-a5b5-11eb-bac0-309c2364fdb6',NULL,'::1',1259,NULL,'::1',5001,'eyJhbGciOiJIUzUxMiIsInR5cCI6IkpXVCJ9.eyJ1dWlkIjoiNmM3ZDA3ZTAtYTViNS0xMWViLWJhYzAtMzA5YzIzNjRmZGI2IiwidXNlciI6InRlc3QiLCJ1c2VyX3R5cGVfaWQiOiI3MzQwNDI1ZS1hNWI1LTExZWItYmFjMC0zMDljMjM2NGZkYjYiLCJpc19hZG0iOiJGYWxzZSIsImVtYWlsIjoiZGNkOGFjMzktYmZhMi0xMWViLWExMWYtMzA5YzIzNjRmZGI2IiwiYXBpX2FjY2Vzc19ncmFudCI6IlRydWUiLCJuYmYiOjE2MzE4MjYzMzQsImV4cCI6MTYzMTgyODEzNCwiaWF0IjoxNjMxODI2MzM0fQ.Ye8gF90oWVxKPWcWRTkP0TXIrNX7acsl00CyQoCJ7ihoQfV4m4bdMInxGxdhqbVDqfBGoq2JHUaFtAXi018JzA','2021-09-16 23:35:35','PostmanRuntime/7.28.4',NULL,'d5c8f25e-1731-11ec-b334-d8bbc10f2ae0','2021-09-17 00:05:35','2021-09-16 21:05:34',1,NULL,0,NULL,NULL),('d65b6aae-2b99-11ec-a833-d8bbc10f2ae0','6c7d07e0-a5b5-11eb-bac0-309c2364fdb6',NULL,'::1',9014,NULL,'::1',5001,'eyJhbGciOiJIUzUxMiIsInR5cCI6IkpXVCJ9.eyJ1dWlkIjoiNmM3ZDA3ZTAtYTViNS0xMWViLWJhYzAtMzA5YzIzNjRmZGI2IiwidXNlciI6InRlc3QiLCJ1c2VyX3R5cGVfaWQiOiI3MzQwNDI1ZS1hNWI1LTExZWItYmFjMC0zMDljMjM2NGZkYjYiLCJpc19hZG0iOiJGYWxzZSIsImVtYWlsIjoiZGNkOGFjMzktYmZhMi0xMWViLWExMWYtMzA5YzIzNjRmZGI2IiwiYXBpX2FjY2Vzc19ncmFudCI6IlRydWUiLCJuYmYiOjE2MzQwNzAwMjYsImV4cCI6MTYzNDA3MTgyNiwiaWF0IjoxNjM0MDcwMDI2fQ.tJFR3iBuYYvX6fPJWn7KkzARRPWZe5hJo64SxQeG4OZWfjtf_uxXpJW6OFWp1vNn-nDRnEo0OBtb-EM_FZHxBg','2021-10-12 22:50:27','PostmanRuntime/7.28.4',NULL,'d65b4605-2b99-11ec-a833-d8bbc10f2ae0','2021-10-12 23:20:27','2021-10-12 20:20:26',1,NULL,0,NULL,NULL),('d6734938-4f9a-11ec-a1a1-d8bbc10f2ae0','d0f751a8-3425-11ec-b696-d8bbc10f2ae0','localhost',NULL,1955,'localhost',NULL,5001,'eyJhbGciOiJIUzUxMiIsInR5cCI6IkpXVCJ9.eyJ1dWlkIjoiZDBmNzUxYTgtMzQyNS0xMWVjLWI2OTYtZDhiYmMxMGYyYWUwIiwidXNlciI6Im1pa2Etcm9vc0B3ZWIuZGUiLCJ1c2VyX3R5cGVfaWQiOiIwZTEyNDRmOC0xY2EzLTExZWMtYTRhNC1kOGJiYzEwZjJhZTAiLCJpc19hZG0iOiJUcnVlIiwiZW1haWwiOiJkMGViOTVkMi0zNDI1LTExZWMtYjY5Ni1kOGJiYzEwZjJhZTAiLCJhcGlfYWNjZXNzX2dyYW50IjoiRmFsc2UiLCJuYmYiOjE2MzgwMjg2OTgsImV4cCI6MTYzODAzMDQ5OCwiaWF0IjoxNjM4MDI4Njk4fQ.VSuhtvl3GLRSSmdRqRc9KFCcWj0THbqbAgvFdC-BJBGgs-ImOYuY5vO21Ct0FXG3qnAV8s6jBmI61u8niYrYcw','2021-11-27 17:28:18','Mozilla/5.0 (Windows NT 10.0; Win64; x64; rv:94.0) Gecko/20100101 Firefox/94.0','2021-11-27 17:03:14','d6732923-4f9a-11ec-a1a1-d8bbc10f2ae0','2021-11-27 17:58:18','2021-11-27 15:58:18',1,NULL,0,NULL,'2021-11-27 17:03:14'),('d775cddc-b281-11eb-85a2-309c2364fdb6','6c7d07e0-a5b5-11eb-bac0-309c2364fdb6',NULL,'::1',54373,NULL,'::1',5001,'eyJhbGciOiJIUzUxMiIsInR5cCI6IkpXVCJ9.eyJpZCI6IjZjN2QwN2UwLWE1YjUtMTFlYi1iYWMwLTMwOWMyMzY0ZmRiNiIsInVzZXIiOiJ0ZXN0IiwidXNlcl90eXBlX2lkIjoiNzMzZmQwOWMtYTViNS0xMWViLWJhYzAtMzA5YzIzNjRmZGI2IiwiZW1haWwiOiJ0ZXN0IiwibmJmIjoxNjIwNzU1NjI5LCJleHAiOjE2MjA3NTc0MjksImlhdCI6MTYyMDc1NTYyOX0.BMEaQR508NDyRoPbrlvy94pjU0GIhxyihVJfEWuncNIkZhI38rnoStL-lyF5XzviWbCys00EhBzq1Trs3wsgHw','2021-05-11 20:23:50','PostmanRuntime/7.26.8',NULL,'d76fd9f3-b281-11eb-85a2-309c2364fdb6','2021-05-11 20:53:50','2021-05-11 17:53:50',1,NULL,0,NULL,'2021-05-27 11:48:28'),('d7c04f97-be62-11eb-9f54-842afd097283','6c7d07e0-a5b5-11eb-bac0-309c2364fdb6',NULL,'::1',1568,NULL,'::1',5001,'eyJhbGciOiJIUzUxMiIsInR5cCI6IkpXVCJ9.eyJ1dWlkIjoiNmM3ZDA3ZTAtYTViNS0xMWViLWJhYzAtMzA5YzIzNjRmZGI2IiwidXNlciI6InRlc3QiLCJ1c2VyX3R5cGVfaWQiOiI3MzNmZDA5Yy1hNWI1LTExZWItYmFjMC0zMDljMjM2NGZkYjYiLCJpc19hZG1pbiI6IlRydWUiLCJlbWFpbCI6InRlc3QiLCJhcGlfYWNjZXNzX2dyYW50IjoiVHJ1ZSIsIm5iZiI6MTYyMjA2MTczMCwiZXhwIjoxNjIyMDYzNTMwLCJpYXQiOjE2MjIwNjE3MzB9.Ya7w9xpwBChDGlo9_0KC9EPbP-eAXLdmQa5MuHfiiaCagocY6CUlTZZ652A0zcsreu26tVxuBpTvLadJsz5uBA','2021-05-26 23:12:10','PostmanRuntime/7.26.8',NULL,'d7ba3c31-be62-11eb-9f54-842afd097283','2021-05-26 23:42:10','2021-05-26 20:42:10',1,NULL,0,NULL,NULL),('d7cd1279-5042-11ec-9b15-d8bbc10f2ae0','d0f751a8-3425-11ec-b696-d8bbc10f2ae0','localhost',NULL,1140,'localhost',NULL,5001,'eyJhbGciOiJIUzUxMiIsInR5cCI6IkpXVCJ9.eyJ1dWlkIjoiZDBmNzUxYTgtMzQyNS0xMWVjLWI2OTYtZDhiYmMxMGYyYWUwIiwidXNlciI6Im1pa2Etcm9vc0B3ZWIuZGUiLCJ1c2VyX3R5cGVfaWQiOiIwZTEyNDRmOC0xY2EzLTExZWMtYTRhNC1kOGJiYzEwZjJhZTAiLCJpc19hZG0iOiJUcnVlIiwiZW1haWwiOiJkMGViOTVkMi0zNDI1LTExZWMtYjY5Ni1kOGJiYzEwZjJhZTAiLCJhcGlfYWNjZXNzX2dyYW50IjoiVHJ1ZSIsIm5iZiI6MTYzODEwMDg1NiwiZXhwIjoxNjM4MTAyNjU2LCJpYXQiOjE2MzgxMDA4NTZ9.e4-G2pEeZt9qfQkI0qithNuyDzBt9muu80k2NXhSd1o37ojLbYcO2TDY8r9V5cnJnAGQPHtuqQnQwhBCHqzGLw','2021-11-28 13:30:56','Mozilla/5.0 (Windows NT 10.0; Win64; x64; rv:94.0) Gecko/20100101 Firefox/94.0','2021-11-28 13:02:50','d7ccf2c8-5042-11ec-9b15-d8bbc10f2ae0','2021-11-28 14:00:56','2021-11-28 12:00:56',1,NULL,0,NULL,'2021-11-28 13:02:50'),('d9d61d9d-be33-11eb-a1b6-309c2364fdb6','6c7d07e0-a5b5-11eb-bac0-309c2364fdb6',NULL,'::1',57463,NULL,'::1',5001,'eyJhbGciOiJIUzUxMiIsInR5cCI6IkpXVCJ9.eyJpZCI6IjZjN2QwN2UwLWE1YjUtMTFlYi1iYWMwLTMwOWMyMzY0ZmRiNiIsInVzZXIiOiJ0ZXN0IiwidXNlcl90eXBlX2lkIjoiNzMzZmQwOWMtYTViNS0xMWViLWJhYzAtMzA5YzIzNjRmZGI2IiwiZW1haWwiOiJ0ZXN0IiwiYXBpX2FjY2Vzc19ncmFudCI6IlRydWUiLCJuYmYiOjE2MjIwNDE1NDYsImV4cCI6MTYyMjA0MzM0NiwiaWF0IjoxNjIyMDQxNTQ2fQ.ZEApLwLC1uvt9kWVb0QDc_Boe5BF0ZQ0Ty-oRn99ftxU1SvV4jiTYyjldLcyxbN4pn7BIO3n94Z89MnAqMLX_w','2021-05-26 17:35:47','PostmanRuntime/7.26.8',NULL,'d9cded40-be33-11eb-a1b6-309c2364fdb6','2021-05-26 18:05:47','2021-05-26 15:05:47',1,NULL,0,NULL,NULL),('da69f1f9-2ba1-11ec-a833-d8bbc10f2ae0','6c7d07e0-a5b5-11eb-bac0-309c2364fdb6','localhost',NULL,31240,'localhost',NULL,5001,'eyJhbGciOiJIUzUxMiIsInR5cCI6IkpXVCJ9.eyJ1dWlkIjoiNmM3ZDA3ZTAtYTViNS0xMWViLWJhYzAtMzA5YzIzNjRmZGI2IiwidXNlciI6InRlc3QiLCJ1c2VyX3R5cGVfaWQiOiI3MzQwNDI1ZS1hNWI1LTExZWItYmFjMC0zMDljMjM2NGZkYjYiLCJpc19hZG0iOiJGYWxzZSIsImVtYWlsIjoiZGNkOGFjMzktYmZhMi0xMWViLWExMWYtMzA5YzIzNjRmZGI2IiwiYXBpX2FjY2Vzc19ncmFudCI6IlRydWUiLCJuYmYiOjE2MzQwNzM0NjksImV4cCI6MTYzNDA3NTI2OSwiaWF0IjoxNjM0MDczNDY5fQ.QGduWIwnntSes-Vl-Xuq90VrvEmSIMy4KQOhYq1c5nmXZnjJ5LYjCK1H14NVPNoUH3i2R6YTwGtDV0i4R6zRGA','2021-10-12 23:47:50','Mozilla/5.0 (Windows NT 10.0; Win64; x64; rv:93.0) Gecko/20100101 Firefox/93.0',NULL,'da69c5e3-2ba1-11ec-a833-d8bbc10f2ae0','2021-10-13 00:17:50','2021-10-12 21:17:49',1,NULL,0,NULL,NULL),('db0ec066-d2be-11eb-9165-309c2364fdb6','6c7d07e0-a5b5-11eb-bac0-309c2364fdb6','localhost',NULL,1395,'localhost',NULL,5001,'eyJhbGciOiJIUzUxMiIsInR5cCI6IkpXVCJ9.eyJ1dWlkIjoiNmM3ZDA3ZTAtYTViNS0xMWViLWJhYzAtMzA5YzIzNjRmZGI2IiwidXNlciI6InRlc3QiLCJ1c2VyX3R5cGVfaWQiOiI3MzQwNDI1ZS1hNWI1LTExZWItYmFjMC0zMDljMjM2NGZkYjYiLCJpc19hZG0iOiJGYWxzZSIsImVtYWlsIjoiZGNkOGFjMzktYmZhMi0xMWViLWExMWYtMzA5YzIzNjRmZGI2IiwiYXBpX2FjY2Vzc19ncmFudCI6IlRydWUiLCJuYmYiOjE2MjQzMDAyNzIsImV4cCI6MTYyNDMwMjA3MiwiaWF0IjoxNjI0MzAwMjcyfQ.7GrtvBywRttPEyzckJDpoe2hq-F2qxOapMhF23y_1pffb5f_phb56JIycm3V4s8rIglK8ZbZqWcU1JWPrKVYsg','2021-06-21 21:01:13','Mozilla/5.0 (Windows NT 10.0; Win64; x64; rv:89.0) Gecko/20100101 Firefox/89.0',NULL,'db0cd3d5-d2be-11eb-9165-309c2364fdb6','2021-06-21 21:31:13','2021-06-21 18:31:12',1,NULL,0,NULL,NULL),('db310b5a-fb72-11eb-9892-309c2364fdb6','6c7d07e0-a5b5-11eb-bac0-309c2364fdb6',NULL,'::1',9148,NULL,'::1',5001,'eyJhbGciOiJIUzUxMiIsInR5cCI6IkpXVCJ9.eyJ1dWlkIjoiNmM3ZDA3ZTAtYTViNS0xMWViLWJhYzAtMzA5YzIzNjRmZGI2IiwidXNlciI6InRlc3QiLCJ1c2VyX3R5cGVfaWQiOiI3MzQwNDI1ZS1hNWI1LTExZWItYmFjMC0zMDljMjM2NGZkYjYiLCJpc19hZG0iOiJGYWxzZSIsImVtYWlsIjoiZGNkOGFjMzktYmZhMi0xMWViLWExMWYtMzA5YzIzNjRmZGI2IiwiYXBpX2FjY2Vzc19ncmFudCI6IlRydWUiLCJuYmYiOjE2Mjg3NzU2MjgsImV4cCI6MTYyODc3NzQyOCwiaWF0IjoxNjI4Nzc1NjI4fQ.RBSXVW4baDde384XE2vuOZAzEKPsCUFM-Kh43KxoOq3lrqJbZ97TBFOXlNLVd0ypgkcmdi5r5erNkcoM9poyxg','2021-08-12 16:10:29','PostmanRuntime/7.28.3',NULL,'db263d24-fb72-11eb-9892-309c2364fdb6','2021-08-12 16:40:29','2021-08-12 13:40:28',1,NULL,0,NULL,NULL),('dcbbbccf-2b99-11ec-a833-d8bbc10f2ae0','6c7d07e0-a5b5-11eb-bac0-309c2364fdb6',NULL,'::1',9014,NULL,'::1',5001,'eyJhbGciOiJIUzUxMiIsInR5cCI6IkpXVCJ9.eyJ1dWlkIjoiNmM3ZDA3ZTAtYTViNS0xMWViLWJhYzAtMzA5YzIzNjRmZGI2IiwidXNlciI6InRlc3QiLCJ1c2VyX3R5cGVfaWQiOiI3MzQwNDI1ZS1hNWI1LTExZWItYmFjMC0zMDljMjM2NGZkYjYiLCJpc19hZG0iOiJGYWxzZSIsImVtYWlsIjoiZGNkOGFjMzktYmZhMi0xMWViLWExMWYtMzA5YzIzNjRmZGI2IiwiYXBpX2FjY2Vzc19ncmFudCI6IlRydWUiLCJuYmYiOjE2MzQwNzAwMzcsImV4cCI6MTYzNDA3MTgzNywiaWF0IjoxNjM0MDcwMDM3fQ.QHpkiW6Ts2-WpaRvST7AM8NZ_nWiwwZChOwnUqKT6yUMp7rVCaKh5zNGZ9g1pGaQ3XaGbvRMPiuPCKZl-uYzjw','2021-10-12 22:50:37','PostmanRuntime/7.28.4',NULL,'dcbb970f-2b99-11ec-a833-d8bbc10f2ae0','2021-10-12 23:20:37','2021-10-12 20:20:37',1,NULL,0,NULL,NULL),('dd4e9fc9-c88a-11eb-a494-309c2364fdb6','6c7d07e0-a5b5-11eb-bac0-309c2364fdb6',NULL,'::1',54552,NULL,'::1',5001,'eyJhbGciOiJIUzUxMiIsInR5cCI6IkpXVCJ9.eyJ1dWlkIjoiNmM3ZDA3ZTAtYTViNS0xMWViLWJhYzAtMzA5YzIzNjRmZGI2IiwidXNlciI6InRlc3QiLCJ1c2VyX3R5cGVfaWQiOiI3MzQwNDI1ZS1hNWI1LTExZWItYmFjMC0zMDljMjM2NGZkYjYiLCJpc19hZG0iOiJGYWxzZSIsImVtYWlsIjoiZGNkOGFjMzktYmZhMi0xMWViLWExMWYtMzA5YzIzNjRmZGI2IiwiYXBpX2FjY2Vzc19ncmFudCI6IlRydWUiLCJuYmYiOjE2MjMxNzg0MzAsImV4cCI6MTYyMzE4MDIzMCwiaWF0IjoxNjIzMTc4NDMwfQ.uHq8tert2pSMVTgCApW1GHRMEmGYOMIM-8Onqy8Z1ihEV-WicjxK1aTvQgX0yMGKInRW91IqqL4mjdqjf7TEig','2021-06-08 21:23:51','PostmanRuntime/7.26.8',NULL,'dd4ab95d-c88a-11eb-a494-309c2364fdb6','2021-06-08 21:53:51','2021-06-08 18:53:50',1,NULL,0,NULL,NULL),('dda06d19-4fa5-11ec-a1a1-d8bbc10f2ae0','d0f751a8-3425-11ec-b696-d8bbc10f2ae0','localhost',NULL,1160,'localhost',NULL,5001,'eyJhbGciOiJIUzUxMiIsInR5cCI6IkpXVCJ9.eyJ1dWlkIjoiZDBmNzUxYTgtMzQyNS0xMWVjLWI2OTYtZDhiYmMxMGYyYWUwIiwidXNlciI6Im1pa2Etcm9vc0B3ZWIuZGUiLCJ1c2VyX3R5cGVfaWQiOiIwZTEyNDRmOC0xY2EzLTExZWMtYTRhNC1kOGJiYzEwZjJhZTAiLCJpc19hZG0iOiJUcnVlIiwiZW1haWwiOiJkMGViOTVkMi0zNDI1LTExZWMtYjY5Ni1kOGJiYzEwZjJhZTAiLCJhcGlfYWNjZXNzX2dyYW50IjoiVHJ1ZSIsIm5iZiI6MTYzODAzMzQzNCwiZXhwIjoxNjM4MDM1MjM0LCJpYXQiOjE2MzgwMzM0MzR9.JdCS6i8L3SHujj9j8eD8E9RqxxSh9R8f8-ia_-bmdheAzAX47LGdaToD-0p8pDM7jQXbCZY5-sizyBd-c3AnVA','2021-11-27 18:47:15','Mozilla/5.0 (Windows NT 10.0; Win64; x64; rv:94.0) Gecko/20100101 Firefox/94.0',NULL,'dda01f0f-4fa5-11ec-a1a1-d8bbc10f2ae0','2021-11-27 19:17:15','2021-11-27 17:17:14',1,NULL,0,NULL,NULL),('de518c05-be63-11eb-9f54-842afd097283','6c7d07e0-a5b5-11eb-bac0-309c2364fdb6',NULL,'::1',1678,NULL,'::1',5001,'eyJhbGciOiJIUzUxMiIsInR5cCI6IkpXVCJ9.eyJ1dWlkIjoiNmM3ZDA3ZTAtYTViNS0xMWViLWJhYzAtMzA5YzIzNjRmZGI2IiwidXNlciI6InRlc3QiLCJ1c2VyX3R5cGVfaWQiOiI3MzNmZDA5Yy1hNWI1LTExZWItYmFjMC0zMDljMjM2NGZkYjYiLCJpc19hZG0iOiJUcnVlIiwiZW1haWwiOiJ0ZXN0IiwiYXBpX2FjY2Vzc19ncmFudCI6IlRydWUiLCJuYmYiOjE2MjIwNjIxNzAsImV4cCI6MTYyMjA2Mzk3MCwiaWF0IjoxNjIyMDYyMTcwfQ.78eyk5o6JO-eCj7ur6kHYlEp-QeSdZbvNfRaePtU2eh-SLOMK6FLi4K7OkZTEQqXkUdu5BuLdY6cgzSLylnuvQ','2021-05-26 23:19:30','PostmanRuntime/7.26.8',NULL,'de49e04f-be63-11eb-9f54-842afd097283','2021-05-26 23:49:30','2021-05-26 20:49:30',1,NULL,0,NULL,NULL),('dee59595-be60-11eb-9f54-842afd097283','6c7d07e0-a5b5-11eb-bac0-309c2364fdb6',NULL,'::1',1568,NULL,'::1',5001,'eyJhbGciOiJIUzUxMiIsInR5cCI6IkpXVCJ9.eyJ1dWlkIjoiNmM3ZDA3ZTAtYTViNS0xMWViLWJhYzAtMzA5YzIzNjRmZGI2IiwidXNlciI6InRlc3QiLCJ1c2VyX3R5cGVfaWQiOiI3MzNmZDA5Yy1hNWI1LTExZWItYmFjMC0zMDljMjM2NGZkYjYiLCJpc19hZG1pbiI6IlRydWUiLCJlbWFpbCI6InRlc3QiLCJhcGlfYWNjZXNzX2dyYW50IjoiRmFsc2UiLCJuYmYiOjE2MjIwNjA4NzcsImV4cCI6MTYyMjA2MjY2MiwiaWF0IjoxNjIyMDYwODc3fQ.kBt1rUJJVHHn_DukxL-qPjF4YDk48oew2PSAXF2yuf1Qfy8URCwAnc5fgjnKNqpOAxJoVbnKMZwwCRmMoheiUA','2021-05-26 22:57:42','PostmanRuntime/7.26.8',NULL,'dbddfd7f-be60-11eb-9f54-842afd097283','2021-05-26 23:27:42','2021-05-26 20:28:03',1,NULL,0,NULL,NULL),('df53bbd8-2b9b-11ec-a833-d8bbc10f2ae0','6c7d07e0-a5b5-11eb-bac0-309c2364fdb6','localhost',NULL,3469,'localhost',NULL,5001,'eyJhbGciOiJIUzUxMiIsInR5cCI6IkpXVCJ9.eyJ1dWlkIjoiNmM3ZDA3ZTAtYTViNS0xMWViLWJhYzAtMzA5YzIzNjRmZGI2IiwidXNlciI6InRlc3QiLCJ1c2VyX3R5cGVfaWQiOiI3MzQwNDI1ZS1hNWI1LTExZWItYmFjMC0zMDljMjM2NGZkYjYiLCJpc19hZG0iOiJGYWxzZSIsImVtYWlsIjoiZGNkOGFjMzktYmZhMi0xMWViLWExMWYtMzA5YzIzNjRmZGI2IiwiYXBpX2FjY2Vzc19ncmFudCI6IlRydWUiLCJuYmYiOjE2MzQwNzA5MDAsImV4cCI6MTYzNDA3MjcwMCwiaWF0IjoxNjM0MDcwOTAwfQ.GpexAtKXGj9F6csLi1q_SOiMzb_HwGG487SfKjaHZ2lZVVaB6Li0Ss5AJFE9kP5DMVz2ls4EdlCDf2375Kf8vw','2021-10-12 23:05:01','Mozilla/5.0 (Windows NT 10.0; Win64; x64; rv:93.0) Gecko/20100101 Firefox/93.0',NULL,'df53981a-2b9b-11ec-a833-d8bbc10f2ae0','2021-10-12 23:35:01','2021-10-12 20:35:00',1,NULL,0,NULL,NULL),('dfce5e48-3fec-11ec-bc48-d8bbc10f2ae0','d0f751a8-3425-11ec-b696-d8bbc10f2ae0','localhost',NULL,1217,'localhost',NULL,5001,'eyJhbGciOiJIUzUxMiIsInR5cCI6IkpXVCJ9.eyJ1dWlkIjoiZDBmNzUxYTgtMzQyNS0xMWVjLWI2OTYtZDhiYmMxMGYyYWUwIiwidXNlciI6Im1pa2Etcm9vc0B3ZWIuZGUiLCJ1c2VyX3R5cGVfaWQiOiIwZTEyNDRmOC0xY2EzLTExZWMtYTRhNC1kOGJiYzEwZjJhZTAiLCJpc19hZG0iOiJUcnVlIiwiZW1haWwiOiJkMGViOTVkMi0zNDI1LTExZWMtYjY5Ni1kOGJiYzEwZjJhZTAiLCJhcGlfYWNjZXNzX2dyYW50IjoiRmFsc2UiLCJuYmYiOjE2MzYzMDQ3MTQsImV4cCI6MTYzNjMwNTAxNCwiaWF0IjoxNjM2MzA0NzE0fQ.M4MH8856WKlLSAd2F5GLDzcCQ6b1TTpCD0SAUcvdi0v7KAx3aVF9iSvtfSXlTDAn0ruX7vG7fs5bMPXSHrTBMQ','2021-11-07 18:10:14','Mozilla/5.0 (Windows NT 10.0; Win64; x64; rv:94.0) Gecko/20100101 Firefox/94.0','2021-11-07 18:05:18','dfce395b-3fec-11ec-bc48-d8bbc10f2ae0','2021-11-07 18:35:14','2021-11-07 17:05:14',1,NULL,0,NULL,'2021-11-07 18:05:18'),('e0f60258-bedc-11eb-8e36-309c2364fdb6','3e166107-be6a-11eb-9f54-842afd097283',NULL,'::1',53602,NULL,'::1',5001,'eyJhbGciOiJIUzUxMiIsInR5cCI6IkpXVCJ9.eyJ1dWlkIjoiM2UxNjYxMDctYmU2YS0xMWViLTlmNTQtODQyYWZkMDk3MjgzIiwidXNlciI6InRlc3QyIiwidXNlcl90eXBlX2lkIjoiNzM0MDQyNWUtYTViNS0xMWViLWJhYzAtMzA5YzIzNjRmZGI2IiwiaXNfYWRtIjoiRmFsc2UiLCJlbWFpbCI6InRlc3QyIiwiYXBpX2FjY2Vzc19ncmFudCI6IlRydWUiLCJuYmYiOjE2MjIxMTQxNDMsImV4cCI6MTYyMjExNTk0MywiaWF0IjoxNjIyMTE0MTQzfQ.2_ohxmzJ8YXGj9c45zDa2RKHVzX0VqBFWliJkKLsU6JGNaX8P5PtWLLqbzgfJb5UIhuTj8VICGwPRPdOZ0QMHw','2021-05-27 13:45:44','PostmanRuntime/7.26.8',NULL,'e0f15694-bedc-11eb-8e36-309c2364fdb6','2021-05-27 14:15:44','2021-05-27 11:15:44',1,NULL,0,NULL,NULL),('e1045314-2b99-11ec-a833-d8bbc10f2ae0','6c7d07e0-a5b5-11eb-bac0-309c2364fdb6',NULL,'::1',9014,NULL,'::1',5001,'eyJhbGciOiJIUzUxMiIsInR5cCI6IkpXVCJ9.eyJ1dWlkIjoiNmM3ZDA3ZTAtYTViNS0xMWViLWJhYzAtMzA5YzIzNjRmZGI2IiwidXNlciI6InRlc3QiLCJ1c2VyX3R5cGVfaWQiOiI3MzQwNDI1ZS1hNWI1LTExZWItYmFjMC0zMDljMjM2NGZkYjYiLCJpc19hZG0iOiJGYWxzZSIsImVtYWlsIjoiZGNkOGFjMzktYmZhMi0xMWViLWExMWYtMzA5YzIzNjRmZGI2IiwiYXBpX2FjY2Vzc19ncmFudCI6IlRydWUiLCJuYmYiOjE2MzQwNzAwNDQsImV4cCI6MTYzNDA3MTg0NCwiaWF0IjoxNjM0MDcwMDQ0fQ.2jpCO4IEFOnEL46f-XWOnGXzQXmS2e_T5aUaEzpFHNY88sjF5EimT2vSbRw7zguvSkSA6sOcjhxHNhFtbnjxxw','2021-10-12 22:50:45','PostmanRuntime/7.28.4',NULL,'e1042ef8-2b99-11ec-a833-d8bbc10f2ae0','2021-10-12 23:20:45','2021-10-12 20:20:44',1,NULL,0,NULL,NULL),('e1059922-c917-11eb-baca-309c2364fdb6','6c7d07e0-a5b5-11eb-bac0-309c2364fdb6',NULL,'::1',52386,NULL,'::1',5001,'eyJhbGciOiJIUzUxMiIsInR5cCI6IkpXVCJ9.eyJ1dWlkIjoiNmM3ZDA3ZTAtYTViNS0xMWViLWJhYzAtMzA5YzIzNjRmZGI2IiwidXNlciI6InRlc3QiLCJ1c2VyX3R5cGVfaWQiOiI3MzQwNDI1ZS1hNWI1LTExZWItYmFjMC0zMDljMjM2NGZkYjYiLCJpc19hZG0iOiJGYWxzZSIsImVtYWlsIjoiZGNkOGFjMzktYmZhMi0xMWViLWExMWYtMzA5YzIzNjRmZGI2IiwiYXBpX2FjY2Vzc19ncmFudCI6IlRydWUiLCJuYmYiOjE2MjMyMzg5OTYsImV4cCI6MTYyMzI0MDc5NiwiaWF0IjoxNjIzMjM4OTk2fQ.tUbLY3SRH5l88CryzpazpyGb9y1BOUxBupmvmfZitlSf0iO5PTl3Vn5buT9ep8Jwm9IQoSlS5hi0ukw-H9S9CA','2021-06-09 14:13:16','PostmanRuntime/7.26.8',NULL,'e100de0c-c917-11eb-baca-309c2364fdb6','2021-06-09 14:43:16','2021-06-09 11:43:16',1,NULL,0,NULL,NULL),('e187e109-f78e-11eb-9131-309c2364fdb6','6c7d07e0-a5b5-11eb-bac0-309c2364fdb6',NULL,'::1',23913,NULL,'::1',5001,'eyJhbGciOiJIUzUxMiIsInR5cCI6IkpXVCJ9.eyJ1dWlkIjoiNmM3ZDA3ZTAtYTViNS0xMWViLWJhYzAtMzA5YzIzNjRmZGI2IiwidXNlciI6InRlc3QiLCJ1c2VyX3R5cGVfaWQiOiI3MzQwNDI1ZS1hNWI1LTExZWItYmFjMC0zMDljMjM2NGZkYjYiLCJpc19hZG0iOiJGYWxzZSIsImVtYWlsIjoiZGNkOGFjMzktYmZhMi0xMWViLWExMWYtMzA5YzIzNjRmZGI2IiwiYXBpX2FjY2Vzc19ncmFudCI6IlRydWUiLCJuYmYiOjE2MjgzNDc4NjAsImV4cCI6MTYyODM0OTY2MCwiaWF0IjoxNjI4MzQ3ODYwfQ.Y97u3pZuSKki_wkIHcCyxsk7urjECRgVM6C9qXBry4X6tS0Bd25rmXHTDRAEiua3dPvrVwv7XmyDId9IEkb1RA','2021-08-07 17:21:00','PostmanRuntime/7.28.3',NULL,'e17ed4fd-f78e-11eb-9131-309c2364fdb6','2021-08-07 17:51:00','2021-08-07 14:51:00',1,NULL,0,NULL,NULL),('e6cf7a22-ab53-11eb-9ca7-309c2364fdb6','6c7d07e0-a5b5-11eb-bac0-309c2364fdb6',NULL,'::1',53983,NULL,'::1',5001,'eyJhbGciOiJIUzUxMiIsInR5cCI6IkpXVCJ9.eyJpZCI6IjZjN2QwN2UwLWE1YjUtMTFlYi1iYWMwLTMwOWMyMzY0ZmRiNiIsInVzZXIiOiJ0ZXN0IiwidXNlcl90eXBlX2lkIjoiNzMzZmQwOWMtYTViNS0xMWViLWJhYzAtMzA5YzIzNjRmZGI2IiwiZW1haWwiOiJ0ZXN0IiwibmJmIjoxNjE5OTY2MjQwLCJleHAiOjE2MTk5NjgwNDAsImlhdCI6MTYxOTk2NjI0MH0.fdne0NLLt4LPqRQgWWK7N1sjGu7NRn8G2Tqz-RRCtOllg5fSRRilAmetYFvzwJhvpUhE2GeMljZolYGcTl19Ww','2021-05-02 17:07:21','PostmanRuntime/7.26.8','2021-05-02 17:15:19','e6cf00d6-ab53-11eb-9ca7-309c2364fdb6','2021-05-02 17:37:21','2021-05-02 14:37:20',1,NULL,0,NULL,'2021-05-27 11:48:28'),('e85714f7-d2bd-11eb-9165-309c2364fdb6','6c7d07e0-a5b5-11eb-bac0-309c2364fdb6','localhost',NULL,1317,'localhost',NULL,5001,'eyJhbGciOiJIUzUxMiIsInR5cCI6IkpXVCJ9.eyJ1dWlkIjoiNmM3ZDA3ZTAtYTViNS0xMWViLWJhYzAtMzA5YzIzNjRmZGI2IiwidXNlciI6InRlc3QiLCJ1c2VyX3R5cGVfaWQiOiI3MzQwNDI1ZS1hNWI1LTExZWItYmFjMC0zMDljMjM2NGZkYjYiLCJpc19hZG0iOiJGYWxzZSIsImVtYWlsIjoiZGNkOGFjMzktYmZhMi0xMWViLWExMWYtMzA5YzIzNjRmZGI2IiwiYXBpX2FjY2Vzc19ncmFudCI6IlRydWUiLCJuYmYiOjE2MjQyOTk4NjUsImV4cCI6MTYyNDMwMTY2NSwiaWF0IjoxNjI0Mjk5ODY1fQ.8IVf4eJjmI8tqaISX93hd-Se_5DFIiP7qANk5blmr1D8HniaepcNcawIHN7DQX6jJKfOSaCa5bMHFGW0J8wcNQ','2021-06-21 20:54:25','Mozilla/5.0 (Windows NT 10.0; Win64; x64; rv:89.0) Gecko/20100101 Firefox/89.0',NULL,'e855082c-d2bd-11eb-9165-309c2364fdb6','2021-06-21 21:24:25','2021-06-21 18:24:25',1,NULL,0,NULL,NULL),('ea6c4af2-d2be-11eb-9165-309c2364fdb6','6c7d07e0-a5b5-11eb-bac0-309c2364fdb6','localhost',NULL,1395,'localhost',NULL,5001,'eyJhbGciOiJIUzUxMiIsInR5cCI6IkpXVCJ9.eyJ1dWlkIjoiNmM3ZDA3ZTAtYTViNS0xMWViLWJhYzAtMzA5YzIzNjRmZGI2IiwidXNlciI6InRlc3QiLCJ1c2VyX3R5cGVfaWQiOiI3MzQwNDI1ZS1hNWI1LTExZWItYmFjMC0zMDljMjM2NGZkYjYiLCJpc19hZG0iOiJGYWxzZSIsImVtYWlsIjoiZGNkOGFjMzktYmZhMi0xMWViLWExMWYtMzA5YzIzNjRmZGI2IiwiYXBpX2FjY2Vzc19ncmFudCI6IlRydWUiLCJuYmYiOjE2MjQzMDAyOTgsImV4cCI6MTYyNDMwMjA5OCwiaWF0IjoxNjI0MzAwMjk4fQ.XU3QVUq7wVUDjECCnw7_5ATLi1nLk9dnsVzWEZqdDW7q4WGJd0tGpYDO_iFeAXt_exxqlvu4er6fy-123OL6Dg','2021-06-21 21:01:38','Mozilla/5.0 (Windows NT 10.0; Win64; x64; rv:89.0) Gecko/20100101 Firefox/89.0',NULL,'ea6a4dfe-d2be-11eb-9165-309c2364fdb6','2021-06-21 21:31:38','2021-06-21 18:31:38',1,NULL,0,NULL,NULL),('ea84afaf-f7a0-11eb-9fdf-309c2364fdb6','6c7d07e0-a5b5-11eb-bac0-309c2364fdb6',NULL,'::1',1126,NULL,'::1',5001,'eyJhbGciOiJIUzUxMiIsInR5cCI6IkpXVCJ9.eyJ1dWlkIjoiNmM3ZDA3ZTAtYTViNS0xMWViLWJhYzAtMzA5YzIzNjRmZGI2IiwidXNlciI6InRlc3QiLCJ1c2VyX3R5cGVfaWQiOiI3MzQwNDI1ZS1hNWI1LTExZWItYmFjMC0zMDljMjM2NGZkYjYiLCJpc19hZG0iOiJGYWxzZSIsImVtYWlsIjoiZGNkOGFjMzktYmZhMi0xMWViLWExMWYtMzA5YzIzNjRmZGI2IiwiYXBpX2FjY2Vzc19ncmFudCI6IlRydWUiLCJuYmYiOjE2MjgzNTU2MDYsImV4cCI6MTYyODM1NzQwNiwiaWF0IjoxNjI4MzU1NjA2fQ.RXg98MquzAhXEfb3YBPBBZsDd9YIOXMDIbxEyOSAi7ZOzubrKH_HMIUZY5-MhncNpXobl6fysdErjgxW-Kxb5A','2021-08-07 19:30:06','PostmanRuntime/7.28.3',NULL,'ea7ec2a5-f7a0-11eb-9fdf-309c2364fdb6','2021-08-07 20:00:06','2021-08-07 17:00:06',1,NULL,0,NULL,NULL),('ec728afc-b3e2-11eb-85a2-309c2364fdb6','6c7d07e0-a5b5-11eb-bac0-309c2364fdb6',NULL,'::1',58997,NULL,'::1',5001,'eyJhbGciOiJIUzUxMiIsInR5cCI6IkpXVCJ9.eyJpZCI6IjZjN2QwN2UwLWE1YjUtMTFlYi1iYWMwLTMwOWMyMzY0ZmRiNiIsInVzZXIiOiJ0ZXN0IiwidXNlcl90eXBlX2lkIjoiNzMzZmQwOWMtYTViNS0xMWViLWJhYzAtMzA5YzIzNjRmZGI2IiwiZW1haWwiOiJ0ZXN0IiwiYXBpX2FjY2Vzc19ncmFudCI6IlRydWUiLCJuYmYiOjE2MjA5MDcyNzcsImV4cCI6MTYyMDkwOTA3NywiaWF0IjoxNjIwOTA3Mjc3fQ.WSUUBXA0-Y2DEoM9PAvcaDo_W5pxovnsIXaF4A7JIoXyd4dDcmkYSCPYFX6DUlU8TvV-XX3NX112ddStNEFTzw','2021-05-13 14:31:17','PostmanRuntime/7.26.8',NULL,'ec6fd606-b3e2-11eb-85a2-309c2364fdb6','2021-05-13 15:01:17','2021-05-13 12:01:17',1,NULL,0,NULL,'2021-05-27 11:48:28'),('ed267a6c-e8ca-11eb-8bd4-842afd097283','6c7d07e0-a5b5-11eb-bac0-309c2364fdb6',NULL,'::1',14007,NULL,'::1',5001,'eyJhbGciOiJIUzUxMiIsInR5cCI6IkpXVCJ9.eyJ1dWlkIjoiNmM3ZDA3ZTAtYTViNS0xMWViLWJhYzAtMzA5YzIzNjRmZGI2IiwidXNlciI6InRlc3QiLCJ1c2VyX3R5cGVfaWQiOiI3MzQwNDI1ZS1hNWI1LTExZWItYmFjMC0zMDljMjM2NGZkYjYiLCJpc19hZG0iOiJGYWxzZSIsImVtYWlsIjoiZGNkOGFjMzktYmZhMi0xMWViLWExMWYtMzA5YzIzNjRmZGI2IiwiYXBpX2FjY2Vzc19ncmFudCI6IlRydWUiLCJuYmYiOjE2MjY3MjQzODIsImV4cCI6MTYyNjcyNjE4MiwiaWF0IjoxNjI2NzI0MzgyfQ.7vVZwJeYuCqNNYPiOOAcSw57QtQ5luBabhtsPtTHV8-0bxfqurdXjdIh0l3mOkiO4ZTqPF3-k3NUnDE4w2votQ','2021-07-19 22:23:02','PostmanRuntime/7.26.8',NULL,'ed22d08d-e8ca-11eb-8bd4-842afd097283','2021-07-19 22:53:02','2021-07-19 19:53:02',1,NULL,0,NULL,NULL),('ee4c37d1-2b99-11ec-a833-d8bbc10f2ae0','6c7d07e0-a5b5-11eb-bac0-309c2364fdb6',NULL,'::1',9014,NULL,'::1',5001,'eyJhbGciOiJIUzUxMiIsInR5cCI6IkpXVCJ9.eyJ1dWlkIjoiNmM3ZDA3ZTAtYTViNS0xMWViLWJhYzAtMzA5YzIzNjRmZGI2IiwidXNlciI6InRlc3QiLCJ1c2VyX3R5cGVfaWQiOiI3MzQwNDI1ZS1hNWI1LTExZWItYmFjMC0zMDljMjM2NGZkYjYiLCJpc19hZG0iOiJGYWxzZSIsImVtYWlsIjoiZGNkOGFjMzktYmZhMi0xMWViLWExMWYtMzA5YzIzNjRmZGI2IiwiYXBpX2FjY2Vzc19ncmFudCI6IlRydWUiLCJuYmYiOjE2MzQwNzAwNjYsImV4cCI6MTYzNDA3MTg2NiwiaWF0IjoxNjM0MDcwMDY2fQ.9U3yHsgljYN2JAOa3trTQ_lqWUE02szS7F8xCPAjQinQPUHdTePMmfL3G8zO4qCOwYVSlcjzPOuQurZnOHnLnA','2021-10-12 22:51:07','PostmanRuntime/7.28.4',NULL,'ee4c10ce-2b99-11ec-a833-d8bbc10f2ae0','2021-10-12 23:21:07','2021-10-12 20:21:06',1,NULL,0,NULL,NULL),('f05ff6fa-3fe2-11ec-bc48-d8bbc10f2ae0','d0f751a8-3425-11ec-b696-d8bbc10f2ae0','localhost',NULL,1089,'localhost',NULL,5001,'eyJhbGciOiJIUzUxMiIsInR5cCI6IkpXVCJ9.eyJ1dWlkIjoiZDBmNzUxYTgtMzQyNS0xMWVjLWI2OTYtZDhiYmMxMGYyYWUwIiwidXNlciI6Im1pa2Etcm9vc0B3ZWIuZGUiLCJ1c2VyX3R5cGVfaWQiOiIwZTEyNDRmOC0xY2EzLTExZWMtYTRhNC1kOGJiYzEwZjJhZTAiLCJpc19hZG0iOiJUcnVlIiwiZW1haWwiOiJkMGViOTVkMi0zNDI1LTExZWMtYjY5Ni1kOGJiYzEwZjJhZTAiLCJhcGlfYWNjZXNzX2dyYW50IjoiRmFsc2UiLCJuYmYiOjE2MzYzMDA0MzgsImV4cCI6MTYzNjMwMjIzOCwiaWF0IjoxNjM2MzAwNDM4fQ.-3l_RolgM7BDKJTHDiJdGMoFL9I1AlIDXGYZw-XeVsTR2t0YkSXhQjs9qEvoQUM_OvxitNgt1YqDw4WaIZUAAA','2021-11-07 17:23:58','Mozilla/5.0 (Windows NT 10.0; Win64; x64; rv:94.0) Gecko/20100101 Firefox/94.0',NULL,'eb1bbeb4-3fe2-11ec-bc48-d8bbc10f2ae0','2021-11-07 17:53:58','2021-11-07 15:54:06',1,NULL,0,NULL,NULL),('f0bee2b6-fb64-11eb-9892-309c2364fdb6','6c7d07e0-a5b5-11eb-bac0-309c2364fdb6',NULL,'::1',8453,NULL,'::1',5001,'eyJhbGciOiJIUzUxMiIsInR5cCI6IkpXVCJ9.eyJ1dWlkIjoiNmM3ZDA3ZTAtYTViNS0xMWViLWJhYzAtMzA5YzIzNjRmZGI2IiwidXNlciI6InRlc3QiLCJ1c2VyX3R5cGVfaWQiOiI3MzQwNDI1ZS1hNWI1LTExZWItYmFjMC0zMDljMjM2NGZkYjYiLCJpc19hZG0iOiJGYWxzZSIsImVtYWlsIjoiZGNkOGFjMzktYmZhMi0xMWViLWExMWYtMzA5YzIzNjRmZGI2IiwiYXBpX2FjY2Vzc19ncmFudCI6IlRydWUiLCJuYmYiOjE2Mjg3Njk2NTEsImV4cCI6MTYyODc3MTQ1MSwiaWF0IjoxNjI4NzY5NjUxfQ.bub29zNuyP2ZDbpVbdJEWrzxwwe_Fbjo5aON6TT21FJe-xw92Igqach1y2aHv97_jHjffv-90TGO1wSNNMpP2w','2021-08-12 14:30:52','PostmanRuntime/7.28.3',NULL,'f0b7672f-fb64-11eb-9892-309c2364fdb6','2021-08-12 15:00:52','2021-08-12 12:00:51',1,NULL,0,NULL,NULL),('f1ac418f-b3e8-11eb-85a2-309c2364fdb6','6c7d07e0-a5b5-11eb-bac0-309c2364fdb6',NULL,'::1',59221,NULL,'::1',5001,'eyJhbGciOiJIUzUxMiIsInR5cCI6IkpXVCJ9.eyJpZCI6IjZjN2QwN2UwLWE1YjUtMTFlYi1iYWMwLTMwOWMyMzY0ZmRiNiIsInVzZXIiOiJ0ZXN0IiwidXNlcl90eXBlX2lkIjoiNzMzZmQwOWMtYTViNS0xMWViLWJhYzAtMzA5YzIzNjRmZGI2IiwiZW1haWwiOiJ0ZXN0IiwiYXBpX2FjY2Vzc19ncmFudCI6IlRydWUiLCJuYmYiOjE2MjA5MDk4NjMsImV4cCI6MTYyMDkxMTY2MywiaWF0IjoxNjIwOTA5ODYzfQ.rf6bHp_4vU6-hHkR3oMg8a8ik4pt5ypZGPnIbA-sST5XZ0YNkXGjdhXK3mXUGlNPHMydtufWGkzUFRbKzuL2_w','2021-05-13 15:14:23','PostmanRuntime/7.26.8',NULL,'f1a9d27d-b3e8-11eb-85a2-309c2364fdb6','2021-05-13 15:44:23','2021-05-13 12:44:23',1,NULL,0,NULL,'2021-05-27 11:48:28'),('f1d5f251-2b9e-11ec-a833-d8bbc10f2ae0','6c7d07e0-a5b5-11eb-bac0-309c2364fdb6','localhost',NULL,4470,'localhost',NULL,5001,'eyJhbGciOiJIUzUxMiIsInR5cCI6IkpXVCJ9.eyJ1dWlkIjoiNmM3ZDA3ZTAtYTViNS0xMWViLWJhYzAtMzA5YzIzNjRmZGI2IiwidXNlciI6InRlc3QiLCJ1c2VyX3R5cGVfaWQiOiI3MzQwNDI1ZS1hNWI1LTExZWItYmFjMC0zMDljMjM2NGZkYjYiLCJpc19hZG0iOiJGYWxzZSIsImVtYWlsIjoiZGNkOGFjMzktYmZhMi0xMWViLWExMWYtMzA5YzIzNjRmZGI2IiwiYXBpX2FjY2Vzc19ncmFudCI6IlRydWUiLCJuYmYiOjE2MzQwNzIyMjAsImV4cCI6MTYzNDA3NDAyMCwiaWF0IjoxNjM0MDcyMjIwfQ.SnTBTjLCfcsm0RNKzOjlr97ZBYfcXIELf858Y67SCI8UTSbj8oO2nKOT-Mevoh165rv1RdLPiMGRYlbkm3c00w','2021-10-12 23:27:00','Mozilla/5.0 (Windows NT 10.0; Win64; x64; rv:93.0) Gecko/20100101 Firefox/93.0',NULL,'f1d5cea6-2b9e-11ec-a833-d8bbc10f2ae0','2021-10-12 23:57:00','2021-10-12 20:57:00',1,NULL,0,NULL,NULL),('f1f9b2dd-be69-11eb-9f54-842afd097283','6c7d07e0-a5b5-11eb-bac0-309c2364fdb6',NULL,'::1',1517,NULL,'::1',5001,'eyJhbGciOiJIUzUxMiIsInR5cCI6IkpXVCJ9.eyJ1dWlkIjoiNmM3ZDA3ZTAtYTViNS0xMWViLWJhYzAtMzA5YzIzNjRmZGI2IiwidXNlciI6InRlc3QiLCJ1c2VyX3R5cGVfaWQiOiI3MzQwNDI1ZS1hNWI1LTExZWItYmFjMC0zMDljMjM2NGZkYjYiLCJpc19hZG0iOiJGYWxzZSIsImVtYWlsIjoidGVzdCIsImFwaV9hY2Nlc3NfZ3JhbnQiOiJUcnVlIiwibmJmIjoxNjIyMDY0NzgwLCJleHAiOjE2MjIwNjY1ODAsImlhdCI6MTYyMjA2NDc4MH0.uaGvv8hk3XX4mFXwUFG5TfFRBhYnvOz-4iBncgeCLHSVTkGLLw_MXjef1Ydom2VqPkgjXVOHp4PcrHeMbEFYcQ','2021-05-27 00:03:00','PostmanRuntime/7.26.8',NULL,'f1f511d7-be69-11eb-9f54-842afd097283','2021-05-27 00:33:00','2021-05-26 21:33:00',1,NULL,0,NULL,NULL),('f37fa065-b04e-11eb-bbf1-309c2364fdb6','6c7d07e0-a5b5-11eb-bac0-309c2364fdb6',NULL,'::1',56197,NULL,'::1',5001,'eyJhbGciOiJIUzUxMiIsInR5cCI6IkpXVCJ9.eyJpZCI6IjZjN2QwN2UwLWE1YjUtMTFlYi1iYWMwLTMwOWMyMzY0ZmRiNiIsInVzZXIiOiJ0ZXN0IiwidXNlcl90eXBlX2lkIjoiNzMzZmQwOWMtYTViNS0xMWViLWJhYzAtMzA5YzIzNjRmZGI2IiwiZW1haWwiOiJ0ZXN0IiwibmJmIjoxNjIwNTEzODcwLCJleHAiOjE2MjA1MTU2NzAsImlhdCI6MTYyMDUxMzg3MH0.hsdzrk2fwZDcZsaaOCsew6O-Jnu5WbPHEUFvQid_TV4MZZJPVpl_3M1oyAkY2NuAc_rKjkvUfCtYAHowwnK6HA','2021-05-09 01:14:30','PostmanRuntime/7.26.8',NULL,'f37d651c-b04e-11eb-bbf1-309c2364fdb6','2021-05-09 01:44:30','2021-05-08 22:44:30',1,NULL,0,NULL,'2021-05-27 11:48:28'),('f3c69948-be45-11eb-a1b6-309c2364fdb6','6c7d07e0-a5b5-11eb-bac0-309c2364fdb6',NULL,'::1',58875,NULL,'::1',5001,'eyJhbGciOiJIUzUxMiIsInR5cCI6IkpXVCJ9.eyJpZCI6IjZjN2QwN2UwLWE1YjUtMTFlYi1iYWMwLTMwOWMyMzY0ZmRiNiIsInVzZXIiOiJ0ZXN0IiwidXNlcl90eXBlX2lkIjoiNzMzZmQwOWMtYTViNS0xMWViLWJhYzAtMzA5YzIzNjRmZGI2IiwiZW1haWwiOiJ0ZXN0IiwiYXBpX2FjY2Vzc19ncmFudCI6IlRydWUiLCJuYmYiOjE2MjIwNDkzMjEsImV4cCI6MTYyMjA1MTEyMSwiaWF0IjoxNjIyMDQ5MzIxfQ.QLaqc7vhXAwCecr0JkU_pUYH92AHITTdBpM3wvjrizYqy77RryHtwXqSQdAV-sQdk5wyHPx5XdltRvRzJMRd5Q','2021-05-26 19:45:21','PostmanRuntime/7.26.8',NULL,'f3c28faa-be45-11eb-a1b6-309c2364fdb6','2021-05-26 20:15:21','2021-05-26 17:15:21',1,NULL,0,NULL,NULL),('f51ec073-b3e3-11eb-85a2-309c2364fdb6','6c7d07e0-a5b5-11eb-bac0-309c2364fdb6',NULL,'::1',59093,NULL,'::1',5001,'eyJhbGciOiJIUzUxMiIsInR5cCI6IkpXVCJ9.eyJpZCI6IjZjN2QwN2UwLWE1YjUtMTFlYi1iYWMwLTMwOWMyMzY0ZmRiNiIsInVzZXIiOiJ0ZXN0IiwidXNlcl90eXBlX2lkIjoiNzMzZmQwOWMtYTViNS0xMWViLWJhYzAtMzA5YzIzNjRmZGI2IiwiZW1haWwiOiJ0ZXN0IiwiYXBpX2FjY2Vzc19ncmFudCI6IlRydWUiLCJuYmYiOjE2MjA5MDc3MjEsImV4cCI6MTYyMDkwOTUyMSwiaWF0IjoxNjIwOTA3NzIxfQ.PItBucWdKffAVAqHxbxQ8DsOl2IA7UgMxI4MidSWA23LpEY3WahauAJiEvmzwBw8YsrVl2c4E_U_lkAZwhKU7Q','2021-05-13 14:38:41','PostmanRuntime/7.26.8',NULL,'f51c6d2e-b3e3-11eb-85a2-309c2364fdb6','2021-05-13 15:08:41','2021-05-13 12:08:41',1,NULL,0,NULL,'2021-05-27 11:48:28'),('f53cf133-3fe2-11ec-bc48-d8bbc10f2ae0','d0f751a8-3425-11ec-b696-d8bbc10f2ae0','localhost',NULL,1098,'localhost',NULL,5001,'eyJhbGciOiJIUzUxMiIsInR5cCI6IkpXVCJ9.eyJ1dWlkIjoiZDBmNzUxYTgtMzQyNS0xMWVjLWI2OTYtZDhiYmMxMGYyYWUwIiwidXNlciI6Im1pa2Etcm9vc0B3ZWIuZGUiLCJ1c2VyX3R5cGVfaWQiOiIwZTEyNDRmOC0xY2EzLTExZWMtYTRhNC1kOGJiYzEwZjJhZTAiLCJpc19hZG0iOiJUcnVlIiwiZW1haWwiOiJkMGViOTVkMi0zNDI1LTExZWMtYjY5Ni1kOGJiYzEwZjJhZTAiLCJhcGlfYWNjZXNzX2dyYW50IjoiRmFsc2UiLCJuYmYiOjE2MzYzMDA0NTUsImV4cCI6MTYzNjMwMjI1NSwiaWF0IjoxNjM2MzAwNDU1fQ.B03MVB9sRf1f9KjDu3PGD8erEF7LcGp6JcrsulR9z81Ail317RcAtHVD2aB0T-ej8I4DNJtXPQa15LlZPElCmA','2021-11-07 17:24:15','Mozilla/5.0 (Windows NT 10.0; Win64; x64; rv:94.0) Gecko/20100101 Firefox/94.0','2021-11-07 17:05:55','f53ccae8-3fe2-11ec-bc48-d8bbc10f2ae0','2021-11-07 17:54:15','2021-11-07 15:54:15',1,NULL,0,NULL,'2021-11-07 17:05:55'),('f5bca51b-be65-11eb-9f54-842afd097283','6c7d07e0-a5b5-11eb-bac0-309c2364fdb6',NULL,'::1',1234,NULL,'::1',5001,'eyJhbGciOiJIUzUxMiIsInR5cCI6IkpXVCJ9.eyJ1dWlkIjoiNmM3ZDA3ZTAtYTViNS0xMWViLWJhYzAtMzA5YzIzNjRmZGI2IiwidXNlciI6InRlc3QiLCJ1c2VyX3R5cGVfaWQiOiI3MzNmZDA5Yy1hNWI1LTExZWItYmFjMC0zMDljMjM2NGZkYjYiLCJpc19hZG0iOiJ0cnVlIiwiZW1haWwiOiJ0ZXN0IiwiYXBpX2FjY2Vzc19ncmFudCI6InRydWUiLCJuYmYiOjE2MjIwNjMwNjgsImV4cCI6MTYyMjA2NDg2OCwiaWF0IjoxNjIyMDYzMDY4fQ.nmzmjhZw_sZbU-wbA9WogzrgT8aAl_g5_NKIFXisW7sRBWOhLNIG--UwIxhPZNojDmPs8-i6_65eBsAcxmC-Sw','2021-05-26 23:34:29','PostmanRuntime/7.26.8',NULL,'f5b6ca6b-be65-11eb-9f54-842afd097283','2021-05-27 00:04:29','2021-05-26 21:04:28',1,NULL,0,NULL,NULL),('f773e329-b431-11eb-9ebc-309c2364fdb6','6c7d07e0-a5b5-11eb-bac0-309c2364fdb6',NULL,'::1',52345,NULL,'::1',5001,'eyJhbGciOiJIUzUxMiIsInR5cCI6IkpXVCJ9.eyJpZCI6IjZjN2QwN2UwLWE1YjUtMTFlYi1iYWMwLTMwOWMyMzY0ZmRiNiIsInVzZXIiOiJ0ZXN0IiwidXNlcl90eXBlX2lkIjoiNzMzZmQwOWMtYTViNS0xMWViLWJhYzAtMzA5YzIzNjRmZGI2IiwiZW1haWwiOiJ0ZXN0IiwiYXBpX2FjY2Vzc19ncmFudCI6IlRydWUiLCJuYmYiOjE2MjA5NDEyMjYsImV4cCI6MTYyMDk0MzAyNiwiaWF0IjoxNjIwOTQxMjI2fQ.kWITm5I316ySP3y-kSc9pOkOnTDtBcdeX69CRac2GPVZKvEvDRJFI5jle8cNC9yut97CF31ieCMufG5u9pcIZA','2021-05-13 23:57:06','PostmanRuntime/7.26.8',NULL,'f7718239-b431-11eb-9ebc-309c2364fdb6','2021-05-14 00:27:06','2021-05-13 21:27:06',1,NULL,0,NULL,'2021-05-27 11:48:28'),('f7752e47-d2b6-11eb-9165-309c2364fdb6','6c7d07e0-a5b5-11eb-bac0-309c2364fdb6','localhost',NULL,15757,'localhost',NULL,5001,'eyJhbGciOiJIUzUxMiIsInR5cCI6IkpXVCJ9.eyJ1dWlkIjoiNmM3ZDA3ZTAtYTViNS0xMWViLWJhYzAtMzA5YzIzNjRmZGI2IiwidXNlciI6InRlc3QiLCJ1c2VyX3R5cGVfaWQiOiI3MzQwNDI1ZS1hNWI1LTExZWItYmFjMC0zMDljMjM2NGZkYjYiLCJpc19hZG0iOiJGYWxzZSIsImVtYWlsIjoiZGNkOGFjMzktYmZhMi0xMWViLWExMWYtMzA5YzIzNjRmZGI2IiwiYXBpX2FjY2Vzc19ncmFudCI6IlRydWUiLCJuYmYiOjE2MjQyOTY4ODQsImV4cCI6MTYyNDI5ODY4NCwiaWF0IjoxNjI0Mjk2ODg0fQ.GEG403G1VazLSV4NPtPI5fIausPjv9kdQzcEFt44BpSBuZeMW4bTUVT8Q7tvO-BHJ_qw4awJ2mTjjyE5dRQD_g','2021-06-21 20:04:44','Mozilla/5.0 (Windows NT 10.0; Win64; x64; rv:89.0) Gecko/20100101 Firefox/89.0',NULL,'f7729ff1-d2b6-11eb-9165-309c2364fdb6','2021-06-21 20:34:44','2021-06-21 17:34:44',1,NULL,0,NULL,NULL),('f7d16599-be5f-11eb-9f54-842afd097283','6c7d07e0-a5b5-11eb-bac0-309c2364fdb6',NULL,'::1',1513,NULL,'::1',5001,'eyJhbGciOiJIUzUxMiIsInR5cCI6IkpXVCJ9.eyJ1dWlkIjoiNmM3ZDA3ZTAtYTViNS0xMWViLWJhYzAtMzA5YzIzNjRmZGI2IiwidXNlciI6InRlc3QiLCJ1c2VyX3R5cGVfaWQiOiI3MzNmZDA5Yy1hNWI1LTExZWItYmFjMC0zMDljMjM2NGZkYjYiLCJpc19hZG1pbiI6IkZhbHNlIiwiZW1haWwiOiJ0ZXN0IiwiYXBpX2FjY2Vzc19ncmFudCI6IlRydWUiLCJuYmYiOjE2MjIwNjA0OTUsImV4cCI6MTYyMjA2MjI5NSwiaWF0IjoxNjIyMDYwNDk1fQ.tlqsLIOZanI_-YHuenLG-Bk4elupnkbdf-K3-Y-_gN8b3PTVjiruQ2P7o-r7Yp7pi6J_FhPn3QAMD7bPBzHAeg','2021-05-26 22:51:35','PostmanRuntime/7.26.8',NULL,'f7c16bd8-be5f-11eb-9f54-842afd097283','2021-05-26 23:21:35','2021-05-26 20:21:35',1,NULL,0,NULL,NULL),('f9eeaa4d-2dd3-11ec-ba94-d8bbc10f2ae0','6c7d07e0-a5b5-11eb-bac0-309c2364fdb6','localhost',NULL,1185,'localhost',NULL,5001,'eyJhbGciOiJIUzUxMiIsInR5cCI6IkpXVCJ9.eyJ1dWlkIjoiNmM3ZDA3ZTAtYTViNS0xMWViLWJhYzAtMzA5YzIzNjRmZGI2IiwidXNlciI6InRlc3QiLCJ1c2VyX3R5cGVfaWQiOiI3MzQwNDI1ZS1hNWI1LTExZWItYmFjMC0zMDljMjM2NGZkYjYiLCJpc19hZG0iOiJGYWxzZSIsImVtYWlsIjoiZGNkOGFjMzktYmZhMi0xMWViLWExMWYtMzA5YzIzNjRmZGI2IiwiYXBpX2FjY2Vzc19ncmFudCI6IlRydWUiLCJuYmYiOjE2MzQzMTQ4OTksImV4cCI6MTYzNDMxNjY5OSwiaWF0IjoxNjM0MzE0ODk5fQ.Gv7mj27_eJRcp9JE2pg-ERhvkENgLOqcK-RFLe9TrzHpVNBmGOdcjbM4RUxpFEuITkN9HDA99gCrO4mvH1MURg','2021-10-15 18:51:39','Mozilla/5.0 (Windows NT 10.0; Win64; x64; rv:93.0) Gecko/20100101 Firefox/93.0',NULL,'f9ebff02-2dd3-11ec-ba94-d8bbc10f2ae0','2021-10-15 19:21:39','2021-10-15 16:21:39',1,NULL,0,NULL,NULL),('fae78b03-e266-11eb-9dd4-309c2364fdb6','6c7d07e0-a5b5-11eb-bac0-309c2364fdb6',NULL,'::1',54133,NULL,'::1',5001,'eyJhbGciOiJIUzUxMiIsInR5cCI6IkpXVCJ9.eyJ1dWlkIjoiNmM3ZDA3ZTAtYTViNS0xMWViLWJhYzAtMzA5YzIzNjRmZGI2IiwidXNlciI6InRlc3QiLCJ1c2VyX3R5cGVfaWQiOiI3MzQwNDI1ZS1hNWI1LTExZWItYmFjMC0zMDljMjM2NGZkYjYiLCJpc19hZG0iOiJGYWxzZSIsImVtYWlsIjoiZGNkOGFjMzktYmZhMi0xMWViLWExMWYtMzA5YzIzNjRmZGI2IiwiYXBpX2FjY2Vzc19ncmFudCI6IlRydWUiLCJuYmYiOjE2MjYwMjE3NDgsImV4cCI6MTYyNjAyMzU0OCwiaWF0IjoxNjI2MDIxNzQ4fQ.VmyqpCMkYuG-58qRc9D8E9-jAphrTQWef9_lUnrTmGul7yt51q6G2aX0qTBjM5FfuuR04egpTNOPNVM88WZXOA','2021-07-11 19:12:29','PostmanRuntime/7.26.8',NULL,'fae4c7bd-e266-11eb-9dd4-309c2364fdb6','2021-07-11 19:42:29','2021-07-11 16:42:28',1,NULL,0,NULL,NULL),('fb5d3330-2b99-11ec-a833-d8bbc10f2ae0','6c7d07e0-a5b5-11eb-bac0-309c2364fdb6',NULL,'::1',9014,NULL,'::1',5001,'eyJhbGciOiJIUzUxMiIsInR5cCI6IkpXVCJ9.eyJ1dWlkIjoiNmM3ZDA3ZTAtYTViNS0xMWViLWJhYzAtMzA5YzIzNjRmZGI2IiwidXNlciI6InRlc3QiLCJ1c2VyX3R5cGVfaWQiOiI3MzQwNDI1ZS1hNWI1LTExZWItYmFjMC0zMDljMjM2NGZkYjYiLCJpc19hZG0iOiJGYWxzZSIsImVtYWlsIjoiZGNkOGFjMzktYmZhMi0xMWViLWExMWYtMzA5YzIzNjRmZGI2IiwiYXBpX2FjY2Vzc19ncmFudCI6IlRydWUiLCJuYmYiOjE2MzQwNzAwODgsImV4cCI6MTYzNDA3MTg4OCwiaWF0IjoxNjM0MDcwMDg4fQ.iyAe3NYTUSc9R_lfOzNcIp0S1NqnSTP6kngqROuLn28EFFvwsKhJIYcvQYwkPfnfkpvjvWETmtzjbg0tcKiKPQ','2021-10-12 22:51:29','PostmanRuntime/7.28.4',NULL,'fb5d0a8a-2b99-11ec-a833-d8bbc10f2ae0','2021-10-12 23:21:29','2021-10-12 20:21:28',1,NULL,0,NULL,NULL),('fb63a11f-efd0-11eb-b98d-309c2364fdb6','6c7d07e0-a5b5-11eb-bac0-309c2364fdb6',NULL,'::1',56878,NULL,'::1',5001,'eyJhbGciOiJIUzUxMiIsInR5cCI6IkpXVCJ9.eyJ1dWlkIjoiNmM3ZDA3ZTAtYTViNS0xMWViLWJhYzAtMzA5YzIzNjRmZGI2IiwidXNlciI6InRlc3QiLCJ1c2VyX3R5cGVfaWQiOiI3MzQwNDI1ZS1hNWI1LTExZWItYmFjMC0zMDljMjM2NGZkYjYiLCJpc19hZG0iOiJGYWxzZSIsImVtYWlsIjoiZGNkOGFjMzktYmZhMi0xMWViLWExMWYtMzA5YzIzNjRmZGI2IiwiYXBpX2FjY2Vzc19ncmFudCI6IlRydWUiLCJuYmYiOjE2Mjc0OTY2NDEsImV4cCI6MTYyNzQ5ODQ0MCwiaWF0IjoxNjI3NDk2NjQxfQ.Kcfij4G0SU8yK-ij841VKegaBEmduGOQsvFLzp0E0GmkPYlY_NioGgksFNgiiK4Sr_XSacOjK0mwtbZRvNZh3Q','2021-07-28 20:54:01','PostmanRuntime/7.26.8',NULL,'fb5cb4f6-efd0-11eb-b98d-309c2364fdb6','2021-07-28 21:24:01','2021-07-28 18:24:01',1,NULL,0,NULL,NULL),('fb7e7382-d2be-11eb-9165-309c2364fdb6','6c7d07e0-a5b5-11eb-bac0-309c2364fdb6','localhost',NULL,1395,'localhost',NULL,5001,'eyJhbGciOiJIUzUxMiIsInR5cCI6IkpXVCJ9.eyJ1dWlkIjoiNmM3ZDA3ZTAtYTViNS0xMWViLWJhYzAtMzA5YzIzNjRmZGI2IiwidXNlciI6InRlc3QiLCJ1c2VyX3R5cGVfaWQiOiI3MzQwNDI1ZS1hNWI1LTExZWItYmFjMC0zMDljMjM2NGZkYjYiLCJpc19hZG0iOiJGYWxzZSIsImVtYWlsIjoiZGNkOGFjMzktYmZhMi0xMWViLWExMWYtMzA5YzIzNjRmZGI2IiwiYXBpX2FjY2Vzc19ncmFudCI6IlRydWUiLCJuYmYiOjE2MjQzMDAzMjYsImV4cCI6MTYyNDMwMjEyNiwiaWF0IjoxNjI0MzAwMzI2fQ.XNiw1X18jy-TtUa9kEE6EqCrWkQfaeZpehXxXJ5YGDMl2PL_MLaLi6HeJC8BG72udkmNxXP9JKW2s3JLoZDO0w','2021-06-21 21:02:07','Mozilla/5.0 (Windows NT 10.0; Win64; x64; rv:89.0) Gecko/20100101 Firefox/89.0',NULL,'fb7c8f55-d2be-11eb-9165-309c2364fdb6','2021-06-21 21:32:07','2021-06-21 18:32:06',1,NULL,0,NULL,NULL),('fbd27ab9-2dd4-11ec-ba94-d8bbc10f2ae0','6c7d07e0-a5b5-11eb-bac0-309c2364fdb6','localhost',NULL,1109,'localhost',NULL,5001,'eyJhbGciOiJIUzUxMiIsInR5cCI6IkpXVCJ9.eyJ1dWlkIjoiNmM3ZDA3ZTAtYTViNS0xMWViLWJhYzAtMzA5YzIzNjRmZGI2IiwidXNlciI6InRlc3QiLCJ1c2VyX3R5cGVfaWQiOiI3MzQwNDI1ZS1hNWI1LTExZWItYmFjMC0zMDljMjM2NGZkYjYiLCJpc19hZG0iOiJGYWxzZSIsImVtYWlsIjoiZGNkOGFjMzktYmZhMi0xMWViLWExMWYtMzA5YzIzNjRmZGI2IiwiYXBpX2FjY2Vzc19ncmFudCI6IlRydWUiLCJuYmYiOjE2MzQzMTUzMzIsImV4cCI6MTYzNDMxNzEzMiwiaWF0IjoxNjM0MzE1MzMyfQ.RyAr2sd1eKcqQW9cCXXW4wem5bwt-KhTBBSibDnoq_-waiQHzuRC2PqylVSKSSs8axUJQ9aSdBvER1mIr4H70Q','2021-10-15 18:58:52','Mozilla/5.0 (Windows NT 10.0; Win64; x64; rv:93.0) Gecko/20100101 Firefox/93.0',NULL,'fbd25438-2dd4-11ec-ba94-d8bbc10f2ae0','2021-10-15 19:28:52','2021-10-15 16:28:52',1,NULL,0,NULL,NULL),('fd1d08e7-b431-11eb-9ebc-309c2364fdb6','6c7d07e0-a5b5-11eb-bac0-309c2364fdb6',NULL,'::1',52345,NULL,'::1',5001,'eyJhbGciOiJIUzUxMiIsInR5cCI6IkpXVCJ9.eyJpZCI6IjZjN2QwN2UwLWE1YjUtMTFlYi1iYWMwLTMwOWMyMzY0ZmRiNiIsInVzZXIiOiJ0ZXN0IiwidXNlcl90eXBlX2lkIjoiNzMzZmQwOWMtYTViNS0xMWViLWJhYzAtMzA5YzIzNjRmZGI2IiwiZW1haWwiOiJ0ZXN0IiwiYXBpX2FjY2Vzc19ncmFudCI6IlRydWUiLCJuYmYiOjE2MjA5NDEyMzUsImV4cCI6MTYyMDk0MzAzNSwiaWF0IjoxNjIwOTQxMjM1fQ.QF3acgQwXnblJbarm3DymrJ8Vi7Y7nvezbCOV0TN00hqVebI-Gck4tSKg6X5eC5VS0CKsAWrs5z-k-zofC6Wvg','2021-05-13 23:57:16','PostmanRuntime/7.26.8',NULL,'fd1b2598-b431-11eb-9ebc-309c2364fdb6','2021-05-14 00:27:16','2021-05-13 21:27:15',1,NULL,0,NULL,'2021-05-27 11:48:28'),('fea72fcd-b433-11eb-9ebc-309c2364fdb6','6c7d07e0-a5b5-11eb-bac0-309c2364fdb6',NULL,'::1',52417,NULL,'::1',5001,'eyJhbGciOiJIUzUxMiIsInR5cCI6IkpXVCJ9.eyJpZCI6IjZjN2QwN2UwLWE1YjUtMTFlYi1iYWMwLTMwOWMyMzY0ZmRiNiIsInVzZXIiOiJ0ZXN0IiwidXNlcl90eXBlX2lkIjoiNzMzZmQwOWMtYTViNS0xMWViLWJhYzAtMzA5YzIzNjRmZGI2IiwiZW1haWwiOiJ0ZXN0IiwiYXBpX2FjY2Vzc19ncmFudCI6IlRydWUiLCJuYmYiOjE2MjA5NDIwOTcsImV4cCI6MTYyMDk0Mzg5NywiaWF0IjoxNjIwOTQyMDk3fQ.OoIJeJl7UdOW5AGhJsABpnE44vr2itY-py7hbTqhcz1Qvel27n0yzGRMX4AgI5FkSXB16zyt91RNVvTRMCbC9A','2021-05-14 00:11:37','PostmanRuntime/7.26.8',NULL,'fea2c98e-b433-11eb-9ebc-309c2364fdb6','2021-05-14 00:41:37','2021-05-13 21:41:37',1,NULL,0,NULL,'2021-05-27 11:48:28'),('ffb07c69-b058-11eb-bbf1-309c2364fdb6','6c7d07e0-a5b5-11eb-bac0-309c2364fdb6',NULL,'::1',57297,NULL,'::1',5001,'eyJhbGciOiJIUzUxMiIsInR5cCI6IkpXVCJ9.eyJpZCI6IjZjN2QwN2UwLWE1YjUtMTFlYi1iYWMwLTMwOWMyMzY0ZmRiNiIsInVzZXIiOiJ0ZXN0IiwidXNlcl90eXBlX2lkIjoiNzMzZmQwOWMtYTViNS0xMWViLWJhYzAtMzA5YzIzNjRmZGI2IiwiZW1haWwiOiJ0ZXN0IiwibmJmIjoxNjIwNTE4MTg1LCJleHAiOjE2MjA1MTk5ODUsImlhdCI6MTYyMDUxODE4NX0.PhD6VI9203mdxHufqKhulEF9Fy7RNr8JI7ijeBzucmpb5FPa10UkEgG5obZU3yeuD7ZHMSwyXjichubYPzegOA','2021-05-09 02:26:26','PostmanRuntime/7.26.8',NULL,'ffae59b3-b058-11eb-bbf1-309c2364fdb6','2021-05-09 02:56:26','2021-05-08 23:56:25',1,NULL,0,NULL,'2021-05-27 11:48:28');
/*!40000 ALTER TABLE `auth` ENABLE KEYS */;
UNLOCK TABLES;
/*!50003 SET @saved_cs_client      = @@character_set_client */ ;
/*!50003 SET @saved_cs_results     = @@character_set_results */ ;
/*!50003 SET @saved_col_connection = @@collation_connection */ ;
/*!50003 SET character_set_client  = utf8mb4 */ ;
/*!50003 SET character_set_results = utf8mb4 */ ;
/*!50003 SET collation_connection  = utf8mb4_0900_ai_ci */ ;
/*!50003 SET @saved_sql_mode       = @@sql_mode */ ;
/*!50003 SET sql_mode              = 'STRICT_TRANS_TABLES,NO_ENGINE_SUBSTITUTION' */ ;
DELIMITER ;;
/*!50003 CREATE*/ /*!50017 DEFINER=`rest`@`%`*/ /*!50003 TRIGGER `auth_BEFORE_INSERT` BEFORE INSERT ON `auth` FOR EACH ROW BEGIN 	SET new.creation_datetime = NOW();   END */;;
DELIMITER ;
/*!50003 SET sql_mode              = @saved_sql_mode */ ;
/*!50003 SET character_set_client  = @saved_cs_client */ ;
/*!50003 SET character_set_results = @saved_cs_results */ ;
/*!50003 SET collation_connection  = @saved_col_connection */ ;
/*!50003 SET @saved_cs_client      = @@character_set_client */ ;
/*!50003 SET @saved_cs_results     = @@character_set_results */ ;
/*!50003 SET @saved_col_connection = @@collation_connection */ ;
/*!50003 SET character_set_client  = utf8mb4 */ ;
/*!50003 SET character_set_results = utf8mb4 */ ;
/*!50003 SET collation_connection  = utf8mb4_0900_ai_ci */ ;
/*!50003 SET @saved_sql_mode       = @@sql_mode */ ;
/*!50003 SET sql_mode              = 'STRICT_TRANS_TABLES,NO_ENGINE_SUBSTITUTION' */ ;
DELIMITER ;;
/*!50003 CREATE*/ /*!50017 DEFINER=`rest`@`%`*/ /*!50003 TRIGGER `auth_BEFORE_UPDATE` BEFORE UPDATE ON `auth` FOR EACH ROW BEGIN 	SET new.changed_datetime = NOW();END */;;
DELIMITER ;
/*!50003 SET sql_mode              = @saved_sql_mode */ ;
/*!50003 SET character_set_client  = @saved_cs_client */ ;
/*!50003 SET character_set_results = @saved_cs_results */ ;
/*!50003 SET collation_connection  = @saved_col_connection */ ;

--
-- Table structure for table `class`
--

DROP TABLE IF EXISTS `class`;
/*!40101 SET @saved_cs_client     = @@character_set_client */;
/*!50503 SET character_set_client = utf8mb4 */;
CREATE TABLE `class` (
  `uuid` varchar(36) NOT NULL,
  `assembly` varchar(128) NOT NULL,
  `namespace` varchar(128) NOT NULL,
  `net_name` varchar(128) NOT NULL,
  `table_name` varchar(128) DEFAULT NULL,
  `creation_datetime` timestamp NULL DEFAULT CURRENT_TIMESTAMP,
  `active` tinyint NOT NULL DEFAULT '1',
  `activation_datetime` datetime DEFAULT NULL,
  `deleted` tinyint DEFAULT '0',
  `deletion_datetime` datetime DEFAULT NULL,
  `changed_datetime` datetime DEFAULT NULL,
  PRIMARY KEY (`uuid`)
) ENGINE=InnoDB DEFAULT CHARSET=utf8mb3;
/*!40101 SET character_set_client = @saved_cs_client */;

--
-- Dumping data for table `class`
--

LOCK TABLES `class` WRITE;
/*!40000 ALTER TABLE `class` DISABLE KEYS */;
INSERT INTO `class` VALUES ('33b9983c-5475-11ec-9e6e-d8bbc10f2ae0','WebApiApplicationService, Version=1.0.0.0, Culture=neutral, PublicKeyToken=null','WebApiApplicationService.Models.Database','RoleToControllerViewModel','role_to_controller_view','2021-12-03 20:11:36',1,NULL,0,NULL,NULL),('38f3b2d2-5137-11ec-ad22-d8bbc10f2ae0','WebApiApplicationService, Version=1.0.0.0, Culture=neutral, PublicKeyToken=null','WebApiApplicationService.Models.Database','OdbcDriverModel','odbc_driver','2021-11-29 17:10:16',1,NULL,0,NULL,NULL),('38f4bc9c-5137-11ec-ad22-d8bbc10f2ae0','WebApiApplicationService, Version=1.0.0.0, Culture=neutral, PublicKeyToken=null','WebApiApplicationService.Models.Database','OdbcDriverVersionFileModel','odbc_driver_version_file','2021-11-29 17:10:16',1,NULL,0,NULL,NULL),('38f559f6-5137-11ec-ad22-d8bbc10f2ae0','WebApiApplicationService, Version=1.0.0.0, Culture=neutral, PublicKeyToken=null','WebApiApplicationService.Models.Database','OdbcDriverVersionModel','odbc_driver_version','2021-11-29 17:10:16',1,NULL,0,NULL,NULL),('38f5e62d-5137-11ec-ad22-d8bbc10f2ae0','WebApiApplicationService, Version=1.0.0.0, Culture=neutral, PublicKeyToken=null','WebApiApplicationService.Models.Database','OdbcDriverVersionRelationToConnectionStringModel','odbc_driver_version_relation_to_connection_string','2021-11-29 17:10:16',1,NULL,0,NULL,NULL),('38f667e2-5137-11ec-ad22-d8bbc10f2ae0','WebApiApplicationService, Version=1.0.0.0, Culture=neutral, PublicKeyToken=null','WebApiApplicationService.Models.Database','OdbcDriverVersionRelationToConnectionTypeModel','odbc_driver_version_relation_to_connection_type','2021-11-29 17:10:16',1,NULL,0,NULL,NULL),('38f6e486-5137-11ec-ad22-d8bbc10f2ae0','WebApiApplicationService, Version=1.0.0.0, Culture=neutral, PublicKeyToken=null','WebApiApplicationService.Models.Database','SoftwareVersionRelationToOperatingSystemModel','software_version_relation_to_operating_system','2021-11-29 17:10:16',1,NULL,0,NULL,NULL),('38f77b24-5137-11ec-ad22-d8bbc10f2ae0','WebApiApplicationService, Version=1.0.0.0, Culture=neutral, PublicKeyToken=null','WebApiApplicationService.Models.Database','UserRelationToRoleModel','user_relation_to_role','2021-11-29 17:10:16',1,NULL,0,NULL,NULL),('5c9ee7c2-5073-11ec-9b15-d8bbc10f2ae0','WebApiApplicationService, Version=1.0.0.0, Culture=neutral, PublicKeyToken=null','WebApiApplicationService.Models.Database','AccountModel','account','2021-11-28 17:48:14',1,NULL,0,NULL,NULL),('5d5cee3e-5073-11ec-9b15-d8bbc10f2ae0','WebApiApplicationService, Version=1.0.0.0, Culture=neutral, PublicKeyToken=null','WebApiApplicationService.Models.Database','ApiModel','api','2021-11-28 17:48:15',1,NULL,0,NULL,NULL),('5db42e99-5073-11ec-9b15-d8bbc10f2ae0','WebApiApplicationService, Version=1.0.0.0, Culture=neutral, PublicKeyToken=null','WebApiApplicationService.Models.Database','AuthModel','auth','2021-11-28 17:48:16',1,NULL,0,NULL,NULL),('5df47882-5073-11ec-9b15-d8bbc10f2ae0','WebApiApplicationService, Version=1.0.0.0, Culture=neutral, PublicKeyToken=null','WebApiApplicationService.Models.Database','ClassModel','class','2021-11-28 17:48:16',1,NULL,0,NULL,NULL),('783c9099-5073-11ec-9b15-d8bbc10f2ae0','WebApiApplicationService, Version=1.0.0.0, Culture=neutral, PublicKeyToken=null','WebApiApplicationService.Models.Database','ClassRelationModel','class_relation','2021-11-28 17:49:01',1,NULL,0,NULL,NULL),('7e54a152-5073-11ec-9b15-d8bbc10f2ae0','WebApiApplicationService, Version=1.0.0.0, Culture=neutral, PublicKeyToken=null','WebApiApplicationService.Models.Database','CommunicationMediumModel','communication_medium','2021-11-28 17:49:11',1,NULL,0,NULL,NULL),('97c59f77-5478-11ec-9e6e-d8bbc10f2ae0','WebApiApplicationService, Version=1.0.0.0, Culture=neutral, PublicKeyToken=null','WebApiApplicationService.Models.Database','ClassRelationToClassViewModel','class_relation_to_class_view','2021-12-03 20:35:46',1,NULL,0,NULL,NULL),('cdcbce95-507a-11ec-9b15-d8bbc10f2ae0','WebApiApplicationService, Version=1.0.0.0, Culture=neutral, PublicKeyToken=null','WebApiApplicationService.Models.Database','RelationshipTypeModel','relationship_type','2021-11-28 18:41:31',1,NULL,0,NULL,NULL),('e5cec033-5073-11ec-9b15-d8bbc10f2ae0','WebApiApplicationService, Version=1.0.0.0, Culture=neutral, PublicKeyToken=null','WebApiApplicationService.Models.Database','ConnectionstringValuesModel','connection_string_value','2021-11-28 17:52:04',1,NULL,0,NULL,NULL),('e5d29853-5073-11ec-9b15-d8bbc10f2ae0','WebApiApplicationService, Version=1.0.0.0, Culture=neutral, PublicKeyToken=null','WebApiApplicationService.Models.Database','ConnectionTypeModel','connection_type','2021-11-28 17:52:04',1,NULL,0,NULL,NULL),('e5d38b08-5073-11ec-9b15-d8bbc10f2ae0','WebApiApplicationService, Version=1.0.0.0, Culture=neutral, PublicKeyToken=null','WebApiApplicationService.Models.Database','ControllerActionModel','controller_action','2021-11-28 17:52:04',1,NULL,0,NULL,NULL),('e5d412db-5073-11ec-9b15-d8bbc10f2ae0','WebApiApplicationService, Version=1.0.0.0, Culture=neutral, PublicKeyToken=null','WebApiApplicationService.Models.Database','ControllerActionRelationToHttpMethodModel','controller_action_relation_to_http_method','2021-11-28 17:52:04',1,NULL,0,NULL,NULL),('e5d49ed2-5073-11ec-9b15-d8bbc10f2ae0','WebApiApplicationService, Version=1.0.0.0, Culture=neutral, PublicKeyToken=null','WebApiApplicationService.Models.Database','ControllerModel','controller','2021-11-28 17:52:04',1,NULL,0,NULL,NULL),('e5d5885f-5073-11ec-9b15-d8bbc10f2ae0','WebApiApplicationService, Version=1.0.0.0, Culture=neutral, PublicKeyToken=null','WebApiApplicationService.Models.Database','CrudModel','crud','2021-11-28 17:52:04',1,NULL,0,NULL,NULL),('e5d8c8ec-5073-11ec-9b15-d8bbc10f2ae0','WebApiApplicationService, Version=1.0.0.0, Culture=neutral, PublicKeyToken=null','WebApiApplicationService.Models.Database','DriverVersionRelationCommandModel','driver_version_relation_command','2021-11-28 17:52:04',1,NULL,0,NULL,NULL),('e5d9538d-5073-11ec-9b15-d8bbc10f2ae0','WebApiApplicationService, Version=1.0.0.0, Culture=neutral, PublicKeyToken=null','WebApiApplicationService.Models.Database','HttpMethodModel','http_method','2021-11-28 17:52:04',1,NULL,0,NULL,NULL),('e5d9dc01-5073-11ec-9b15-d8bbc10f2ae0','WebApiApplicationService, Version=1.0.0.0, Culture=neutral, PublicKeyToken=null','WebApiApplicationService.Models.Database','MessageAttachmentModel','message_attachment','2021-11-28 17:52:04',1,NULL,0,NULL,NULL),('e5da5dbc-5073-11ec-9b15-d8bbc10f2ae0','WebApiApplicationService, Version=1.0.0.0, Culture=neutral, PublicKeyToken=null','WebApiApplicationService.Models.Database','MessageConversationModel','message_conversation','2021-11-28 17:52:04',1,NULL,0,NULL,NULL),('e5dae364-5073-11ec-9b15-d8bbc10f2ae0','WebApiApplicationService, Version=1.0.0.0, Culture=neutral, PublicKeyToken=null','WebApiApplicationService.Models.Database','MessageConversationStateTypeModel','message_conversation_state_type','2021-11-28 17:52:04',1,NULL,0,NULL,NULL),('e5db64d2-5073-11ec-9b15-d8bbc10f2ae0','WebApiApplicationService, Version=1.0.0.0, Culture=neutral, PublicKeyToken=null','WebApiApplicationService.Models.Database','MessageModel','message','2021-11-28 17:52:04',1,NULL,0,NULL,NULL),('e5dbe741-5073-11ec-9b15-d8bbc10f2ae0','WebApiApplicationService, Version=1.0.0.0, Culture=neutral, PublicKeyToken=null','WebApiApplicationService.Models.Database','MessageQueueFileExtensions_SubModel','message_queue_file_extensions__sub','2021-11-28 17:52:04',1,NULL,0,NULL,NULL),('e5dc6cb3-5073-11ec-9b15-d8bbc10f2ae0','WebApiApplicationService, Version=1.0.0.0, Culture=neutral, PublicKeyToken=null','WebApiApplicationService.Models.Database','MessageQueueModel','message_queue','2021-11-28 17:52:04',1,NULL,0,NULL,NULL),('e5dcf564-5073-11ec-9b15-d8bbc10f2ae0','WebApiApplicationService, Version=1.0.0.0, Culture=neutral, PublicKeyToken=null','WebApiApplicationService.Models.Database','MessageRelationToAttachmentModel','message_relation_to_attachment','2021-11-28 17:52:04',1,NULL,0,NULL,NULL),('e5dde57c-5073-11ec-9b15-d8bbc10f2ae0','WebApiApplicationService, Version=1.0.0.0, Culture=neutral, PublicKeyToken=null','WebApiApplicationService.Models.Database','MessageRelationToMessageAccountModel','message_relation_to_message_account','2021-11-28 17:52:04',1,NULL,0,NULL,NULL),('e5de835e-5073-11ec-9b15-d8bbc10f2ae0','WebApiApplicationService, Version=1.0.0.0, Culture=neutral, PublicKeyToken=null','WebApiApplicationService.Models.Database','MessageSendingTypeModel','message_sending_type','2021-11-28 17:52:04',1,NULL,0,NULL,NULL),('e5df0561-5073-11ec-9b15-d8bbc10f2ae0','WebApiApplicationService, Version=1.0.0.0, Culture=neutral, PublicKeyToken=null','WebApiApplicationService.Models.Database','OperatingSystemModel','operating_system','2021-11-28 17:52:04',1,NULL,0,NULL,NULL),('e5e02341-5073-11ec-9b15-d8bbc10f2ae0','WebApiApplicationService, Version=1.0.0.0, Culture=neutral, PublicKeyToken=null','WebApiApplicationService.Models.Database','RoleModel','role','2021-11-28 17:52:04',1,NULL,0,NULL,NULL),('e5e0b356-5073-11ec-9b15-d8bbc10f2ae0','WebApiApplicationService, Version=1.0.0.0, Culture=neutral, PublicKeyToken=null','WebApiApplicationService.Models.Database','SchemaDataCommandModel','schema_data_command','2021-11-28 17:52:04',1,NULL,0,NULL,NULL),('e5e13487-5073-11ec-9b15-d8bbc10f2ae0','WebApiApplicationService, Version=1.0.0.0, Culture=neutral, PublicKeyToken=null','WebApiApplicationService.Models.Database','SiteProtectModel','site_protect','2021-11-28 17:52:04',1,NULL,0,NULL,NULL),('e5e1c02a-5073-11ec-9b15-d8bbc10f2ae0','WebApiApplicationService, Version=1.0.0.0, Culture=neutral, PublicKeyToken=null','WebApiApplicationService.Models.Database','SoftwareModel','software','2021-11-28 17:52:04',1,NULL,0,NULL,NULL),('e5e23d58-5073-11ec-9b15-d8bbc10f2ae0','WebApiApplicationService, Version=1.0.0.0, Culture=neutral, PublicKeyToken=null','WebApiApplicationService.Models.Database','SoftwareVersionModel','software_version','2021-11-28 17:52:04',1,NULL,0,NULL,NULL),('e5e335f2-5073-11ec-9b15-d8bbc10f2ae0','WebApiApplicationService, Version=1.0.0.0, Culture=neutral, PublicKeyToken=null','WebApiApplicationService.Models.Database','SystemMessageUserModel','system_message_user','2021-11-28 17:52:04',1,NULL,0,NULL,NULL),('e5e3b4a0-5073-11ec-9b15-d8bbc10f2ae0','WebApiApplicationService, Version=1.0.0.0, Culture=neutral, PublicKeyToken=null','WebApiApplicationService.Models.Database','UserModel','user','2021-11-28 17:52:05',1,NULL,0,NULL,NULL),('e5e4cd9f-5073-11ec-9b15-d8bbc10f2ae0','WebApiApplicationService, Version=1.0.0.0, Culture=neutral, PublicKeyToken=null','WebApiApplicationService.Models.Database','UserTypeModel','user_type','2021-11-28 17:52:05',1,NULL,0,NULL,NULL),('e5e55049-5073-11ec-9b15-d8bbc10f2ae0','WebApiApplicationService, Version=1.0.0.0, Culture=neutral, PublicKeyToken=null','WebApiApplicationService.Models.Database','VersionTypeModel','version_type','2021-11-28 17:52:05',1,NULL,0,NULL,NULL);
/*!40000 ALTER TABLE `class` ENABLE KEYS */;
UNLOCK TABLES;

--
-- Table structure for table `class_relation`
--

DROP TABLE IF EXISTS `class_relation`;
/*!40101 SET @saved_cs_client     = @@character_set_client */;
/*!50503 SET character_set_client = utf8mb4 */;
CREATE TABLE `class_relation` (
  `uuid` varchar(36) NOT NULL,
  `direction` varchar(45) NOT NULL,
  `entity_one_class_uuid` varchar(36) NOT NULL,
  `entity_one` varchar(128) NOT NULL,
  `entity_one_key_col` varchar(128) NOT NULL,
  `entity_one_relationship_type_uuid` varchar(36) NOT NULL,
  `entity_two_relationship_type_uuid` varchar(36) NOT NULL,
  `entity_two` varchar(128) NOT NULL,
  `entity_two_class_uuid` varchar(36) NOT NULL,
  `entity_two_key_col` varchar(128) NOT NULL,
  `creation_datetime` timestamp NULL DEFAULT CURRENT_TIMESTAMP,
  `active` tinyint NOT NULL DEFAULT '1',
  `activation_datetime` datetime DEFAULT NULL,
  `deleted` tinyint DEFAULT '0',
  `deletion_datetime` datetime DEFAULT NULL,
  `changed_datetime` datetime DEFAULT NULL,
  PRIMARY KEY (`entity_one_class_uuid`,`entity_one`,`entity_one_key_col`,`entity_one_relationship_type_uuid`,`entity_two_relationship_type_uuid`,`entity_two`,`entity_two_class_uuid`,`entity_two_key_col`),
  KEY `fk_controllerRelationToRelationShipType_idx` (`entity_one_relationship_type_uuid`),
  KEY `fk_controllerRelationToRelationShipType2_idx` (`entity_two_relationship_type_uuid`),
  KEY `fk_classRelationToClass1_idx` (`entity_one_class_uuid`),
  KEY `fk_classRelationToClass2_idx` (`entity_two_class_uuid`),
  CONSTRAINT `fk_classRelationToClass1` FOREIGN KEY (`entity_one_class_uuid`) REFERENCES `class` (`uuid`),
  CONSTRAINT `fk_classRelationToClass2` FOREIGN KEY (`entity_two_class_uuid`) REFERENCES `class` (`uuid`),
  CONSTRAINT `fk_classRelationToRelationShipType` FOREIGN KEY (`entity_one_relationship_type_uuid`) REFERENCES `relationship_type` (`uuid`),
  CONSTRAINT `fk_classRelationToRelationShipType2` FOREIGN KEY (`entity_two_relationship_type_uuid`) REFERENCES `relationship_type` (`uuid`)
) ENGINE=InnoDB DEFAULT CHARSET=utf8mb3;
/*!40101 SET character_set_client = @saved_cs_client */;

--
-- Dumping data for table `class_relation`
--

LOCK TABLES `class_relation` WRITE;
/*!40000 ALTER TABLE `class_relation` DISABLE KEYS */;
INSERT INTO `class_relation` VALUES ('dab27676-5226-11ec-a1cb-d8bbc10f2ae0','<--','38f3b2d2-5137-11ec-ad22-d8bbc10f2ae0','odbc_driver','uuid','093cf365-5050-11ec-9b15-d8bbc10f2ae0','093cf365-5050-11ec-9b15-d8bbc10f2ae0','odbc_driver_version','38f559f6-5137-11ec-ad22-d8bbc10f2ae0','odbc_driver_uuid','2021-11-30 21:45:37',1,NULL,0,NULL,NULL),('dab14c51-5226-11ec-a1cb-d8bbc10f2ae0','-->','38f559f6-5137-11ec-ad22-d8bbc10f2ae0','odbc_driver_version','odbc_driver_uuid','093cf365-5050-11ec-9b15-d8bbc10f2ae0','093cf365-5050-11ec-9b15-d8bbc10f2ae0','odbc_driver','38f3b2d2-5137-11ec-ad22-d8bbc10f2ae0','uuid','2021-11-30 21:45:37',1,NULL,0,NULL,NULL),('dab6562d-5226-11ec-a1cb-d8bbc10f2ae0','<--','38f559f6-5137-11ec-ad22-d8bbc10f2ae0','odbc_driver_version','uuid','04b690c3-5050-11ec-9b15-d8bbc10f2ae0','04b690c3-5050-11ec-9b15-d8bbc10f2ae0','odbc_driver_version_relation_to_connection_type','38f667e2-5137-11ec-ad22-d8bbc10f2ae0','odbc_driver_version_uuid','2021-11-30 21:45:37',1,NULL,0,NULL,NULL),('dab3edea-5226-11ec-a1cb-d8bbc10f2ae0','-->','38f667e2-5137-11ec-ad22-d8bbc10f2ae0','odbc_driver_version_relation_to_connection_type','connection_type_uuid','04b690c3-5050-11ec-9b15-d8bbc10f2ae0','04b690c3-5050-11ec-9b15-d8bbc10f2ae0','connection_type','e5d29853-5073-11ec-9b15-d8bbc10f2ae0','uuid','2021-11-30 21:45:37',1,NULL,0,NULL,NULL),('dab58d7a-5226-11ec-a1cb-d8bbc10f2ae0','-->','38f667e2-5137-11ec-ad22-d8bbc10f2ae0','odbc_driver_version_relation_to_connection_type','odbc_driver_version_uuid','04b690c3-5050-11ec-9b15-d8bbc10f2ae0','04b690c3-5050-11ec-9b15-d8bbc10f2ae0','odbc_driver_version','38f559f6-5137-11ec-ad22-d8bbc10f2ae0','uuid','2021-11-30 21:45:37',1,NULL,0,NULL,NULL),('dab773b1-5226-11ec-a1cb-d8bbc10f2ae0','-->','38f6e486-5137-11ec-ad22-d8bbc10f2ae0','software_version_relation_to_operating_system','operating_system_uuid','04b690c3-5050-11ec-9b15-d8bbc10f2ae0','04b690c3-5050-11ec-9b15-d8bbc10f2ae0','operating_system','e5df0561-5073-11ec-9b15-d8bbc10f2ae0','uuid','2021-11-30 21:45:37',1,NULL,0,NULL,NULL),('dab8f88c-5226-11ec-a1cb-d8bbc10f2ae0','-->','38f6e486-5137-11ec-ad22-d8bbc10f2ae0','software_version_relation_to_operating_system','software_version_uuid','04b690c3-5050-11ec-9b15-d8bbc10f2ae0','04b690c3-5050-11ec-9b15-d8bbc10f2ae0','software_version','e5e23d58-5073-11ec-9b15-d8bbc10f2ae0','uuid','2021-11-30 21:45:37',1,NULL,0,NULL,NULL),('dabac9bb-5226-11ec-a1cb-d8bbc10f2ae0','-->','38f77b24-5137-11ec-ad22-d8bbc10f2ae0','user_relation_to_role','role_uuid','04b690c3-5050-11ec-9b15-d8bbc10f2ae0','04b690c3-5050-11ec-9b15-d8bbc10f2ae0','role','e5e02341-5073-11ec-9b15-d8bbc10f2ae0','uuid','2021-11-30 21:45:37',1,NULL,0,NULL,NULL),('dabc5d88-5226-11ec-a1cb-d8bbc10f2ae0','-->','38f77b24-5137-11ec-ad22-d8bbc10f2ae0','user_relation_to_role','user_uuid','04b690c3-5050-11ec-9b15-d8bbc10f2ae0','04b690c3-5050-11ec-9b15-d8bbc10f2ae0','user','e5e3b4a0-5073-11ec-9b15-d8bbc10f2ae0','uuid','2021-11-30 21:45:37',1,NULL,0,NULL,NULL),('dabe7d1b-5226-11ec-a1cb-d8bbc10f2ae0','-->','5c9ee7c2-5073-11ec-9b15-d8bbc10f2ae0','account','communication_medium_uuid','04b690c3-5050-11ec-9b15-d8bbc10f2ae0','04b690c3-5050-11ec-9b15-d8bbc10f2ae0','communication_medium','7e54a152-5073-11ec-9b15-d8bbc10f2ae0','uuid','2021-11-30 21:45:37',1,NULL,0,NULL,NULL),('dae53dde-5226-11ec-a1cb-d8bbc10f2ae0','<--','5c9ee7c2-5073-11ec-9b15-d8bbc10f2ae0','account','uuid','093cf365-5050-11ec-9b15-d8bbc10f2ae0','093cf365-5050-11ec-9b15-d8bbc10f2ae0','user','e5e3b4a0-5073-11ec-9b15-d8bbc10f2ae0','account_uuid','2021-11-30 21:45:37',1,NULL,0,NULL,NULL),('dad032e8-5226-11ec-a1cb-d8bbc10f2ae0','<--','5d5cee3e-5073-11ec-9b15-d8bbc10f2ae0','api','uuid','093cf365-5050-11ec-9b15-d8bbc10f2ae0','093cf365-5050-11ec-9b15-d8bbc10f2ae0','controller','e5d49ed2-5073-11ec-9b15-d8bbc10f2ae0','api_uuid','2021-11-30 21:45:37',1,NULL,0,NULL,NULL),('dac0985d-5226-11ec-a1cb-d8bbc10f2ae0','-->','5db42e99-5073-11ec-9b15-d8bbc10f2ae0','auth','user_uuid','093cf365-5050-11ec-9b15-d8bbc10f2ae0','093cf365-5050-11ec-9b15-d8bbc10f2ae0','user','e5e3b4a0-5073-11ec-9b15-d8bbc10f2ae0','uuid','2021-11-30 21:45:37',1,NULL,0,NULL,NULL),('dac35ca3-5226-11ec-a1cb-d8bbc10f2ae0','<--','5df47882-5073-11ec-9b15-d8bbc10f2ae0','class','uuid','04b690c3-5050-11ec-9b15-d8bbc10f2ae0','04b690c3-5050-11ec-9b15-d8bbc10f2ae0','class_relation','783c9099-5073-11ec-9b15-d8bbc10f2ae0','entity_one_class_uuid','2021-11-30 21:45:37',1,NULL,0,NULL,NULL),('dac50277-5226-11ec-a1cb-d8bbc10f2ae0','<--','5df47882-5073-11ec-9b15-d8bbc10f2ae0','class','uuid','04b690c3-5050-11ec-9b15-d8bbc10f2ae0','04b690c3-5050-11ec-9b15-d8bbc10f2ae0','class_relation','783c9099-5073-11ec-9b15-d8bbc10f2ae0','entity_two_class_uuid','2021-11-30 21:45:37',1,NULL,0,NULL,NULL),('dac295d9-5226-11ec-a1cb-d8bbc10f2ae0','-->','783c9099-5073-11ec-9b15-d8bbc10f2ae0','class_relation','entity_one_class_uuid','04b690c3-5050-11ec-9b15-d8bbc10f2ae0','04b690c3-5050-11ec-9b15-d8bbc10f2ae0','class','5df47882-5073-11ec-9b15-d8bbc10f2ae0','uuid','2021-11-30 21:45:37',1,NULL,0,NULL,NULL),('dac5db51-5226-11ec-a1cb-d8bbc10f2ae0','-->','783c9099-5073-11ec-9b15-d8bbc10f2ae0','class_relation','entity_one_relationship_type_uuid','04b690c3-5050-11ec-9b15-d8bbc10f2ae0','04b690c3-5050-11ec-9b15-d8bbc10f2ae0','relationship_type','cdcbce95-507a-11ec-9b15-d8bbc10f2ae0','uuid','2021-11-30 21:45:37',1,NULL,0,NULL,NULL),('dac43532-5226-11ec-a1cb-d8bbc10f2ae0','-->','783c9099-5073-11ec-9b15-d8bbc10f2ae0','class_relation','entity_two_class_uuid','04b690c3-5050-11ec-9b15-d8bbc10f2ae0','04b690c3-5050-11ec-9b15-d8bbc10f2ae0','class','5df47882-5073-11ec-9b15-d8bbc10f2ae0','uuid','2021-11-30 21:45:37',1,NULL,0,NULL,NULL),('dac76dde-5226-11ec-a1cb-d8bbc10f2ae0','-->','783c9099-5073-11ec-9b15-d8bbc10f2ae0','class_relation','entity_two_relationship_type_uuid','04b690c3-5050-11ec-9b15-d8bbc10f2ae0','04b690c3-5050-11ec-9b15-d8bbc10f2ae0','relationship_type','cdcbce95-507a-11ec-9b15-d8bbc10f2ae0','uuid','2021-11-30 21:45:37',1,NULL,0,NULL,NULL),('dabf5319-5226-11ec-a1cb-d8bbc10f2ae0','<--','7e54a152-5073-11ec-9b15-d8bbc10f2ae0','communication_medium','uuid','04b690c3-5050-11ec-9b15-d8bbc10f2ae0','04b690c3-5050-11ec-9b15-d8bbc10f2ae0','account','5c9ee7c2-5073-11ec-9b15-d8bbc10f2ae0','communication_medium_uuid','2021-11-30 21:45:37',1,NULL,0,NULL,NULL),('dae365a1-5226-11ec-a1cb-d8bbc10f2ae0','<--','7e54a152-5073-11ec-9b15-d8bbc10f2ae0','communication_medium','uuid','04b690c3-5050-11ec-9b15-d8bbc10f2ae0','04b690c3-5050-11ec-9b15-d8bbc10f2ae0','system_message_user','e5e335f2-5073-11ec-9b15-d8bbc10f2ae0','communication_medium_uuid','2021-11-30 21:45:37',1,NULL,0,NULL,NULL),('dad4491b-5226-11ec-a1cb-d8bbc10f2ae0','<--','7e54a152-5073-11ec-9b15-d8bbc10f2ae0','communication_medium','uuid','093cf365-5050-11ec-9b15-d8bbc10f2ae0','093cf365-5050-11ec-9b15-d8bbc10f2ae0','message_conversation','e5da5dbc-5073-11ec-9b15-d8bbc10f2ae0','communication_medium_uuid','2021-11-30 21:45:37',1,NULL,0,NULL,NULL),('dac6a440-5226-11ec-a1cb-d8bbc10f2ae0','<--','cdcbce95-507a-11ec-9b15-d8bbc10f2ae0','relationship_type','uuid','04b690c3-5050-11ec-9b15-d8bbc10f2ae0','04b690c3-5050-11ec-9b15-d8bbc10f2ae0','class_relation','783c9099-5073-11ec-9b15-d8bbc10f2ae0','entity_one_relationship_type_uuid','2021-11-30 21:45:37',1,NULL,0,NULL,NULL),('dac82f58-5226-11ec-a1cb-d8bbc10f2ae0','<--','cdcbce95-507a-11ec-9b15-d8bbc10f2ae0','relationship_type','uuid','04b690c3-5050-11ec-9b15-d8bbc10f2ae0','04b690c3-5050-11ec-9b15-d8bbc10f2ae0','class_relation','783c9099-5073-11ec-9b15-d8bbc10f2ae0','entity_two_relationship_type_uuid','2021-11-30 21:45:37',1,NULL,0,NULL,NULL),('dab4b4ed-5226-11ec-a1cb-d8bbc10f2ae0','<--','e5d29853-5073-11ec-9b15-d8bbc10f2ae0','connection_type','uuid','04b690c3-5050-11ec-9b15-d8bbc10f2ae0','04b690c3-5050-11ec-9b15-d8bbc10f2ae0','odbc_driver_version_relation_to_connection_type','38f667e2-5137-11ec-ad22-d8bbc10f2ae0','connection_type_uuid','2021-11-30 21:45:37',1,NULL,0,NULL,NULL),('daca06f9-5226-11ec-a1cb-d8bbc10f2ae0','-->','e5d38b08-5073-11ec-9b15-d8bbc10f2ae0','controller_action','controller_uuid','093cf365-5050-11ec-9b15-d8bbc10f2ae0','093cf365-5050-11ec-9b15-d8bbc10f2ae0','controller','e5d49ed2-5073-11ec-9b15-d8bbc10f2ae0','uuid','2021-11-30 21:45:37',1,NULL,0,NULL,NULL),('dace604a-5226-11ec-a1cb-d8bbc10f2ae0','<--','e5d38b08-5073-11ec-9b15-d8bbc10f2ae0','controller_action','uuid','04b690c3-5050-11ec-9b15-d8bbc10f2ae0','04b690c3-5050-11ec-9b15-d8bbc10f2ae0','controller_action_relation_to_http_method','e5d412db-5073-11ec-9b15-d8bbc10f2ae0','controller_action_uuid','2021-11-30 21:45:37',1,NULL,0,NULL,NULL),('dacd76d2-5226-11ec-a1cb-d8bbc10f2ae0','-->','e5d412db-5073-11ec-9b15-d8bbc10f2ae0','controller_action_relation_to_http_method','controller_action_uuid','04b690c3-5050-11ec-9b15-d8bbc10f2ae0','04b690c3-5050-11ec-9b15-d8bbc10f2ae0','controller_action','e5d38b08-5073-11ec-9b15-d8bbc10f2ae0','uuid','2021-11-30 21:45:37',1,NULL,0,NULL,NULL),('dacbe988-5226-11ec-a1cb-d8bbc10f2ae0','-->','e5d412db-5073-11ec-9b15-d8bbc10f2ae0','controller_action_relation_to_http_method','http_method_uuid','04b690c3-5050-11ec-9b15-d8bbc10f2ae0','04b690c3-5050-11ec-9b15-d8bbc10f2ae0','http_method','e5d9538d-5073-11ec-9b15-d8bbc10f2ae0','uuid','2021-11-30 21:45:37',1,NULL,0,NULL,NULL),('dacf705d-5226-11ec-a1cb-d8bbc10f2ae0','-->','e5d49ed2-5073-11ec-9b15-d8bbc10f2ae0','controller','api_uuid','093cf365-5050-11ec-9b15-d8bbc10f2ae0','093cf365-5050-11ec-9b15-d8bbc10f2ae0','api','5d5cee3e-5073-11ec-9b15-d8bbc10f2ae0','uuid','2021-11-30 21:45:37',1,NULL,0,NULL,NULL),('dacad268-5226-11ec-a1cb-d8bbc10f2ae0','<--','e5d49ed2-5073-11ec-9b15-d8bbc10f2ae0','controller','uuid','093cf365-5050-11ec-9b15-d8bbc10f2ae0','093cf365-5050-11ec-9b15-d8bbc10f2ae0','controller_action','e5d38b08-5073-11ec-9b15-d8bbc10f2ae0','controller_uuid','2021-11-30 21:45:37',1,NULL,0,NULL,NULL),('dad24c4a-5226-11ec-a1cb-d8bbc10f2ae0','<--','e5d5885f-5073-11ec-9b15-d8bbc10f2ae0','crud','uuid','093cf365-5050-11ec-9b15-d8bbc10f2ae0','093cf365-5050-11ec-9b15-d8bbc10f2ae0','http_method','e5d9538d-5073-11ec-9b15-d8bbc10f2ae0','crud_uuid','2021-11-30 21:45:37',1,NULL,0,NULL,NULL),('dad187ba-5226-11ec-a1cb-d8bbc10f2ae0','-->','e5d9538d-5073-11ec-9b15-d8bbc10f2ae0','http_method','crud_uuid','093cf365-5050-11ec-9b15-d8bbc10f2ae0','093cf365-5050-11ec-9b15-d8bbc10f2ae0','crud','e5d5885f-5073-11ec-9b15-d8bbc10f2ae0','uuid','2021-11-30 21:45:37',1,NULL,0,NULL,NULL),('daccae1e-5226-11ec-a1cb-d8bbc10f2ae0','<--','e5d9538d-5073-11ec-9b15-d8bbc10f2ae0','http_method','uuid','04b690c3-5050-11ec-9b15-d8bbc10f2ae0','04b690c3-5050-11ec-9b15-d8bbc10f2ae0','controller_action_relation_to_http_method','e5d412db-5073-11ec-9b15-d8bbc10f2ae0','http_method_uuid','2021-11-30 21:45:37',1,NULL,0,NULL,NULL),('dadc9569-5226-11ec-a1cb-d8bbc10f2ae0','<--','e5d9dc01-5073-11ec-9b15-d8bbc10f2ae0','message_attachment','uuid','04b690c3-5050-11ec-9b15-d8bbc10f2ae0','04b690c3-5050-11ec-9b15-d8bbc10f2ae0','message_relation_to_attachment','e5dcf564-5073-11ec-9b15-d8bbc10f2ae0','message_attachment_uuid','2021-11-30 21:45:37',1,NULL,0,NULL,NULL),('dad38afa-5226-11ec-a1cb-d8bbc10f2ae0','-->','e5da5dbc-5073-11ec-9b15-d8bbc10f2ae0','message_conversation','communication_medium_uuid','093cf365-5050-11ec-9b15-d8bbc10f2ae0','093cf365-5050-11ec-9b15-d8bbc10f2ae0','communication_medium','7e54a152-5073-11ec-9b15-d8bbc10f2ae0','uuid','2021-11-30 21:45:37',1,NULL,0,NULL,NULL),('dad501c4-5226-11ec-a1cb-d8bbc10f2ae0','-->','e5da5dbc-5073-11ec-9b15-d8bbc10f2ae0','message_conversation','message_conversation_state_type_uuid','093cf365-5050-11ec-9b15-d8bbc10f2ae0','093cf365-5050-11ec-9b15-d8bbc10f2ae0','message_conversation_state_type','e5dae364-5073-11ec-9b15-d8bbc10f2ae0','uuid','2021-11-30 21:45:37',1,NULL,0,NULL,NULL),('dad67fae-5226-11ec-a1cb-d8bbc10f2ae0','-->','e5da5dbc-5073-11ec-9b15-d8bbc10f2ae0','message_conversation','message_queue_uuid','093cf365-5050-11ec-9b15-d8bbc10f2ae0','093cf365-5050-11ec-9b15-d8bbc10f2ae0','message_queue','e5dc6cb3-5073-11ec-9b15-d8bbc10f2ae0','uuid','2021-11-30 21:45:37',1,NULL,0,NULL,NULL),('dad90db0-5226-11ec-a1cb-d8bbc10f2ae0','<--','e5da5dbc-5073-11ec-9b15-d8bbc10f2ae0','message_conversation','uuid','093cf365-5050-11ec-9b15-d8bbc10f2ae0','093cf365-5050-11ec-9b15-d8bbc10f2ae0','message','e5db64d2-5073-11ec-9b15-d8bbc10f2ae0','message_conversation_uuid','2021-11-30 21:45:37',1,NULL,0,NULL,NULL),('dad5bf5c-5226-11ec-a1cb-d8bbc10f2ae0','<--','e5dae364-5073-11ec-9b15-d8bbc10f2ae0','message_conversation_state_type','uuid','093cf365-5050-11ec-9b15-d8bbc10f2ae0','093cf365-5050-11ec-9b15-d8bbc10f2ae0','message_conversation','e5da5dbc-5073-11ec-9b15-d8bbc10f2ae0','message_conversation_state_type_uuid','2021-11-30 21:45:37',1,NULL,0,NULL,NULL),('dad85b85-5226-11ec-a1cb-d8bbc10f2ae0','-->','e5db64d2-5073-11ec-9b15-d8bbc10f2ae0','message','message_conversation_uuid','093cf365-5050-11ec-9b15-d8bbc10f2ae0','093cf365-5050-11ec-9b15-d8bbc10f2ae0','message_conversation','e5da5dbc-5073-11ec-9b15-d8bbc10f2ae0','uuid','2021-11-30 21:45:37',1,NULL,0,NULL,NULL),('dadb11fb-5226-11ec-a1cb-d8bbc10f2ae0','<--','e5db64d2-5073-11ec-9b15-d8bbc10f2ae0','message','uuid','04b690c3-5050-11ec-9b15-d8bbc10f2ae0','04b690c3-5050-11ec-9b15-d8bbc10f2ae0','message_relation_to_attachment','e5dcf564-5073-11ec-9b15-d8bbc10f2ae0','message_uuid','2021-11-30 21:45:37',1,NULL,0,NULL,NULL),('dad73e33-5226-11ec-a1cb-d8bbc10f2ae0','<--','e5dc6cb3-5073-11ec-9b15-d8bbc10f2ae0','message_queue','uuid','093cf365-5050-11ec-9b15-d8bbc10f2ae0','093cf365-5050-11ec-9b15-d8bbc10f2ae0','message_conversation','e5da5dbc-5073-11ec-9b15-d8bbc10f2ae0','message_queue_uuid','2021-11-30 21:45:37',1,NULL,0,NULL,NULL),('dadbc846-5226-11ec-a1cb-d8bbc10f2ae0','-->','e5dcf564-5073-11ec-9b15-d8bbc10f2ae0','message_relation_to_attachment','message_attachment_uuid','04b690c3-5050-11ec-9b15-d8bbc10f2ae0','04b690c3-5050-11ec-9b15-d8bbc10f2ae0','message_attachment','e5d9dc01-5073-11ec-9b15-d8bbc10f2ae0','uuid','2021-11-30 21:45:37',1,NULL,0,NULL,NULL),('dada567c-5226-11ec-a1cb-d8bbc10f2ae0','-->','e5dcf564-5073-11ec-9b15-d8bbc10f2ae0','message_relation_to_attachment','message_uuid','04b690c3-5050-11ec-9b15-d8bbc10f2ae0','04b690c3-5050-11ec-9b15-d8bbc10f2ae0','message','e5db64d2-5073-11ec-9b15-d8bbc10f2ae0','uuid','2021-11-30 21:45:37',1,NULL,0,NULL,NULL),('dab8382a-5226-11ec-a1cb-d8bbc10f2ae0','<--','e5df0561-5073-11ec-9b15-d8bbc10f2ae0','operating_system','uuid','04b690c3-5050-11ec-9b15-d8bbc10f2ae0','04b690c3-5050-11ec-9b15-d8bbc10f2ae0','software_version_relation_to_operating_system','38f6e486-5137-11ec-ad22-d8bbc10f2ae0','operating_system_uuid','2021-11-30 21:45:37',1,NULL,0,NULL,NULL),('dabb9db6-5226-11ec-a1cb-d8bbc10f2ae0','<--','e5e02341-5073-11ec-9b15-d8bbc10f2ae0','role','uuid','04b690c3-5050-11ec-9b15-d8bbc10f2ae0','04b690c3-5050-11ec-9b15-d8bbc10f2ae0','user_relation_to_role','38f77b24-5137-11ec-ad22-d8bbc10f2ae0','role_uuid','2021-11-30 21:45:37',1,NULL,0,NULL,NULL),('dae00dec-5226-11ec-a1cb-d8bbc10f2ae0','<--','e5e1c02a-5073-11ec-9b15-d8bbc10f2ae0','software','uuid','093cf365-5050-11ec-9b15-d8bbc10f2ae0','093cf365-5050-11ec-9b15-d8bbc10f2ae0','software_version','e5e23d58-5073-11ec-9b15-d8bbc10f2ae0','software_uuid','2021-11-30 21:45:37',1,NULL,0,NULL,NULL),('dadf4e9b-5226-11ec-a1cb-d8bbc10f2ae0','-->','e5e23d58-5073-11ec-9b15-d8bbc10f2ae0','software_version','software_uuid','093cf365-5050-11ec-9b15-d8bbc10f2ae0','093cf365-5050-11ec-9b15-d8bbc10f2ae0','software','e5e1c02a-5073-11ec-9b15-d8bbc10f2ae0','uuid','2021-11-30 21:45:37',1,NULL,0,NULL,NULL),('dab9bacd-5226-11ec-a1cb-d8bbc10f2ae0','<--','e5e23d58-5073-11ec-9b15-d8bbc10f2ae0','software_version','uuid','04b690c3-5050-11ec-9b15-d8bbc10f2ae0','04b690c3-5050-11ec-9b15-d8bbc10f2ae0','software_version_relation_to_operating_system','38f6e486-5137-11ec-ad22-d8bbc10f2ae0','software_version_uuid','2021-11-30 21:45:37',1,NULL,0,NULL,NULL),('dae0ce2e-5226-11ec-a1cb-d8bbc10f2ae0','-->','e5e23d58-5073-11ec-9b15-d8bbc10f2ae0','software_version','version_type_uuid','093cf365-5050-11ec-9b15-d8bbc10f2ae0','093cf365-5050-11ec-9b15-d8bbc10f2ae0','version_type','e5e55049-5073-11ec-9b15-d8bbc10f2ae0','uuid','2021-11-30 21:45:37',1,NULL,0,NULL,NULL),('dae2ab0a-5226-11ec-a1cb-d8bbc10f2ae0','-->','e5e335f2-5073-11ec-9b15-d8bbc10f2ae0','system_message_user','communication_medium_uuid','04b690c3-5050-11ec-9b15-d8bbc10f2ae0','04b690c3-5050-11ec-9b15-d8bbc10f2ae0','communication_medium','7e54a152-5073-11ec-9b15-d8bbc10f2ae0','uuid','2021-11-30 21:45:37',1,NULL,0,NULL,NULL),('dae4895b-5226-11ec-a1cb-d8bbc10f2ae0','-->','e5e3b4a0-5073-11ec-9b15-d8bbc10f2ae0','user','account_uuid','093cf365-5050-11ec-9b15-d8bbc10f2ae0','093cf365-5050-11ec-9b15-d8bbc10f2ae0','account','5c9ee7c2-5073-11ec-9b15-d8bbc10f2ae0','uuid','2021-11-30 21:45:37',1,NULL,0,NULL,NULL),('dae5f3bf-5226-11ec-a1cb-d8bbc10f2ae0','-->','e5e3b4a0-5073-11ec-9b15-d8bbc10f2ae0','user','user_type_uuid','093cf365-5050-11ec-9b15-d8bbc10f2ae0','093cf365-5050-11ec-9b15-d8bbc10f2ae0','user_type','e5e4cd9f-5073-11ec-9b15-d8bbc10f2ae0','uuid','2021-11-30 21:45:37',1,NULL,0,NULL,NULL),('dabd2eb8-5226-11ec-a1cb-d8bbc10f2ae0','<--','e5e3b4a0-5073-11ec-9b15-d8bbc10f2ae0','user','uuid','04b690c3-5050-11ec-9b15-d8bbc10f2ae0','04b690c3-5050-11ec-9b15-d8bbc10f2ae0','user_relation_to_role','38f77b24-5137-11ec-ad22-d8bbc10f2ae0','user_uuid','2021-11-30 21:45:37',1,NULL,0,NULL,NULL),('dac15d41-5226-11ec-a1cb-d8bbc10f2ae0','<--','e5e3b4a0-5073-11ec-9b15-d8bbc10f2ae0','user','uuid','093cf365-5050-11ec-9b15-d8bbc10f2ae0','093cf365-5050-11ec-9b15-d8bbc10f2ae0','auth','5db42e99-5073-11ec-9b15-d8bbc10f2ae0','user_uuid','2021-11-30 21:45:37',1,NULL,0,NULL,NULL),('dae6bed7-5226-11ec-a1cb-d8bbc10f2ae0','<--','e5e4cd9f-5073-11ec-9b15-d8bbc10f2ae0','user_type','uuid','093cf365-5050-11ec-9b15-d8bbc10f2ae0','093cf365-5050-11ec-9b15-d8bbc10f2ae0','user','e5e3b4a0-5073-11ec-9b15-d8bbc10f2ae0','user_type_uuid','2021-11-30 21:45:37',1,NULL,0,NULL,NULL),('dae1adbf-5226-11ec-a1cb-d8bbc10f2ae0','<--','e5e55049-5073-11ec-9b15-d8bbc10f2ae0','version_type','uuid','093cf365-5050-11ec-9b15-d8bbc10f2ae0','093cf365-5050-11ec-9b15-d8bbc10f2ae0','software_version','e5e23d58-5073-11ec-9b15-d8bbc10f2ae0','version_type_uuid','2021-11-30 21:45:37',1,NULL,0,NULL,NULL);
/*!40000 ALTER TABLE `class_relation` ENABLE KEYS */;
UNLOCK TABLES;

--
-- Temporary view structure for view `class_relation_to_class_view`
--

DROP TABLE IF EXISTS `class_relation_to_class_view`;
/*!50001 DROP VIEW IF EXISTS `class_relation_to_class_view`*/;
SET @saved_cs_client     = @@character_set_client;
/*!50503 SET character_set_client = utf8mb4 */;
/*!50001 CREATE VIEW `class_relation_to_class_view` AS SELECT 
 1 AS `assembly`,
 1 AS `namespace`,
 1 AS `net_name`,
 1 AS `table_name`,
 1 AS `uuid`,
 1 AS `direction`,
 1 AS `entity_one_class_uuid`,
 1 AS `entity_one`,
 1 AS `entity_one_key_col`,
 1 AS `entity_one_relationship_type_uuid`,
 1 AS `entity_two_relationship_type_uuid`,
 1 AS `entity_two`,
 1 AS `entity_two_class_uuid`,
 1 AS `entity_two_key_col`,
 1 AS `creation_datetime`,
 1 AS `active`,
 1 AS `activation_datetime`,
 1 AS `deleted`,
 1 AS `deletion_datetime`,
 1 AS `changed_datetime`,
 1 AS `has_controller`,
 1 AS `controller_name`,
 1 AS `controller_uuid`*/;
SET character_set_client = @saved_cs_client;

--
-- Temporary view structure for view `class_relation_to_controller_view`
--

DROP TABLE IF EXISTS `class_relation_to_controller_view`;
/*!50001 DROP VIEW IF EXISTS `class_relation_to_controller_view`*/;
SET @saved_cs_client     = @@character_set_client;
/*!50503 SET character_set_client = utf8mb4 */;
/*!50001 CREATE VIEW `class_relation_to_controller_view` AS SELECT 
 1 AS `class_uuid`,
 1 AS `assembly`,
 1 AS `namespace`,
 1 AS `net_name`,
 1 AS `table_name`,
 1 AS `controller_uuid`,
 1 AS `name`,
 1 AS `api_uuid`*/;
SET character_set_client = @saved_cs_client;

--
-- Table structure for table `communication_medium`
--

DROP TABLE IF EXISTS `communication_medium`;
/*!40101 SET @saved_cs_client     = @@character_set_client */;
/*!50503 SET character_set_client = utf8mb4 */;
CREATE TABLE `communication_medium` (
  `uuid` varchar(36) NOT NULL,
  `name` varchar(128) NOT NULL,
  `creation_datetime` timestamp NULL DEFAULT CURRENT_TIMESTAMP,
  `active` tinyint NOT NULL DEFAULT '1',
  `activation_datetime` datetime DEFAULT NULL,
  `deleted` tinyint DEFAULT '0',
  `deletion_datetime` datetime DEFAULT NULL,
  `changed_datetime` datetime DEFAULT NULL,
  PRIMARY KEY (`uuid`),
  KEY `name_Idx` (`name`)
) ENGINE=InnoDB DEFAULT CHARSET=utf8mb3;
/*!40101 SET character_set_client = @saved_cs_client */;

--
-- Dumping data for table `communication_medium`
--

LOCK TABLES `communication_medium` WRITE;
/*!40000 ALTER TABLE `communication_medium` DISABLE KEYS */;
INSERT INTO `communication_medium` VALUES ('199b28e3-d921-11eb-81f0-842afd097283','Front End User','2021-06-29 21:29:35',1,NULL,0,NULL,'2021-10-16 12:36:49'),('258b6f62-d91d-11eb-81f0-842afd097283','External SMTP Service','2021-06-29 21:01:17',1,NULL,0,NULL,'2021-06-29 21:29:35'),('258b88a9-d91d-11eb-81f0-842afd097283','External POP3 Service','2021-06-29 21:01:17',1,NULL,0,NULL,'2021-06-29 21:29:35'),('65980434-1ca4-11ec-a4a4-d8bbc10f2ae0','Localhost','2021-09-23 19:28:45',1,NULL,0,NULL,NULL),('6ad81c21-d91a-11eb-81f0-842afd097283','Discord','2021-06-29 20:41:44',1,NULL,0,NULL,NULL),('6ad9523e-d91a-11eb-81f0-842afd097283','External IMAP Service','2021-06-29 20:41:44',1,NULL,0,NULL,'2021-06-29 21:29:35'),('6ad96e3c-d91a-11eb-81f0-842afd097283','Signal','2021-06-29 20:41:44',1,NULL,0,NULL,NULL),('6ad98075-d91a-11eb-81f0-842afd097283','Telegramm','2021-06-29 20:41:44',1,NULL,0,NULL,NULL),('6ad993d8-d91a-11eb-81f0-842afd097283','WhatsApp Business','2021-06-29 20:41:44',1,NULL,0,NULL,NULL);
/*!40000 ALTER TABLE `communication_medium` ENABLE KEYS */;
UNLOCK TABLES;
/*!50003 SET @saved_cs_client      = @@character_set_client */ ;
/*!50003 SET @saved_cs_results     = @@character_set_results */ ;
/*!50003 SET @saved_col_connection = @@collation_connection */ ;
/*!50003 SET character_set_client  = utf8mb4 */ ;
/*!50003 SET character_set_results = utf8mb4 */ ;
/*!50003 SET collation_connection  = utf8mb4_0900_ai_ci */ ;
/*!50003 SET @saved_sql_mode       = @@sql_mode */ ;
/*!50003 SET sql_mode              = 'STRICT_TRANS_TABLES,NO_ENGINE_SUBSTITUTION' */ ;
DELIMITER ;;
/*!50003 CREATE*/ /*!50017 DEFINER=`root`@`localhost`*/ /*!50003 TRIGGER `system_message_user_type_BEFORE_INSERT` BEFORE INSERT ON `communication_medium` FOR EACH ROW BEGIN
SET new.creation_datetime = NOW();   
END */;;
DELIMITER ;
/*!50003 SET sql_mode              = @saved_sql_mode */ ;
/*!50003 SET character_set_client  = @saved_cs_client */ ;
/*!50003 SET character_set_results = @saved_cs_results */ ;
/*!50003 SET collation_connection  = @saved_col_connection */ ;
/*!50003 SET @saved_cs_client      = @@character_set_client */ ;
/*!50003 SET @saved_cs_results     = @@character_set_results */ ;
/*!50003 SET @saved_col_connection = @@collation_connection */ ;
/*!50003 SET character_set_client  = utf8mb4 */ ;
/*!50003 SET character_set_results = utf8mb4 */ ;
/*!50003 SET collation_connection  = utf8mb4_0900_ai_ci */ ;
/*!50003 SET @saved_sql_mode       = @@sql_mode */ ;
/*!50003 SET sql_mode              = 'STRICT_TRANS_TABLES,NO_ENGINE_SUBSTITUTION' */ ;
DELIMITER ;;
/*!50003 CREATE*/ /*!50017 DEFINER=`root`@`localhost`*/ /*!50003 TRIGGER `system_message_user_type_BEFORE_UPDATE` BEFORE UPDATE ON `communication_medium` FOR EACH ROW BEGIN
SET new.changed_datetime = NOW();
END */;;
DELIMITER ;
/*!50003 SET sql_mode              = @saved_sql_mode */ ;
/*!50003 SET character_set_client  = @saved_cs_client */ ;
/*!50003 SET character_set_results = @saved_cs_results */ ;
/*!50003 SET collation_connection  = @saved_col_connection */ ;

--
-- Table structure for table `connection_type`
--

DROP TABLE IF EXISTS `connection_type`;
/*!40101 SET @saved_cs_client     = @@character_set_client */;
/*!50503 SET character_set_client = utf8mb4 */;
CREATE TABLE `connection_type` (
  `uuid` varchar(36) NOT NULL,
  `name` varchar(45) NOT NULL,
  `description` varchar(256) DEFAULT NULL,
  `creation_datetime` timestamp NULL DEFAULT CURRENT_TIMESTAMP,
  `active` tinyint NOT NULL DEFAULT '1',
  `activation_datetime` datetime DEFAULT NULL,
  `deleted` tinyint DEFAULT '0',
  `deletion_datetime` datetime DEFAULT NULL,
  `changed_datetime` datetime DEFAULT NULL,
  PRIMARY KEY (`uuid`)
) ENGINE=InnoDB DEFAULT CHARSET=utf8mb3;
/*!40101 SET character_set_client = @saved_cs_client */;

--
-- Dumping data for table `connection_type`
--

LOCK TABLES `connection_type` WRITE;
/*!40000 ALTER TABLE `connection_type` DISABLE KEYS */;
INSERT INTO `connection_type` VALUES ('989ae37c-a5b4-11eb-bac0-309c2364fdb6','Standard TCP/IP','Connects directly to Serverport, Encryption managed by Server eg. SSL Cert.','2021-04-25 10:54:23',1,NULL,0,NULL,'2021-05-27 11:48:28'),('989b33d8-a5b4-11eb-bac0-309c2364fdb6','TCP/IP over SSH','Connects to Server via Secure Shell (for encryption) and then to local SQL Server on the connected Hostsystem.','2021-04-25 10:54:23',1,NULL,0,NULL,'2021-05-27 11:48:28'),('989b3c0a-a5b4-11eb-bac0-309c2364fdb6','SSL/TLS','Connects like Standard TCP/IP but encrypted the connection via SSL/TLS (Certificate).','2021-04-25 10:54:23',1,NULL,0,NULL,'2021-05-27 11:48:28'),('989b5015-a5b4-11eb-bac0-309c2364fdb6','File Database','Retrieve Data from Filedatabases e.g. MS Access, MS Excel etc.','2021-04-25 10:54:23',1,NULL,0,NULL,'2021-05-27 11:48:28'),('989b5936-a5b4-11eb-bac0-309c2364fdb6','Proxy','Connects to Databaseserver via Proxy','2021-04-25 10:54:23',1,NULL,0,NULL,'2021-05-27 11:48:28');
/*!40000 ALTER TABLE `connection_type` ENABLE KEYS */;
UNLOCK TABLES;
/*!50003 SET @saved_cs_client      = @@character_set_client */ ;
/*!50003 SET @saved_cs_results     = @@character_set_results */ ;
/*!50003 SET @saved_col_connection = @@collation_connection */ ;
/*!50003 SET character_set_client  = utf8mb4 */ ;
/*!50003 SET character_set_results = utf8mb4 */ ;
/*!50003 SET collation_connection  = utf8mb4_0900_ai_ci */ ;
/*!50003 SET @saved_sql_mode       = @@sql_mode */ ;
/*!50003 SET sql_mode              = 'STRICT_TRANS_TABLES,NO_ENGINE_SUBSTITUTION' */ ;
DELIMITER ;;
/*!50003 CREATE*/ /*!50017 DEFINER=`rest`@`%`*/ /*!50003 TRIGGER `connection_type_BEFORE_INSERT` BEFORE INSERT ON `connection_type` FOR EACH ROW BEGIN 	SET new.creation_datetime = NOW();   END */;;
DELIMITER ;
/*!50003 SET sql_mode              = @saved_sql_mode */ ;
/*!50003 SET character_set_client  = @saved_cs_client */ ;
/*!50003 SET character_set_results = @saved_cs_results */ ;
/*!50003 SET collation_connection  = @saved_col_connection */ ;
/*!50003 SET @saved_cs_client      = @@character_set_client */ ;
/*!50003 SET @saved_cs_results     = @@character_set_results */ ;
/*!50003 SET @saved_col_connection = @@collation_connection */ ;
/*!50003 SET character_set_client  = utf8mb4 */ ;
/*!50003 SET character_set_results = utf8mb4 */ ;
/*!50003 SET collation_connection  = utf8mb4_0900_ai_ci */ ;
/*!50003 SET @saved_sql_mode       = @@sql_mode */ ;
/*!50003 SET sql_mode              = 'STRICT_TRANS_TABLES,NO_ENGINE_SUBSTITUTION' */ ;
DELIMITER ;;
/*!50003 CREATE*/ /*!50017 DEFINER=`rest`@`%`*/ /*!50003 TRIGGER `connection_type_BEFORE_UPDATE` BEFORE UPDATE ON `connection_type` FOR EACH ROW BEGIN 	SET new.changed_datetime = NOW();END */;;
DELIMITER ;
/*!50003 SET sql_mode              = @saved_sql_mode */ ;
/*!50003 SET character_set_client  = @saved_cs_client */ ;
/*!50003 SET character_set_results = @saved_cs_results */ ;
/*!50003 SET collation_connection  = @saved_col_connection */ ;

--
-- Table structure for table `connectionstring_values`
--

DROP TABLE IF EXISTS `connectionstring_values`;
/*!40101 SET @saved_cs_client     = @@character_set_client */;
/*!50503 SET character_set_client = utf8mb4 */;
CREATE TABLE `connectionstring_values` (
  `uuid` varchar(36) NOT NULL,
  `value_name` varchar(96) DEFAULT NULL,
  `type` varchar(45) DEFAULT NULL,
  `description` varchar(256) DEFAULT NULL,
  `mandatory` tinyint NOT NULL COMMENT 'Pflichtfeld: Ob Value pflciht im Connectionstring ist',
  `creation_datetime` timestamp NULL DEFAULT CURRENT_TIMESTAMP,
  `active` tinyint NOT NULL DEFAULT '1',
  `activation_datetime` datetime DEFAULT NULL,
  `deleted` tinyint DEFAULT '0',
  `deletion_datetime` datetime DEFAULT NULL,
  `changed_datetime` datetime DEFAULT NULL,
  PRIMARY KEY (`uuid`)
) ENGINE=InnoDB DEFAULT CHARSET=utf8mb3;
/*!40101 SET character_set_client = @saved_cs_client */;

--
-- Dumping data for table `connectionstring_values`
--

LOCK TABLES `connectionstring_values` WRITE;
/*!40000 ALTER TABLE `connectionstring_values` DISABLE KEYS */;
INSERT INTO `connectionstring_values` VALUES ('eda913fd-a5b4-11eb-bac0-309c2364fdb6','DRIVER','string','Drivername',1,'2021-04-25 10:56:46',1,NULL,0,NULL,'2021-05-27 11:48:28'),('eda97394-a5b4-11eb-bac0-309c2364fdb6','SERVER','ip','Server Ip ',1,'2021-04-25 10:56:46',1,NULL,0,NULL,'2021-05-27 11:48:28'),('eda9762d-a5b4-11eb-bac0-309c2364fdb6','PORT','uint','Server Port',1,'2021-04-25 10:56:46',1,NULL,0,NULL,'2021-05-27 11:48:28'),('eda97726-a5b4-11eb-bac0-309c2364fdb6','DATABASE','string','Databasename',1,'2021-04-25 10:56:46',1,NULL,0,NULL,'2021-05-27 11:48:28'),('eda977ff-a5b4-11eb-bac0-309c2364fdb6','UID','string','User Id/Username',1,'2021-04-25 10:56:46',1,NULL,0,NULL,'2021-05-27 11:48:28'),('eda978c6-a5b4-11eb-bac0-309c2364fdb6','PASSWORD','string','User Password',1,'2021-04-25 10:56:46',1,NULL,0,NULL,'2021-05-27 11:48:28'),('eda9798e-a5b4-11eb-bac0-309c2364fdb6','OPTION','int','Specific Options',0,'2021-04-25 10:56:46',1,NULL,0,NULL,'2021-05-27 11:48:28'),('eda97a54-a5b4-11eb-bac0-309c2364fdb6','DBQ','string','Database File e.g MS Excel or Access File',1,'2021-04-25 10:56:46',1,NULL,0,NULL,'2021-05-27 11:48:28'),('eda98332-a5b4-11eb-bac0-309c2364fdb6','EXTENSION','regex','File Extension depence on DBQ Value',0,'2021-04-25 10:56:46',1,NULL,0,NULL,'2021-05-27 11:48:28'),('eda99d69-a5b4-11eb-bac0-309c2364fdb6','Use SSH','bool','Boolean Value for Secure Shell Use (true = use, false = dont use)',0,'2021-04-25 10:56:46',1,NULL,0,NULL,'2021-05-27 11:48:28'),('eda99f11-a5b4-11eb-bac0-309c2364fdb6','SSH Hostname','ip','Secure Shell Hostname',0,'2021-04-25 10:56:46',1,NULL,0,NULL,'2021-05-27 11:48:28'),('eda99ff9-a5b4-11eb-bac0-309c2364fdb6','SSH Port','uint','Secure Shell Port',0,'2021-04-25 10:56:46',1,NULL,0,NULL,'2021-05-27 11:48:28'),('eda9a0cc-a5b4-11eb-bac0-309c2364fdb6','SSH Username','string','Secure Shell Username',0,'2021-04-25 10:56:46',1,NULL,0,NULL,'2021-05-27 11:48:28'),('eda9a1a8-a5b4-11eb-bac0-309c2364fdb6','SSH Password','string','Secure Shell Password',0,'2021-04-25 10:56:46',1,NULL,0,NULL,'2021-05-27 11:48:28'),('eda9a272-a5b4-11eb-bac0-309c2364fdb6','SSH Client Key','string','Secure Shell Key for Client Auth',0,'2021-04-25 10:56:46',1,NULL,0,NULL,'2021-05-27 11:48:28'),('eda9a338-a5b4-11eb-bac0-309c2364fdb6','SSH Client Key Password','string','Secure Shell Client Key Auth Passphrase',0,'2021-04-25 10:56:46',1,NULL,0,NULL,'2021-05-27 11:48:28'),('eda9a406-a5b4-11eb-bac0-309c2364fdb6','SSH Server Key','string','Secure Shell Public Key from Server',0,'2021-04-25 10:56:46',1,NULL,0,NULL,'2021-05-27 11:48:28'),('eda9a4ca-a5b4-11eb-bac0-309c2364fdb6','SSH Storage Path','string','Secure Shell Storage PATH',0,'2021-04-25 10:56:46',1,NULL,0,NULL,'2021-05-27 11:48:28');
/*!40000 ALTER TABLE `connectionstring_values` ENABLE KEYS */;
UNLOCK TABLES;
/*!50003 SET @saved_cs_client      = @@character_set_client */ ;
/*!50003 SET @saved_cs_results     = @@character_set_results */ ;
/*!50003 SET @saved_col_connection = @@collation_connection */ ;
/*!50003 SET character_set_client  = utf8mb4 */ ;
/*!50003 SET character_set_results = utf8mb4 */ ;
/*!50003 SET collation_connection  = utf8mb4_0900_ai_ci */ ;
/*!50003 SET @saved_sql_mode       = @@sql_mode */ ;
/*!50003 SET sql_mode              = 'STRICT_TRANS_TABLES,NO_ENGINE_SUBSTITUTION' */ ;
DELIMITER ;;
/*!50003 CREATE*/ /*!50017 DEFINER=`rest`@`%`*/ /*!50003 TRIGGER `connectionstring_values_BEFORE_INSERT` BEFORE INSERT ON `connectionstring_values` FOR EACH ROW BEGIN 	SET new.creation_datetime = NOW();   END */;;
DELIMITER ;
/*!50003 SET sql_mode              = @saved_sql_mode */ ;
/*!50003 SET character_set_client  = @saved_cs_client */ ;
/*!50003 SET character_set_results = @saved_cs_results */ ;
/*!50003 SET collation_connection  = @saved_col_connection */ ;
/*!50003 SET @saved_cs_client      = @@character_set_client */ ;
/*!50003 SET @saved_cs_results     = @@character_set_results */ ;
/*!50003 SET @saved_col_connection = @@collation_connection */ ;
/*!50003 SET character_set_client  = utf8mb4 */ ;
/*!50003 SET character_set_results = utf8mb4 */ ;
/*!50003 SET collation_connection  = utf8mb4_0900_ai_ci */ ;
/*!50003 SET @saved_sql_mode       = @@sql_mode */ ;
/*!50003 SET sql_mode              = 'STRICT_TRANS_TABLES,NO_ENGINE_SUBSTITUTION' */ ;
DELIMITER ;;
/*!50003 CREATE*/ /*!50017 DEFINER=`rest`@`%`*/ /*!50003 TRIGGER `connectionstring_values_BEFORE_UPDATE` BEFORE UPDATE ON `connectionstring_values` FOR EACH ROW BEGIN 	SET new.changed_datetime = NOW();END */;;
DELIMITER ;
/*!50003 SET sql_mode              = @saved_sql_mode */ ;
/*!50003 SET character_set_client  = @saved_cs_client */ ;
/*!50003 SET character_set_results = @saved_cs_results */ ;
/*!50003 SET collation_connection  = @saved_col_connection */ ;

--
-- Table structure for table `controller`
--

DROP TABLE IF EXISTS `controller`;
/*!40101 SET @saved_cs_client     = @@character_set_client */;
/*!50503 SET character_set_client = utf8mb4 */;
CREATE TABLE `controller` (
  `uuid` varchar(36) NOT NULL,
  `name` varchar(45) NOT NULL,
  `api_uuid` varchar(36) NOT NULL,
  `is_authcontroller` tinyint NOT NULL DEFAULT '0',
  `is_errorcontroller` tinyint NOT NULL DEFAULT '0',
  `is_registered` tinyint NOT NULL DEFAULT '0' COMMENT 'Would be setted when the ASP NET Core App is started and the controller is startet and set is_registered to true, that indicates that the controller is ready for requests.',
  `creation_datetime` timestamp NULL DEFAULT CURRENT_TIMESTAMP,
  `active` tinyint NOT NULL DEFAULT '1',
  `activation_datetime` datetime DEFAULT NULL,
  `deleted` tinyint DEFAULT '0',
  `deletion_datetime` datetime DEFAULT NULL,
  `changed_datetime` datetime DEFAULT NULL,
  PRIMARY KEY (`uuid`),
  UNIQUE KEY `uuid_UNIQUE` (`uuid`),
  KEY `fk_controllerToApi_idx` (`api_uuid`),
  CONSTRAINT `fk_controllerToApi` FOREIGN KEY (`api_uuid`) REFERENCES `api` (`uuid`)
) ENGINE=InnoDB DEFAULT CHARSET=utf8mb3;
/*!40101 SET character_set_client = @saved_cs_client */;

--
-- Dumping data for table `controller`
--

LOCK TABLES `controller` WRITE;
/*!40000 ALTER TABLE `controller` DISABLE KEYS */;
INSERT INTO `controller` VALUES ('3e9a8516-2dda-11ec-ba94-d8bbc10f2ae0','errorcontroller','c998f46f-a5ad-11eb-bac0-309c2364fdb6',0,0,0,'2021-10-15 17:06:31',1,NULL,0,NULL,'2021-12-07 21:58:02'),('98818489-2dda-11ec-ba94-d8bbc10f2ae0','error','c998f46f-a5ad-11eb-bac0-309c2364fdb6',0,1,0,'2021-10-15 17:09:02',1,NULL,0,NULL,'2021-12-07 21:58:02'),('9ff2a681-2dda-11ec-ba94-d8bbc10f2ae0','authentification','c998f46f-a5ad-11eb-bac0-309c2364fdb6',1,0,0,'2021-10-15 17:09:15',1,NULL,0,NULL,'2021-12-07 21:58:02'),('e9e63b6f-1caa-11ec-a4a4-d8bbc10f2ae0','account','c998f46f-a5ad-11eb-bac0-309c2364fdb6',0,0,0,'2021-09-23 20:14:53',1,NULL,0,NULL,'2021-12-07 21:58:02'),('e9fd6b63-1caa-11ec-a4a4-d8bbc10f2ae0','auth','c998f46f-a5ad-11eb-bac0-309c2364fdb6',0,0,0,'2021-09-23 20:14:53',1,NULL,0,NULL,'2021-12-07 21:58:02'),('ea12a6b1-1caa-11ec-a4a4-d8bbc10f2ae0','communicationmedium','c998f46f-a5ad-11eb-bac0-309c2364fdb6',0,0,0,'2021-09-23 20:14:53',1,NULL,0,NULL,'2021-12-07 21:58:02'),('ea28b4bc-1caa-11ec-a4a4-d8bbc10f2ae0','connectionstringvalue','c998f46f-a5ad-11eb-bac0-309c2364fdb6',0,0,0,'2021-09-23 20:14:54',1,NULL,0,NULL,'2021-12-07 21:58:02'),('ea3cb0c4-1caa-11ec-a4a4-d8bbc10f2ae0','connectiontype','c998f46f-a5ad-11eb-bac0-309c2364fdb6',0,0,0,'2021-09-23 20:14:54',1,NULL,0,NULL,'2021-12-07 21:58:02'),('ea5214b6-1caa-11ec-a4a4-d8bbc10f2ae0','crud','c998f46f-a5ad-11eb-bac0-309c2364fdb6',0,0,0,'2021-09-23 20:14:54',1,NULL,0,NULL,'2021-12-07 21:58:02'),('ea649c4a-1caa-11ec-a4a4-d8bbc10f2ae0','odbcdriver','c998f46f-a5ad-11eb-bac0-309c2364fdb6',0,0,0,'2021-09-23 20:14:54',1,NULL,0,NULL,'2021-12-07 21:58:02'),('ea7d0a91-1caa-11ec-a4a4-d8bbc10f2ae0','odbcdriverversion','c998f46f-a5ad-11eb-bac0-309c2364fdb6',0,0,0,'2021-09-23 20:14:54',1,NULL,0,NULL,'2021-12-07 21:58:02'),('ea8f65a0-1caa-11ec-a4a4-d8bbc10f2ae0','odbcdriverversionfile','c998f46f-a5ad-11eb-bac0-309c2364fdb6',0,0,0,'2021-09-23 20:14:54',1,NULL,0,NULL,'2021-12-07 21:58:02'),('eaa63d60-1caa-11ec-a4a4-d8bbc10f2ae0','httpmethod','c998f46f-a5ad-11eb-bac0-309c2364fdb6',0,0,0,'2021-09-23 20:14:54',1,NULL,0,NULL,'2021-12-07 21:58:02'),('eab7c65a-1caa-11ec-a4a4-d8bbc10f2ae0','messageattachment','c998f46f-a5ad-11eb-bac0-309c2364fdb6',0,0,0,'2021-09-23 20:14:54',1,NULL,0,NULL,'2021-12-07 21:58:02'),('eac9dcc8-1caa-11ec-a4a4-d8bbc10f2ae0','message','c998f46f-a5ad-11eb-bac0-309c2364fdb6',0,0,0,'2021-09-23 20:14:55',1,NULL,0,NULL,'2021-12-07 21:58:02'),('eadf50f2-1caa-11ec-a4a4-d8bbc10f2ae0','messageconversation','c998f46f-a5ad-11eb-bac0-309c2364fdb6',0,0,0,'2021-09-23 20:14:55',1,NULL,0,NULL,'2021-12-07 21:58:02'),('eaf5d422-1caa-11ec-a4a4-d8bbc10f2ae0','messageconversationstatetype','c998f46f-a5ad-11eb-bac0-309c2364fdb6',0,0,0,'2021-09-23 20:14:55',1,NULL,0,NULL,'2021-12-07 21:58:02'),('eb075adc-1caa-11ec-a4a4-d8bbc10f2ae0','messagequeue','c998f46f-a5ad-11eb-bac0-309c2364fdb6',0,0,0,'2021-09-23 20:14:55',1,NULL,0,NULL,'2021-12-07 21:58:02'),('eb1919ae-1caa-11ec-a4a4-d8bbc10f2ae0','messagesendingtype','c998f46f-a5ad-11eb-bac0-309c2364fdb6',0,0,0,'2021-09-23 20:14:55',1,NULL,0,NULL,'2021-12-07 21:58:02'),('eb2e6086-1caa-11ec-a4a4-d8bbc10f2ae0','operatingsystem','c998f46f-a5ad-11eb-bac0-309c2364fdb6',0,0,0,'2021-09-23 20:14:55',1,NULL,0,NULL,'2021-12-07 21:58:02'),('eb3f0b07-1caa-11ec-a4a4-d8bbc10f2ae0','role','c998f46f-a5ad-11eb-bac0-309c2364fdb6',0,0,0,'2021-09-23 20:14:55',1,NULL,0,NULL,'2021-12-07 21:58:02'),('eb4f4043-1caa-11ec-a4a4-d8bbc10f2ae0','schemadatacommand','c998f46f-a5ad-11eb-bac0-309c2364fdb6',0,0,0,'2021-09-23 20:14:55',1,NULL,0,NULL,'2021-12-07 21:58:02'),('eb5ff1d1-1caa-11ec-a4a4-d8bbc10f2ae0','software','c998f46f-a5ad-11eb-bac0-309c2364fdb6',0,0,0,'2021-09-23 20:14:56',1,NULL,0,NULL,'2021-12-07 21:58:02'),('eb70a9b1-1caa-11ec-a4a4-d8bbc10f2ae0','softwareversion','c998f46f-a5ad-11eb-bac0-309c2364fdb6',0,0,0,'2021-09-23 20:14:56',1,NULL,0,NULL,'2021-12-07 21:58:02'),('eb873eb1-1caa-11ec-a4a4-d8bbc10f2ae0','systemmessageuser','c998f46f-a5ad-11eb-bac0-309c2364fdb6',0,0,0,'2021-09-23 20:14:56',1,NULL,0,NULL,'2021-12-07 21:58:02'),('eb980b44-1caa-11ec-a4a4-d8bbc10f2ae0','user','c998f46f-a5ad-11eb-bac0-309c2364fdb6',0,0,0,'2021-09-23 20:14:56',1,NULL,0,NULL,'2021-12-07 21:58:02'),('ebab536f-1caa-11ec-a4a4-d8bbc10f2ae0','usertype','c998f46f-a5ad-11eb-bac0-309c2364fdb6',0,0,0,'2021-09-23 20:14:56',1,NULL,0,NULL,'2021-12-07 21:58:02'),('ebbbeb65-1caa-11ec-a4a4-d8bbc10f2ae0','versiontype','c998f46f-a5ad-11eb-bac0-309c2364fdb6',0,0,0,'2021-09-23 20:14:56',1,NULL,0,NULL,'2021-12-07 21:58:02');
/*!40000 ALTER TABLE `controller` ENABLE KEYS */;
UNLOCK TABLES;
/*!50003 SET @saved_cs_client      = @@character_set_client */ ;
/*!50003 SET @saved_cs_results     = @@character_set_results */ ;
/*!50003 SET @saved_col_connection = @@collation_connection */ ;
/*!50003 SET character_set_client  = utf8mb4 */ ;
/*!50003 SET character_set_results = utf8mb4 */ ;
/*!50003 SET collation_connection  = utf8mb4_0900_ai_ci */ ;
/*!50003 SET @saved_sql_mode       = @@sql_mode */ ;
/*!50003 SET sql_mode              = 'STRICT_TRANS_TABLES,NO_ENGINE_SUBSTITUTION' */ ;
DELIMITER ;;
/*!50003 CREATE*/ /*!50017 DEFINER=`rest`@`%`*/ /*!50003 TRIGGER `controller_BEFORE_INSERT` BEFORE INSERT ON `controller` FOR EACH ROW BEGIN 	SET new.creation_datetime = NOW();   END */;;
DELIMITER ;
/*!50003 SET sql_mode              = @saved_sql_mode */ ;
/*!50003 SET character_set_client  = @saved_cs_client */ ;
/*!50003 SET character_set_results = @saved_cs_results */ ;
/*!50003 SET collation_connection  = @saved_col_connection */ ;
/*!50003 SET @saved_cs_client      = @@character_set_client */ ;
/*!50003 SET @saved_cs_results     = @@character_set_results */ ;
/*!50003 SET @saved_col_connection = @@collation_connection */ ;
/*!50003 SET character_set_client  = utf8mb4 */ ;
/*!50003 SET character_set_results = utf8mb4 */ ;
/*!50003 SET collation_connection  = utf8mb4_0900_ai_ci */ ;
/*!50003 SET @saved_sql_mode       = @@sql_mode */ ;
/*!50003 SET sql_mode              = 'STRICT_TRANS_TABLES,NO_ENGINE_SUBSTITUTION' */ ;
DELIMITER ;;
/*!50003 CREATE*/ /*!50017 DEFINER=`rest`@`%`*/ /*!50003 TRIGGER `controller_BEFORE_UPDATE` BEFORE UPDATE ON `controller` FOR EACH ROW BEGIN 	SET new.changed_datetime = NOW();END */;;
DELIMITER ;
/*!50003 SET sql_mode              = @saved_sql_mode */ ;
/*!50003 SET character_set_client  = @saved_cs_client */ ;
/*!50003 SET character_set_results = @saved_cs_results */ ;
/*!50003 SET collation_connection  = @saved_col_connection */ ;

--
-- Table structure for table `controller_action`
--

DROP TABLE IF EXISTS `controller_action`;
/*!40101 SET @saved_cs_client     = @@character_set_client */;
/*!50503 SET character_set_client = utf8mb4 */;
CREATE TABLE `controller_action` (
  `uuid` varchar(36) NOT NULL,
  `name` varchar(64) DEFAULT NULL,
  `controller_uuid` varchar(36) DEFAULT NULL,
  `creation_datetime` timestamp NULL DEFAULT CURRENT_TIMESTAMP,
  `active` tinyint NOT NULL DEFAULT '1',
  `activation_datetime` datetime DEFAULT NULL,
  `deleted` tinyint DEFAULT '0',
  `deletion_datetime` datetime DEFAULT NULL,
  `changed_datetime` datetime DEFAULT NULL,
  PRIMARY KEY (`uuid`),
  UNIQUE KEY `uuid_UNIQUE` (`uuid`),
  KEY `fk_controllerActionToController_idx` (`controller_uuid`),
  CONSTRAINT `fk_controllerActionToController` FOREIGN KEY (`controller_uuid`) REFERENCES `controller` (`uuid`)
) ENGINE=InnoDB DEFAULT CHARSET=utf8mb3;
/*!40101 SET character_set_client = @saved_cs_client */;

--
-- Dumping data for table `controller_action`
--

LOCK TABLES `controller_action` WRITE;
/*!40000 ALTER TABLE `controller_action` DISABLE KEYS */;
INSERT INTO `controller_action` VALUES ('1e1cfd92-2e7d-11ec-a420-d8bbc10f2ae0','activation','9ff2a681-2dda-11ec-ba94-d8bbc10f2ae0','2021-10-16 12:32:25',1,NULL,0,NULL,NULL),('7a867dfc-2f31-11ec-a420-d8bbc10f2ae0','registerfrontenduser','eb980b44-1caa-11ec-a4a4-d8bbc10f2ae0','2021-10-17 10:03:29',1,NULL,0,NULL,NULL),('7a8928f5-2f31-11ec-a420-d8bbc10f2ae0','activation','eb980b44-1caa-11ec-a4a4-d8bbc10f2ae0','2021-10-17 10:03:29',1,NULL,0,NULL,NULL),('856913f8-3a56-11ec-ac86-d8bbc10f2ae0','checkactivation','eb980b44-1caa-11ec-a4a4-d8bbc10f2ae0','2021-10-31 14:26:22',1,NULL,0,NULL,NULL),('94557ad9-2de9-11ec-ba94-d8bbc10f2ae0','registerfrontenduser','9ff2a681-2dda-11ec-ba94-d8bbc10f2ae0','2021-10-15 18:56:18',1,NULL,0,NULL,NULL),('988329ce-2dda-11ec-ba94-d8bbc10f2ae0','get','98818489-2dda-11ec-ba94-d8bbc10f2ae0','2021-10-15 17:09:02',1,NULL,0,NULL,NULL),('988419f3-2dda-11ec-ba94-d8bbc10f2ae0','error','98818489-2dda-11ec-ba94-d8bbc10f2ae0','2021-10-15 17:09:02',1,NULL,0,NULL,NULL),('9ff3a382-2dda-11ec-ba94-d8bbc10f2ae0','getsessioninformation','9ff2a681-2dda-11ec-ba94-d8bbc10f2ae0','2021-10-15 17:09:15',1,NULL,0,NULL,NULL),('9ff68e4c-2dda-11ec-ba94-d8bbc10f2ae0','login','9ff2a681-2dda-11ec-ba94-d8bbc10f2ae0','2021-10-15 17:09:15',1,NULL,0,NULL,NULL),('9ff8f321-2dda-11ec-ba94-d8bbc10f2ae0','logout','9ff2a681-2dda-11ec-ba94-d8bbc10f2ae0','2021-10-15 17:09:15',1,NULL,0,NULL,NULL),('9ffb5b98-2dda-11ec-ba94-d8bbc10f2ae0','refresh','9ff2a681-2dda-11ec-ba94-d8bbc10f2ae0','2021-10-15 17:09:15',1,NULL,0,NULL,NULL),('a60f2b90-1fb9-11ec-b836-d8bbc10f2ae0','tests','e9fd6b63-1caa-11ec-a4a4-d8bbc10f2ae0','2021-09-27 17:37:55',1,NULL,0,NULL,NULL),('a612c1d5-1fb9-11ec-b836-d8bbc10f2ae0','testd','e9fd6b63-1caa-11ec-a4a4-d8bbc10f2ae0','2021-09-27 17:37:55',1,NULL,0,NULL,NULL),('e9e87f7c-1caa-11ec-a4a4-d8bbc10f2ae0','get','e9e63b6f-1caa-11ec-a4a4-d8bbc10f2ae0','2021-09-23 20:14:53',1,NULL,0,NULL,NULL),('e9ee0a3e-1caa-11ec-a4a4-d8bbc10f2ae0','getrelation','e9e63b6f-1caa-11ec-a4a4-d8bbc10f2ae0','2021-09-23 20:14:53',1,NULL,0,NULL,NULL),('e9f0918f-1caa-11ec-a4a4-d8bbc10f2ae0','update','e9e63b6f-1caa-11ec-a4a4-d8bbc10f2ae0','2021-09-23 20:14:53',1,NULL,0,NULL,NULL),('e9f32c90-1caa-11ec-a4a4-d8bbc10f2ae0','updaterelation','e9e63b6f-1caa-11ec-a4a4-d8bbc10f2ae0','2021-09-23 20:14:53',1,NULL,0,NULL,NULL),('e9f79eb0-1caa-11ec-a4a4-d8bbc10f2ae0','create','e9e63b6f-1caa-11ec-a4a4-d8bbc10f2ae0','2021-09-23 20:14:53',1,NULL,0,NULL,NULL),('e9fa507c-1caa-11ec-a4a4-d8bbc10f2ae0','delete','e9e63b6f-1caa-11ec-a4a4-d8bbc10f2ae0','2021-09-23 20:14:53',1,NULL,0,NULL,NULL),('e9febd00-1caa-11ec-a4a4-d8bbc10f2ae0','get','e9fd6b63-1caa-11ec-a4a4-d8bbc10f2ae0','2021-09-23 20:14:53',1,NULL,0,NULL,NULL),('ea030ab7-1caa-11ec-a4a4-d8bbc10f2ae0','getrelation','e9fd6b63-1caa-11ec-a4a4-d8bbc10f2ae0','2021-09-23 20:14:53',1,NULL,0,NULL,NULL),('ea05ac67-1caa-11ec-a4a4-d8bbc10f2ae0','update','e9fd6b63-1caa-11ec-a4a4-d8bbc10f2ae0','2021-09-23 20:14:53',1,NULL,0,NULL,NULL),('ea085955-1caa-11ec-a4a4-d8bbc10f2ae0','updaterelation','e9fd6b63-1caa-11ec-a4a4-d8bbc10f2ae0','2021-09-23 20:14:53',1,NULL,0,NULL,NULL),('ea0ccb00-1caa-11ec-a4a4-d8bbc10f2ae0','create','e9fd6b63-1caa-11ec-a4a4-d8bbc10f2ae0','2021-09-23 20:14:53',1,NULL,0,NULL,NULL),('ea0f6efd-1caa-11ec-a4a4-d8bbc10f2ae0','delete','e9fd6b63-1caa-11ec-a4a4-d8bbc10f2ae0','2021-09-23 20:14:53',1,NULL,0,NULL,NULL),('ea1429b8-1caa-11ec-a4a4-d8bbc10f2ae0','get','ea12a6b1-1caa-11ec-a4a4-d8bbc10f2ae0','2021-09-23 20:14:53',1,NULL,0,NULL,NULL),('ea192d58-1caa-11ec-a4a4-d8bbc10f2ae0','getrelation','ea12a6b1-1caa-11ec-a4a4-d8bbc10f2ae0','2021-09-23 20:14:53',1,NULL,0,NULL,NULL),('ea1bd3f6-1caa-11ec-a4a4-d8bbc10f2ae0','update','ea12a6b1-1caa-11ec-a4a4-d8bbc10f2ae0','2021-09-23 20:14:53',1,NULL,0,NULL,NULL),('ea1e8005-1caa-11ec-a4a4-d8bbc10f2ae0','updaterelation','ea12a6b1-1caa-11ec-a4a4-d8bbc10f2ae0','2021-09-23 20:14:53',1,NULL,0,NULL,NULL),('ea233b7b-1caa-11ec-a4a4-d8bbc10f2ae0','create','ea12a6b1-1caa-11ec-a4a4-d8bbc10f2ae0','2021-09-23 20:14:53',1,NULL,0,NULL,NULL),('ea25c4cd-1caa-11ec-a4a4-d8bbc10f2ae0','delete','ea12a6b1-1caa-11ec-a4a4-d8bbc10f2ae0','2021-09-23 20:14:54',1,NULL,0,NULL,NULL),('ea29e3cd-1caa-11ec-a4a4-d8bbc10f2ae0','get','ea28b4bc-1caa-11ec-a4a4-d8bbc10f2ae0','2021-09-23 20:14:54',1,NULL,0,NULL,NULL),('ea2dd498-1caa-11ec-a4a4-d8bbc10f2ae0','getrelation','ea28b4bc-1caa-11ec-a4a4-d8bbc10f2ae0','2021-09-23 20:14:54',1,NULL,0,NULL,NULL),('ea3080a7-1caa-11ec-a4a4-d8bbc10f2ae0','update','ea28b4bc-1caa-11ec-a4a4-d8bbc10f2ae0','2021-09-23 20:14:54',1,NULL,0,NULL,NULL),('ea332bb3-1caa-11ec-a4a4-d8bbc10f2ae0','updaterelation','ea28b4bc-1caa-11ec-a4a4-d8bbc10f2ae0','2021-09-23 20:14:54',1,NULL,0,NULL,NULL),('ea370d60-1caa-11ec-a4a4-d8bbc10f2ae0','create','ea28b4bc-1caa-11ec-a4a4-d8bbc10f2ae0','2021-09-23 20:14:54',1,NULL,0,NULL,NULL),('ea39e5b5-1caa-11ec-a4a4-d8bbc10f2ae0','delete','ea28b4bc-1caa-11ec-a4a4-d8bbc10f2ae0','2021-09-23 20:14:54',1,NULL,0,NULL,NULL),('ea3dc9d0-1caa-11ec-a4a4-d8bbc10f2ae0','get','ea3cb0c4-1caa-11ec-a4a4-d8bbc10f2ae0','2021-09-23 20:14:54',1,NULL,0,NULL,NULL),('ea41ca7f-1caa-11ec-a4a4-d8bbc10f2ae0','getrelation','ea3cb0c4-1caa-11ec-a4a4-d8bbc10f2ae0','2021-09-23 20:14:54',1,NULL,0,NULL,NULL),('ea4408ee-1caa-11ec-a4a4-d8bbc10f2ae0','update','ea3cb0c4-1caa-11ec-a4a4-d8bbc10f2ae0','2021-09-23 20:14:54',1,NULL,0,NULL,NULL),('ea464e59-1caa-11ec-a4a4-d8bbc10f2ae0','updaterelation','ea3cb0c4-1caa-11ec-a4a4-d8bbc10f2ae0','2021-09-23 20:14:54',1,NULL,0,NULL,NULL),('ea4a1541-1caa-11ec-a4a4-d8bbc10f2ae0','create','ea3cb0c4-1caa-11ec-a4a4-d8bbc10f2ae0','2021-09-23 20:14:54',1,NULL,0,NULL,NULL),('ea4de31f-1caa-11ec-a4a4-d8bbc10f2ae0','delete','ea3cb0c4-1caa-11ec-a4a4-d8bbc10f2ae0','2021-09-23 20:14:54',1,NULL,0,NULL,NULL),('ea539f8f-1caa-11ec-a4a4-d8bbc10f2ae0','get','ea5214b6-1caa-11ec-a4a4-d8bbc10f2ae0','2021-09-23 20:14:54',1,NULL,0,NULL,NULL),('ea574fa2-1caa-11ec-a4a4-d8bbc10f2ae0','getrelation','ea5214b6-1caa-11ec-a4a4-d8bbc10f2ae0','2021-09-23 20:14:54',1,NULL,0,NULL,NULL),('ea598113-1caa-11ec-a4a4-d8bbc10f2ae0','update','ea5214b6-1caa-11ec-a4a4-d8bbc10f2ae0','2021-09-23 20:14:54',1,NULL,0,NULL,NULL),('ea5bbda0-1caa-11ec-a4a4-d8bbc10f2ae0','updaterelation','ea5214b6-1caa-11ec-a4a4-d8bbc10f2ae0','2021-09-23 20:14:54',1,NULL,0,NULL,NULL),('ea5f9ec1-1caa-11ec-a4a4-d8bbc10f2ae0','create','ea5214b6-1caa-11ec-a4a4-d8bbc10f2ae0','2021-09-23 20:14:54',1,NULL,0,NULL,NULL),('ea61d8b8-1caa-11ec-a4a4-d8bbc10f2ae0','delete','ea5214b6-1caa-11ec-a4a4-d8bbc10f2ae0','2021-09-23 20:14:54',1,NULL,0,NULL,NULL),('ea65df18-1caa-11ec-a4a4-d8bbc10f2ae0','getfile','ea649c4a-1caa-11ec-a4a4-d8bbc10f2ae0','2021-09-23 20:14:54',1,NULL,0,NULL,NULL),('ea699e66-1caa-11ec-a4a4-d8bbc10f2ae0','putfile','ea649c4a-1caa-11ec-a4a4-d8bbc10f2ae0','2021-09-23 20:14:54',1,NULL,0,NULL,NULL),('ea6bec2a-1caa-11ec-a4a4-d8bbc10f2ae0','get','ea649c4a-1caa-11ec-a4a4-d8bbc10f2ae0','2021-09-23 20:14:54',1,NULL,0,NULL,NULL),('ea6f98c7-1caa-11ec-a4a4-d8bbc10f2ae0','getrelation','ea649c4a-1caa-11ec-a4a4-d8bbc10f2ae0','2021-09-23 20:14:54',1,NULL,0,NULL,NULL),('ea71db03-1caa-11ec-a4a4-d8bbc10f2ae0','update','ea649c4a-1caa-11ec-a4a4-d8bbc10f2ae0','2021-09-23 20:14:54',1,NULL,0,NULL,NULL),('ea740889-1caa-11ec-a4a4-d8bbc10f2ae0','updaterelation','ea649c4a-1caa-11ec-a4a4-d8bbc10f2ae0','2021-09-23 20:14:54',1,NULL,0,NULL,NULL),('ea782eab-1caa-11ec-a4a4-d8bbc10f2ae0','create','ea649c4a-1caa-11ec-a4a4-d8bbc10f2ae0','2021-09-23 20:14:54',1,NULL,0,NULL,NULL),('ea7a657a-1caa-11ec-a4a4-d8bbc10f2ae0','delete','ea649c4a-1caa-11ec-a4a4-d8bbc10f2ae0','2021-09-23 20:14:54',1,NULL,0,NULL,NULL),('ea7e3220-1caa-11ec-a4a4-d8bbc10f2ae0','get','ea7d0a91-1caa-11ec-a4a4-d8bbc10f2ae0','2021-09-23 20:14:54',1,NULL,0,NULL,NULL),('ea81e52c-1caa-11ec-a4a4-d8bbc10f2ae0','getrelation','ea7d0a91-1caa-11ec-a4a4-d8bbc10f2ae0','2021-09-23 20:14:54',1,NULL,0,NULL,NULL),('ea843aa4-1caa-11ec-a4a4-d8bbc10f2ae0','update','ea7d0a91-1caa-11ec-a4a4-d8bbc10f2ae0','2021-09-23 20:14:54',1,NULL,0,NULL,NULL),('ea867c7d-1caa-11ec-a4a4-d8bbc10f2ae0','updaterelation','ea7d0a91-1caa-11ec-a4a4-d8bbc10f2ae0','2021-09-23 20:14:54',1,NULL,0,NULL,NULL),('ea8a530e-1caa-11ec-a4a4-d8bbc10f2ae0','create','ea7d0a91-1caa-11ec-a4a4-d8bbc10f2ae0','2021-09-23 20:14:54',1,NULL,0,NULL,NULL),('ea8c8e34-1caa-11ec-a4a4-d8bbc10f2ae0','delete','ea7d0a91-1caa-11ec-a4a4-d8bbc10f2ae0','2021-09-23 20:14:54',1,NULL,0,NULL,NULL),('ea90a090-1caa-11ec-a4a4-d8bbc10f2ae0','create','ea8f65a0-1caa-11ec-a4a4-d8bbc10f2ae0','2021-09-23 20:14:54',1,NULL,0,NULL,NULL),('ea92c1cb-1caa-11ec-a4a4-d8bbc10f2ae0','putfile','ea8f65a0-1caa-11ec-a4a4-d8bbc10f2ae0','2021-09-23 20:14:54',1,NULL,0,NULL,NULL),('ea94ea47-1caa-11ec-a4a4-d8bbc10f2ae0','getfile','ea8f65a0-1caa-11ec-a4a4-d8bbc10f2ae0','2021-09-23 20:14:54',1,NULL,0,NULL,NULL),('ea9717c0-1caa-11ec-a4a4-d8bbc10f2ae0','get','ea8f65a0-1caa-11ec-a4a4-d8bbc10f2ae0','2021-09-23 20:14:54',1,NULL,0,NULL,NULL),('ea9b5f0b-1caa-11ec-a4a4-d8bbc10f2ae0','getrelation','ea8f65a0-1caa-11ec-a4a4-d8bbc10f2ae0','2021-09-23 20:14:54',1,NULL,0,NULL,NULL),('ea9dac33-1caa-11ec-a4a4-d8bbc10f2ae0','update','ea8f65a0-1caa-11ec-a4a4-d8bbc10f2ae0','2021-09-23 20:14:54',1,NULL,0,NULL,NULL),('ea9fdc33-1caa-11ec-a4a4-d8bbc10f2ae0','updaterelation','ea8f65a0-1caa-11ec-a4a4-d8bbc10f2ae0','2021-09-23 20:14:54',1,NULL,0,NULL,NULL),('eaa39d57-1caa-11ec-a4a4-d8bbc10f2ae0','delete','ea8f65a0-1caa-11ec-a4a4-d8bbc10f2ae0','2021-09-23 20:14:54',1,NULL,0,NULL,NULL),('eaa752b2-1caa-11ec-a4a4-d8bbc10f2ae0','get','eaa63d60-1caa-11ec-a4a4-d8bbc10f2ae0','2021-09-23 20:14:54',1,NULL,0,NULL,NULL),('eaab0eb4-1caa-11ec-a4a4-d8bbc10f2ae0','getrelation','eaa63d60-1caa-11ec-a4a4-d8bbc10f2ae0','2021-09-23 20:14:54',1,NULL,0,NULL,NULL),('eaad19cb-1caa-11ec-a4a4-d8bbc10f2ae0','update','eaa63d60-1caa-11ec-a4a4-d8bbc10f2ae0','2021-09-23 20:14:54',1,NULL,0,NULL,NULL),('eaaf3208-1caa-11ec-a4a4-d8bbc10f2ae0','updaterelation','eaa63d60-1caa-11ec-a4a4-d8bbc10f2ae0','2021-09-23 20:14:54',1,NULL,0,NULL,NULL),('eab2d337-1caa-11ec-a4a4-d8bbc10f2ae0','create','eaa63d60-1caa-11ec-a4a4-d8bbc10f2ae0','2021-09-23 20:14:54',1,NULL,0,NULL,NULL),('eab51c3c-1caa-11ec-a4a4-d8bbc10f2ae0','delete','eaa63d60-1caa-11ec-a4a4-d8bbc10f2ae0','2021-09-23 20:14:54',1,NULL,0,NULL,NULL),('eab8d6ec-1caa-11ec-a4a4-d8bbc10f2ae0','get','eab7c65a-1caa-11ec-a4a4-d8bbc10f2ae0','2021-09-23 20:14:54',1,NULL,0,NULL,NULL),('eabcaee2-1caa-11ec-a4a4-d8bbc10f2ae0','getrelation','eab7c65a-1caa-11ec-a4a4-d8bbc10f2ae0','2021-09-23 20:14:54',1,NULL,0,NULL,NULL),('eabee976-1caa-11ec-a4a4-d8bbc10f2ae0','update','eab7c65a-1caa-11ec-a4a4-d8bbc10f2ae0','2021-09-23 20:14:55',1,NULL,0,NULL,NULL),('eac12124-1caa-11ec-a4a4-d8bbc10f2ae0','updaterelation','eab7c65a-1caa-11ec-a4a4-d8bbc10f2ae0','2021-09-23 20:14:55',1,NULL,0,NULL,NULL),('eac4ee0a-1caa-11ec-a4a4-d8bbc10f2ae0','create','eab7c65a-1caa-11ec-a4a4-d8bbc10f2ae0','2021-09-23 20:14:55',1,NULL,0,NULL,NULL),('eac71bff-1caa-11ec-a4a4-d8bbc10f2ae0','delete','eab7c65a-1caa-11ec-a4a4-d8bbc10f2ae0','2021-09-23 20:14:55',1,NULL,0,NULL,NULL),('eacaf5c8-1caa-11ec-a4a4-d8bbc10f2ae0','create','eac9dcc8-1caa-11ec-a4a4-d8bbc10f2ae0','2021-09-23 20:14:55',1,NULL,0,NULL,NULL),('eacd30a7-1caa-11ec-a4a4-d8bbc10f2ae0','get','eac9dcc8-1caa-11ec-a4a4-d8bbc10f2ae0','2021-09-23 20:14:55',1,NULL,0,NULL,NULL),('ead0c24f-1caa-11ec-a4a4-d8bbc10f2ae0','getrelation','eac9dcc8-1caa-11ec-a4a4-d8bbc10f2ae0','2021-09-23 20:14:55',1,NULL,0,NULL,NULL),('ead6bd1a-1caa-11ec-a4a4-d8bbc10f2ae0','update','eac9dcc8-1caa-11ec-a4a4-d8bbc10f2ae0','2021-09-23 20:14:55',1,NULL,0,NULL,NULL),('ead8dfb9-1caa-11ec-a4a4-d8bbc10f2ae0','updaterelation','eac9dcc8-1caa-11ec-a4a4-d8bbc10f2ae0','2021-09-23 20:14:55',1,NULL,0,NULL,NULL),('eadca1e9-1caa-11ec-a4a4-d8bbc10f2ae0','delete','eac9dcc8-1caa-11ec-a4a4-d8bbc10f2ae0','2021-09-23 20:14:55',1,NULL,0,NULL,NULL),('eae067f0-1caa-11ec-a4a4-d8bbc10f2ae0','get','eadf50f2-1caa-11ec-a4a4-d8bbc10f2ae0','2021-09-23 20:14:55',1,NULL,0,NULL,NULL),('eae79891-1caa-11ec-a4a4-d8bbc10f2ae0','getrelation','eadf50f2-1caa-11ec-a4a4-d8bbc10f2ae0','2021-09-23 20:14:55',1,NULL,0,NULL,NULL),('eaea23ea-1caa-11ec-a4a4-d8bbc10f2ae0','update','eadf50f2-1caa-11ec-a4a4-d8bbc10f2ae0','2021-09-23 20:14:55',1,NULL,0,NULL,NULL),('eaec4442-1caa-11ec-a4a4-d8bbc10f2ae0','updaterelation','eadf50f2-1caa-11ec-a4a4-d8bbc10f2ae0','2021-09-23 20:14:55',1,NULL,0,NULL,NULL),('eaf00bda-1caa-11ec-a4a4-d8bbc10f2ae0','create','eadf50f2-1caa-11ec-a4a4-d8bbc10f2ae0','2021-09-23 20:14:55',1,NULL,0,NULL,NULL),('eaf254e3-1caa-11ec-a4a4-d8bbc10f2ae0','delete','eadf50f2-1caa-11ec-a4a4-d8bbc10f2ae0','2021-09-23 20:14:55',1,NULL,0,NULL,NULL),('eaf6e3cd-1caa-11ec-a4a4-d8bbc10f2ae0','get','eaf5d422-1caa-11ec-a4a4-d8bbc10f2ae0','2021-09-23 20:14:55',1,NULL,0,NULL,NULL),('eafa74e9-1caa-11ec-a4a4-d8bbc10f2ae0','getrelation','eaf5d422-1caa-11ec-a4a4-d8bbc10f2ae0','2021-09-23 20:14:55',1,NULL,0,NULL,NULL),('eafcbd90-1caa-11ec-a4a4-d8bbc10f2ae0','update','eaf5d422-1caa-11ec-a4a4-d8bbc10f2ae0','2021-09-23 20:14:55',1,NULL,0,NULL,NULL),('eafee9f6-1caa-11ec-a4a4-d8bbc10f2ae0','updaterelation','eaf5d422-1caa-11ec-a4a4-d8bbc10f2ae0','2021-09-23 20:14:55',1,NULL,0,NULL,NULL),('eb027c98-1caa-11ec-a4a4-d8bbc10f2ae0','create','eaf5d422-1caa-11ec-a4a4-d8bbc10f2ae0','2021-09-23 20:14:55',1,NULL,0,NULL,NULL),('eb04b0e6-1caa-11ec-a4a4-d8bbc10f2ae0','delete','eaf5d422-1caa-11ec-a4a4-d8bbc10f2ae0','2021-09-23 20:14:55',1,NULL,0,NULL,NULL),('eb0880f2-1caa-11ec-a4a4-d8bbc10f2ae0','get','eb075adc-1caa-11ec-a4a4-d8bbc10f2ae0','2021-09-23 20:14:55',1,NULL,0,NULL,NULL),('eb0c2706-1caa-11ec-a4a4-d8bbc10f2ae0','getrelation','eb075adc-1caa-11ec-a4a4-d8bbc10f2ae0','2021-09-23 20:14:55',1,NULL,0,NULL,NULL),('eb0e55d6-1caa-11ec-a4a4-d8bbc10f2ae0','update','eb075adc-1caa-11ec-a4a4-d8bbc10f2ae0','2021-09-23 20:14:55',1,NULL,0,NULL,NULL),('eb10761a-1caa-11ec-a4a4-d8bbc10f2ae0','updaterelation','eb075adc-1caa-11ec-a4a4-d8bbc10f2ae0','2021-09-23 20:14:55',1,NULL,0,NULL,NULL),('eb143c4a-1caa-11ec-a4a4-d8bbc10f2ae0','create','eb075adc-1caa-11ec-a4a4-d8bbc10f2ae0','2021-09-23 20:14:55',1,NULL,0,NULL,NULL),('eb167e2b-1caa-11ec-a4a4-d8bbc10f2ae0','delete','eb075adc-1caa-11ec-a4a4-d8bbc10f2ae0','2021-09-23 20:14:55',1,NULL,0,NULL,NULL),('eb1a2a01-1caa-11ec-a4a4-d8bbc10f2ae0','get','eb1919ae-1caa-11ec-a4a4-d8bbc10f2ae0','2021-09-23 20:14:55',1,NULL,0,NULL,NULL),('eb1dc39f-1caa-11ec-a4a4-d8bbc10f2ae0','getrelation','eb1919ae-1caa-11ec-a4a4-d8bbc10f2ae0','2021-09-23 20:14:55',1,NULL,0,NULL,NULL),('eb2409a3-1caa-11ec-a4a4-d8bbc10f2ae0','update','eb1919ae-1caa-11ec-a4a4-d8bbc10f2ae0','2021-09-23 20:14:55',1,NULL,0,NULL,NULL),('eb26219f-1caa-11ec-a4a4-d8bbc10f2ae0','updaterelation','eb1919ae-1caa-11ec-a4a4-d8bbc10f2ae0','2021-09-23 20:14:55',1,NULL,0,NULL,NULL),('eb2986b2-1caa-11ec-a4a4-d8bbc10f2ae0','create','eb1919ae-1caa-11ec-a4a4-d8bbc10f2ae0','2021-09-23 20:14:55',1,NULL,0,NULL,NULL),('eb2bd6a0-1caa-11ec-a4a4-d8bbc10f2ae0','delete','eb1919ae-1caa-11ec-a4a4-d8bbc10f2ae0','2021-09-23 20:14:55',1,NULL,0,NULL,NULL),('eb2f6cdb-1caa-11ec-a4a4-d8bbc10f2ae0','get','eb2e6086-1caa-11ec-a4a4-d8bbc10f2ae0','2021-09-23 20:14:55',1,NULL,0,NULL,NULL),('eb32f7cf-1caa-11ec-a4a4-d8bbc10f2ae0','getrelation','eb2e6086-1caa-11ec-a4a4-d8bbc10f2ae0','2021-09-23 20:14:55',1,NULL,0,NULL,NULL),('eb350df7-1caa-11ec-a4a4-d8bbc10f2ae0','update','eb2e6086-1caa-11ec-a4a4-d8bbc10f2ae0','2021-09-23 20:14:55',1,NULL,0,NULL,NULL),('eb370d6d-1caa-11ec-a4a4-d8bbc10f2ae0','updaterelation','eb2e6086-1caa-11ec-a4a4-d8bbc10f2ae0','2021-09-23 20:14:55',1,NULL,0,NULL,NULL),('eb3a7e88-1caa-11ec-a4a4-d8bbc10f2ae0','create','eb2e6086-1caa-11ec-a4a4-d8bbc10f2ae0','2021-09-23 20:14:55',1,NULL,0,NULL,NULL),('eb3c85ca-1caa-11ec-a4a4-d8bbc10f2ae0','delete','eb2e6086-1caa-11ec-a4a4-d8bbc10f2ae0','2021-09-23 20:14:55',1,NULL,0,NULL,NULL),('eb400a82-1caa-11ec-a4a4-d8bbc10f2ae0','get','eb3f0b07-1caa-11ec-a4a4-d8bbc10f2ae0','2021-09-23 20:14:55',1,NULL,0,NULL,NULL),('eb4380f0-1caa-11ec-a4a4-d8bbc10f2ae0','getrelation','eb3f0b07-1caa-11ec-a4a4-d8bbc10f2ae0','2021-09-23 20:14:55',1,NULL,0,NULL,NULL),('eb457049-1caa-11ec-a4a4-d8bbc10f2ae0','update','eb3f0b07-1caa-11ec-a4a4-d8bbc10f2ae0','2021-09-23 20:14:55',1,NULL,0,NULL,NULL),('eb477a81-1caa-11ec-a4a4-d8bbc10f2ae0','updaterelation','eb3f0b07-1caa-11ec-a4a4-d8bbc10f2ae0','2021-09-23 20:14:55',1,NULL,0,NULL,NULL),('eb4ad903-1caa-11ec-a4a4-d8bbc10f2ae0','create','eb3f0b07-1caa-11ec-a4a4-d8bbc10f2ae0','2021-09-23 20:14:55',1,NULL,0,NULL,NULL),('eb4cd195-1caa-11ec-a4a4-d8bbc10f2ae0','delete','eb3f0b07-1caa-11ec-a4a4-d8bbc10f2ae0','2021-09-23 20:14:55',1,NULL,0,NULL,NULL),('eb5043e9-1caa-11ec-a4a4-d8bbc10f2ae0','get','eb4f4043-1caa-11ec-a4a4-d8bbc10f2ae0','2021-09-23 20:14:55',1,NULL,0,NULL,NULL),('eb53b8fd-1caa-11ec-a4a4-d8bbc10f2ae0','getrelation','eb4f4043-1caa-11ec-a4a4-d8bbc10f2ae0','2021-09-23 20:14:55',1,NULL,0,NULL,NULL),('eb55de66-1caa-11ec-a4a4-d8bbc10f2ae0','update','eb4f4043-1caa-11ec-a4a4-d8bbc10f2ae0','2021-09-23 20:14:55',1,NULL,0,NULL,NULL),('eb57da97-1caa-11ec-a4a4-d8bbc10f2ae0','updaterelation','eb4f4043-1caa-11ec-a4a4-d8bbc10f2ae0','2021-09-23 20:14:56',1,NULL,0,NULL,NULL),('eb5b7fcf-1caa-11ec-a4a4-d8bbc10f2ae0','create','eb4f4043-1caa-11ec-a4a4-d8bbc10f2ae0','2021-09-23 20:14:56',1,NULL,0,NULL,NULL),('eb5d8a2b-1caa-11ec-a4a4-d8bbc10f2ae0','delete','eb4f4043-1caa-11ec-a4a4-d8bbc10f2ae0','2021-09-23 20:14:56',1,NULL,0,NULL,NULL),('eb60ffbe-1caa-11ec-a4a4-d8bbc10f2ae0','get','eb5ff1d1-1caa-11ec-a4a4-d8bbc10f2ae0','2021-09-23 20:14:56',1,NULL,0,NULL,NULL),('eb646f58-1caa-11ec-a4a4-d8bbc10f2ae0','getrelation','eb5ff1d1-1caa-11ec-a4a4-d8bbc10f2ae0','2021-09-23 20:14:56',1,NULL,0,NULL,NULL),('eb668385-1caa-11ec-a4a4-d8bbc10f2ae0','update','eb5ff1d1-1caa-11ec-a4a4-d8bbc10f2ae0','2021-09-23 20:14:56',1,NULL,0,NULL,NULL),('eb68b208-1caa-11ec-a4a4-d8bbc10f2ae0','updaterelation','eb5ff1d1-1caa-11ec-a4a4-d8bbc10f2ae0','2021-09-23 20:14:56',1,NULL,0,NULL,NULL),('eb6c2360-1caa-11ec-a4a4-d8bbc10f2ae0','create','eb5ff1d1-1caa-11ec-a4a4-d8bbc10f2ae0','2021-09-23 20:14:56',1,NULL,0,NULL,NULL),('eb6e207b-1caa-11ec-a4a4-d8bbc10f2ae0','delete','eb5ff1d1-1caa-11ec-a4a4-d8bbc10f2ae0','2021-09-23 20:14:56',1,NULL,0,NULL,NULL),('eb71eed8-1caa-11ec-a4a4-d8bbc10f2ae0','putfile','eb70a9b1-1caa-11ec-a4a4-d8bbc10f2ae0','2021-09-23 20:14:56',1,NULL,0,NULL,NULL),('eb73ea05-1caa-11ec-a4a4-d8bbc10f2ae0','getfile','eb70a9b1-1caa-11ec-a4a4-d8bbc10f2ae0','2021-09-23 20:14:56',1,NULL,0,NULL,NULL),('eb75ecad-1caa-11ec-a4a4-d8bbc10f2ae0','get','eb70a9b1-1caa-11ec-a4a4-d8bbc10f2ae0','2021-09-23 20:14:56',1,NULL,0,NULL,NULL),('eb7949d4-1caa-11ec-a4a4-d8bbc10f2ae0','getrelation','eb70a9b1-1caa-11ec-a4a4-d8bbc10f2ae0','2021-09-23 20:14:56',1,NULL,0,NULL,NULL),('eb7b3ecb-1caa-11ec-a4a4-d8bbc10f2ae0','update','eb70a9b1-1caa-11ec-a4a4-d8bbc10f2ae0','2021-09-23 20:14:56',1,NULL,0,NULL,NULL),('eb7eb03f-1caa-11ec-a4a4-d8bbc10f2ae0','updaterelation','eb70a9b1-1caa-11ec-a4a4-d8bbc10f2ae0','2021-09-23 20:14:56',1,NULL,0,NULL,NULL),('eb8288bf-1caa-11ec-a4a4-d8bbc10f2ae0','create','eb70a9b1-1caa-11ec-a4a4-d8bbc10f2ae0','2021-09-23 20:14:56',1,NULL,0,NULL,NULL),('eb84a932-1caa-11ec-a4a4-d8bbc10f2ae0','delete','eb70a9b1-1caa-11ec-a4a4-d8bbc10f2ae0','2021-09-23 20:14:56',1,NULL,0,NULL,NULL),('eb88472d-1caa-11ec-a4a4-d8bbc10f2ae0','get','eb873eb1-1caa-11ec-a4a4-d8bbc10f2ae0','2021-09-23 20:14:56',1,NULL,0,NULL,NULL),('eb8bd492-1caa-11ec-a4a4-d8bbc10f2ae0','getrelation','eb873eb1-1caa-11ec-a4a4-d8bbc10f2ae0','2021-09-23 20:14:56',1,NULL,0,NULL,NULL),('eb8e0805-1caa-11ec-a4a4-d8bbc10f2ae0','update','eb873eb1-1caa-11ec-a4a4-d8bbc10f2ae0','2021-09-23 20:14:56',1,NULL,0,NULL,NULL),('eb90130d-1caa-11ec-a4a4-d8bbc10f2ae0','updaterelation','eb873eb1-1caa-11ec-a4a4-d8bbc10f2ae0','2021-09-23 20:14:56',1,NULL,0,NULL,NULL),('eb938512-1caa-11ec-a4a4-d8bbc10f2ae0','create','eb873eb1-1caa-11ec-a4a4-d8bbc10f2ae0','2021-09-23 20:14:56',1,NULL,0,NULL,NULL),('eb95951a-1caa-11ec-a4a4-d8bbc10f2ae0','delete','eb873eb1-1caa-11ec-a4a4-d8bbc10f2ae0','2021-09-23 20:14:56',1,NULL,0,NULL,NULL),('eb991789-1caa-11ec-a4a4-d8bbc10f2ae0','get','eb980b44-1caa-11ec-a4a4-d8bbc10f2ae0','2021-09-23 20:14:56',1,NULL,0,NULL,NULL),('eb9c8b7e-1caa-11ec-a4a4-d8bbc10f2ae0','getuserprofilepicture','eb980b44-1caa-11ec-a4a4-d8bbc10f2ae0','2021-09-23 20:14:56',1,NULL,0,NULL,NULL),('eb9ea009-1caa-11ec-a4a4-d8bbc10f2ae0','getrelation','eb980b44-1caa-11ec-a4a4-d8bbc10f2ae0','2021-09-23 20:14:56',1,NULL,0,NULL,NULL),('eba0f04a-1caa-11ec-a4a4-d8bbc10f2ae0','update','eb980b44-1caa-11ec-a4a4-d8bbc10f2ae0','2021-09-23 20:14:56',1,NULL,0,NULL,NULL),('eba31809-1caa-11ec-a4a4-d8bbc10f2ae0','updaterelation','eb980b44-1caa-11ec-a4a4-d8bbc10f2ae0','2021-09-23 20:14:56',1,NULL,0,NULL,NULL),('eba69e13-1caa-11ec-a4a4-d8bbc10f2ae0','create','eb980b44-1caa-11ec-a4a4-d8bbc10f2ae0','2021-09-23 20:14:56',1,NULL,0,NULL,NULL),('eba8c8ca-1caa-11ec-a4a4-d8bbc10f2ae0','delete','eb980b44-1caa-11ec-a4a4-d8bbc10f2ae0','2021-09-23 20:14:56',1,NULL,0,NULL,NULL),('ebac57b0-1caa-11ec-a4a4-d8bbc10f2ae0','get','ebab536f-1caa-11ec-a4a4-d8bbc10f2ae0','2021-09-23 20:14:56',1,NULL,0,NULL,NULL),('ebafbde9-1caa-11ec-a4a4-d8bbc10f2ae0','getrelation','ebab536f-1caa-11ec-a4a4-d8bbc10f2ae0','2021-09-23 20:14:56',1,NULL,0,NULL,NULL),('ebb1b83c-1caa-11ec-a4a4-d8bbc10f2ae0','update','ebab536f-1caa-11ec-a4a4-d8bbc10f2ae0','2021-09-23 20:14:56',1,NULL,0,NULL,NULL),('ebb3ce0c-1caa-11ec-a4a4-d8bbc10f2ae0','updaterelation','ebab536f-1caa-11ec-a4a4-d8bbc10f2ae0','2021-09-23 20:14:56',1,NULL,0,NULL,NULL),('ebb777a1-1caa-11ec-a4a4-d8bbc10f2ae0','create','ebab536f-1caa-11ec-a4a4-d8bbc10f2ae0','2021-09-23 20:14:56',1,NULL,0,NULL,NULL),('ebb981c3-1caa-11ec-a4a4-d8bbc10f2ae0','delete','ebab536f-1caa-11ec-a4a4-d8bbc10f2ae0','2021-09-23 20:14:56',1,NULL,0,NULL,NULL),('ebbcf053-1caa-11ec-a4a4-d8bbc10f2ae0','get','ebbbeb65-1caa-11ec-a4a4-d8bbc10f2ae0','2021-09-23 20:14:56',1,NULL,0,NULL,NULL),('ebc075e4-1caa-11ec-a4a4-d8bbc10f2ae0','getrelation','ebbbeb65-1caa-11ec-a4a4-d8bbc10f2ae0','2021-09-23 20:14:56',1,NULL,0,NULL,NULL),('ebc29208-1caa-11ec-a4a4-d8bbc10f2ae0','update','ebbbeb65-1caa-11ec-a4a4-d8bbc10f2ae0','2021-09-23 20:14:56',1,NULL,0,NULL,NULL),('ebc48370-1caa-11ec-a4a4-d8bbc10f2ae0','updaterelation','ebbbeb65-1caa-11ec-a4a4-d8bbc10f2ae0','2021-09-23 20:14:56',1,NULL,0,NULL,NULL),('ebc7e63b-1caa-11ec-a4a4-d8bbc10f2ae0','create','ebbbeb65-1caa-11ec-a4a4-d8bbc10f2ae0','2021-09-23 20:14:56',1,NULL,0,NULL,NULL),('ebca13f5-1caa-11ec-a4a4-d8bbc10f2ae0','delete','ebbbeb65-1caa-11ec-a4a4-d8bbc10f2ae0','2021-09-23 20:14:56',1,NULL,0,NULL,NULL);
/*!40000 ALTER TABLE `controller_action` ENABLE KEYS */;
UNLOCK TABLES;
/*!50003 SET @saved_cs_client      = @@character_set_client */ ;
/*!50003 SET @saved_cs_results     = @@character_set_results */ ;
/*!50003 SET @saved_col_connection = @@collation_connection */ ;
/*!50003 SET character_set_client  = utf8mb4 */ ;
/*!50003 SET character_set_results = utf8mb4 */ ;
/*!50003 SET collation_connection  = utf8mb4_0900_ai_ci */ ;
/*!50003 SET @saved_sql_mode       = @@sql_mode */ ;
/*!50003 SET sql_mode              = 'STRICT_TRANS_TABLES,NO_ENGINE_SUBSTITUTION' */ ;
DELIMITER ;;
/*!50003 CREATE*/ /*!50017 DEFINER=`root`@`localhost`*/ /*!50003 TRIGGER `controller_action_BEFORE_INSERT` BEFORE INSERT ON `controller_action` FOR EACH ROW BEGIN
	SET new.creation_datetime = NOW();
END */;;
DELIMITER ;
/*!50003 SET sql_mode              = @saved_sql_mode */ ;
/*!50003 SET character_set_client  = @saved_cs_client */ ;
/*!50003 SET character_set_results = @saved_cs_results */ ;
/*!50003 SET collation_connection  = @saved_col_connection */ ;
/*!50003 SET @saved_cs_client      = @@character_set_client */ ;
/*!50003 SET @saved_cs_results     = @@character_set_results */ ;
/*!50003 SET @saved_col_connection = @@collation_connection */ ;
/*!50003 SET character_set_client  = utf8mb4 */ ;
/*!50003 SET character_set_results = utf8mb4 */ ;
/*!50003 SET collation_connection  = utf8mb4_0900_ai_ci */ ;
/*!50003 SET @saved_sql_mode       = @@sql_mode */ ;
/*!50003 SET sql_mode              = 'STRICT_TRANS_TABLES,NO_ENGINE_SUBSTITUTION' */ ;
DELIMITER ;;
/*!50003 CREATE*/ /*!50017 DEFINER=`root`@`localhost`*/ /*!50003 TRIGGER `controller_action_BEFORE_UPDATE` BEFORE UPDATE ON `controller_action` FOR EACH ROW BEGIN
	SET new.changed_datetime = NOW();
END */;;
DELIMITER ;
/*!50003 SET sql_mode              = @saved_sql_mode */ ;
/*!50003 SET character_set_client  = @saved_cs_client */ ;
/*!50003 SET character_set_results = @saved_cs_results */ ;
/*!50003 SET collation_connection  = @saved_col_connection */ ;

--
-- Table structure for table `controller_action_relation_to_http_method`
--

DROP TABLE IF EXISTS `controller_action_relation_to_http_method`;
/*!40101 SET @saved_cs_client     = @@character_set_client */;
/*!50503 SET character_set_client = utf8mb4 */;
CREATE TABLE `controller_action_relation_to_http_method` (
  `uuid` varchar(36) NOT NULL,
  `controller_action_uuid` varchar(36) NOT NULL,
  `http_method_uuid` varchar(36) NOT NULL,
  `action_route` varchar(90) NOT NULL,
  `maintanance` tinyint DEFAULT '0',
  `creation_datetime` timestamp NULL DEFAULT CURRENT_TIMESTAMP,
  `active` tinyint NOT NULL DEFAULT '1',
  `activation_datetime` datetime DEFAULT NULL,
  `deleted` tinyint DEFAULT '0',
  `deletion_datetime` datetime DEFAULT NULL,
  `changed_datetime` datetime DEFAULT NULL,
  PRIMARY KEY (`uuid`,`controller_action_uuid`,`http_method_uuid`,`action_route`),
  KEY `fk_apiControllerToApi_idx` (`controller_action_uuid`),
  KEY `fk_apiControllerToHttpMethod_idx` (`http_method_uuid`,`controller_action_uuid`),
  CONSTRAINT `fk_apiControllerToHttpMethod` FOREIGN KEY (`http_method_uuid`) REFERENCES `http_method` (`uuid`),
  CONSTRAINT `fk_controllerActHttpToControllerAct` FOREIGN KEY (`controller_action_uuid`) REFERENCES `controller_action` (`uuid`)
) ENGINE=InnoDB DEFAULT CHARSET=utf8mb3;
/*!40101 SET character_set_client = @saved_cs_client */;

--
-- Dumping data for table `controller_action_relation_to_http_method`
--

LOCK TABLES `controller_action_relation_to_http_method` WRITE;
/*!40000 ALTER TABLE `controller_action_relation_to_http_method` DISABLE KEYS */;
INSERT INTO `controller_action_relation_to_http_method` VALUES ('1e1ef3bd-2e7d-11ec-a420-d8bbc10f2ae0','1e1cfd92-2e7d-11ec-a420-d8bbc10f2ae0','69fe1a68-a5ad-11eb-bac0-309c2364fdb6','apiv1/authentification/activation/{base64}',0,'2021-10-16 12:32:25',1,NULL,0,NULL,NULL),('7a875376-2f31-11ec-a420-d8bbc10f2ae0','7a867dfc-2f31-11ec-a420-d8bbc10f2ae0','69fe1a68-a5ad-11eb-bac0-309c2364fdb6','apiv1/user/register',0,'2021-10-17 10:03:29',1,NULL,0,NULL,NULL),('7a89f5f7-2f31-11ec-a420-d8bbc10f2ae0','7a8928f5-2f31-11ec-a420-d8bbc10f2ae0','69fe1a68-a5ad-11eb-bac0-309c2364fdb6','apiv1/user/activation/{base64}',0,'2021-10-17 10:03:29',1,NULL,0,NULL,NULL),('856c94be-3a56-11ec-ac86-d8bbc10f2ae0','856913f8-3a56-11ec-ac86-d8bbc10f2ae0','69fdd758-a5ad-11eb-bac0-309c2364fdb6','apiv1/user/activation/{base64}',0,'2021-10-31 14:26:22',1,NULL,0,NULL,NULL),('9456cbbe-2de9-11ec-ba94-d8bbc10f2ae0','94557ad9-2de9-11ec-ba94-d8bbc10f2ae0','69fe1a68-a5ad-11eb-bac0-309c2364fdb6','apiv1/authentification/register',0,'2021-10-15 18:56:18',1,NULL,0,NULL,NULL),('9ff477c0-2dda-11ec-ba94-d8bbc10f2ae0','9ff3a382-2dda-11ec-ba94-d8bbc10f2ae0','69fdd758-a5ad-11eb-bac0-309c2364fdb6','apiv1/authentification/session/{token}',0,'2021-10-15 17:09:15',1,NULL,0,NULL,NULL),('9ff753e1-2dda-11ec-ba94-d8bbc10f2ae0','9ff68e4c-2dda-11ec-ba94-d8bbc10f2ae0','69fe1a68-a5ad-11eb-bac0-309c2364fdb6','apiv1/authentification/login',0,'2021-10-15 17:09:15',1,NULL,0,NULL,NULL),('9ff9c177-2dda-11ec-ba94-d8bbc10f2ae0','9ff8f321-2dda-11ec-ba94-d8bbc10f2ae0','69fe1a68-a5ad-11eb-bac0-309c2364fdb6','apiv1/authentification/logout/{token}',0,'2021-10-15 17:09:15',1,NULL,0,NULL,NULL),('9ffc3a30-2dda-11ec-ba94-d8bbc10f2ae0','9ffb5b98-2dda-11ec-ba94-d8bbc10f2ae0','69fe1a68-a5ad-11eb-bac0-309c2364fdb6','apiv1/authentification/refresh/{refresh_token}',0,'2021-10-15 17:09:15',1,NULL,0,NULL,NULL),('a6109b97-1fb9-11ec-b836-d8bbc10f2ae0','a60f2b90-1fb9-11ec-b836-d8bbc10f2ae0','69fe1a68-a5ad-11eb-bac0-309c2364fdb6','apiv1/Auth/test-mit-static-role',0,'2021-09-27 17:37:55',1,NULL,0,NULL,NULL),('a613a566-1fb9-11ec-b836-d8bbc10f2ae0','a612c1d5-1fb9-11ec-b836-d8bbc10f2ae0','69fe1a68-a5ad-11eb-bac0-309c2364fdb6','apiv1/Auth/test-mit-dyn-role',0,'2021-09-27 17:37:55',1,NULL,0,NULL,NULL),('e9e9ddc1-1caa-11ec-a4a4-d8bbc10f2ae0','e9e87f7c-1caa-11ec-a4a4-d8bbc10f2ae0','69fdd758-a5ad-11eb-bac0-309c2364fdb6','apiv1/Account',0,'2021-09-23 20:14:53',1,NULL,0,NULL,NULL),('e9ec0d19-1caa-11ec-a4a4-d8bbc10f2ae0','e9e87f7c-1caa-11ec-a4a4-d8bbc10f2ae0','69fdd758-a5ad-11eb-bac0-309c2364fdb6','apiv1/Account/{id}',0,'2021-09-23 20:14:53',1,NULL,0,NULL,NULL),('e9eee89a-1caa-11ec-a4a4-d8bbc10f2ae0','e9ee0a3e-1caa-11ec-a4a4-d8bbc10f2ae0','69fdd758-a5ad-11eb-bac0-309c2364fdb6','apiv1/Account/{id}/relation/{relationname}/{relatedid?}',0,'2021-09-23 20:14:53',1,NULL,0,NULL,NULL),('e9f166cb-1caa-11ec-a4a4-d8bbc10f2ae0','e9f0918f-1caa-11ec-a4a4-d8bbc10f2ae0','69fe3977-a5ad-11eb-bac0-309c2364fdb6','apiv1/Account/{id?}',0,'2021-09-23 20:14:53',1,NULL,0,NULL,NULL),('e9f41a10-1caa-11ec-a4a4-d8bbc10f2ae0','e9f32c90-1caa-11ec-a4a4-d8bbc10f2ae0','69fe1a68-a5ad-11eb-bac0-309c2364fdb6','apiv1/Account/{id}/relation/{relationname}',0,'2021-09-23 20:14:53',1,NULL,0,NULL,NULL),('e9f5eea9-1caa-11ec-a4a4-d8bbc10f2ae0','e9f32c90-1caa-11ec-a4a4-d8bbc10f2ae0','69fe3977-a5ad-11eb-bac0-309c2364fdb6','apiv1/Account/{id}/relation/{relationname}',0,'2021-09-23 20:14:53',1,NULL,0,NULL,NULL),('e9f89163-1caa-11ec-a4a4-d8bbc10f2ae0','e9f79eb0-1caa-11ec-a4a4-d8bbc10f2ae0','69fe1a68-a5ad-11eb-bac0-309c2364fdb6','apiv1/Account',0,'2021-09-23 20:14:53',1,NULL,0,NULL,NULL),('e9fb256a-1caa-11ec-a4a4-d8bbc10f2ae0','e9fa507c-1caa-11ec-a4a4-d8bbc10f2ae0','69fe2ff3-a5ad-11eb-bac0-309c2364fdb6','apiv1/Account/{id}',0,'2021-09-23 20:14:53',1,NULL,0,NULL,NULL),('e9ff9165-1caa-11ec-a4a4-d8bbc10f2ae0','e9febd00-1caa-11ec-a4a4-d8bbc10f2ae0','69fdd758-a5ad-11eb-bac0-309c2364fdb6','apiv1/Auth',0,'2021-09-23 20:14:53',1,NULL,0,NULL,NULL),('ea0168c9-1caa-11ec-a4a4-d8bbc10f2ae0','e9febd00-1caa-11ec-a4a4-d8bbc10f2ae0','69fdd758-a5ad-11eb-bac0-309c2364fdb6','apiv1/Auth/{id}',0,'2021-09-23 20:14:53',1,NULL,0,NULL,NULL),('ea03e23d-1caa-11ec-a4a4-d8bbc10f2ae0','ea030ab7-1caa-11ec-a4a4-d8bbc10f2ae0','69fdd758-a5ad-11eb-bac0-309c2364fdb6','apiv1/Auth/{id}/relation/{relationname}/{relatedid?}',0,'2021-09-23 20:14:53',1,NULL,0,NULL,NULL),('ea068f01-1caa-11ec-a4a4-d8bbc10f2ae0','ea05ac67-1caa-11ec-a4a4-d8bbc10f2ae0','69fe3977-a5ad-11eb-bac0-309c2364fdb6','apiv1/Auth/{id?}',0,'2021-09-23 20:14:53',1,NULL,0,NULL,NULL),('ea094501-1caa-11ec-a4a4-d8bbc10f2ae0','ea085955-1caa-11ec-a4a4-d8bbc10f2ae0','69fe1a68-a5ad-11eb-bac0-309c2364fdb6','apiv1/Auth/{id}/relation/{relationname}',0,'2021-09-23 20:14:53',1,NULL,0,NULL,NULL),('ea0b16d3-1caa-11ec-a4a4-d8bbc10f2ae0','ea085955-1caa-11ec-a4a4-d8bbc10f2ae0','69fe3977-a5ad-11eb-bac0-309c2364fdb6','apiv1/Auth/{id}/relation/{relationname}',0,'2021-09-23 20:14:53',1,NULL,0,NULL,NULL),('ea0db41a-1caa-11ec-a4a4-d8bbc10f2ae0','ea0ccb00-1caa-11ec-a4a4-d8bbc10f2ae0','69fe1a68-a5ad-11eb-bac0-309c2364fdb6','apiv1/Auth',0,'2021-09-23 20:14:53',1,NULL,0,NULL,NULL),('ea10542d-1caa-11ec-a4a4-d8bbc10f2ae0','ea0f6efd-1caa-11ec-a4a4-d8bbc10f2ae0','69fe2ff3-a5ad-11eb-bac0-309c2364fdb6','apiv1/Auth/{id}',0,'2021-09-23 20:14:53',1,NULL,0,NULL,NULL),('ea151448-1caa-11ec-a4a4-d8bbc10f2ae0','ea1429b8-1caa-11ec-a4a4-d8bbc10f2ae0','69fdd758-a5ad-11eb-bac0-309c2364fdb6','apiv1/CommunicationMedium',0,'2021-09-23 20:14:53',1,NULL,0,NULL,NULL),('ea173ef7-1caa-11ec-a4a4-d8bbc10f2ae0','ea1429b8-1caa-11ec-a4a4-d8bbc10f2ae0','69fdd758-a5ad-11eb-bac0-309c2364fdb6','apiv1/CommunicationMedium/{id}',0,'2021-09-23 20:14:53',1,NULL,0,NULL,NULL),('ea1a0bcf-1caa-11ec-a4a4-d8bbc10f2ae0','ea192d58-1caa-11ec-a4a4-d8bbc10f2ae0','69fdd758-a5ad-11eb-bac0-309c2364fdb6','apiv1/CommunicationMedium/{id}/relation/{relationname}/{relatedid?}',0,'2021-09-23 20:14:53',1,NULL,0,NULL,NULL),('ea1cb72c-1caa-11ec-a4a4-d8bbc10f2ae0','ea1bd3f6-1caa-11ec-a4a4-d8bbc10f2ae0','69fe3977-a5ad-11eb-bac0-309c2364fdb6','apiv1/CommunicationMedium/{id?}',0,'2021-09-23 20:14:53',1,NULL,0,NULL,NULL),('ea1f874a-1caa-11ec-a4a4-d8bbc10f2ae0','ea1e8005-1caa-11ec-a4a4-d8bbc10f2ae0','69fe1a68-a5ad-11eb-bac0-309c2364fdb6','apiv1/CommunicationMedium/{id}/relation/{relationname}',0,'2021-09-23 20:14:53',1,NULL,0,NULL,NULL),('ea21309b-1caa-11ec-a4a4-d8bbc10f2ae0','ea1e8005-1caa-11ec-a4a4-d8bbc10f2ae0','69fe3977-a5ad-11eb-bac0-309c2364fdb6','apiv1/CommunicationMedium/{id}/relation/{relationname}',0,'2021-09-23 20:14:53',1,NULL,0,NULL,NULL),('ea241f49-1caa-11ec-a4a4-d8bbc10f2ae0','ea233b7b-1caa-11ec-a4a4-d8bbc10f2ae0','69fe1a68-a5ad-11eb-bac0-309c2364fdb6','apiv1/CommunicationMedium',0,'2021-09-23 20:14:53',1,NULL,0,NULL,NULL),('ea269bd7-1caa-11ec-a4a4-d8bbc10f2ae0','ea25c4cd-1caa-11ec-a4a4-d8bbc10f2ae0','69fe2ff3-a5ad-11eb-bac0-309c2364fdb6','apiv1/CommunicationMedium/{id}',0,'2021-09-23 20:14:54',1,NULL,0,NULL,NULL),('ea2aade5-1caa-11ec-a4a4-d8bbc10f2ae0','ea29e3cd-1caa-11ec-a4a4-d8bbc10f2ae0','69fdd758-a5ad-11eb-bac0-309c2364fdb6','apiv1/ConnectionStringValue',0,'2021-09-23 20:14:54',1,NULL,0,NULL,NULL),('ea2c47b5-1caa-11ec-a4a4-d8bbc10f2ae0','ea29e3cd-1caa-11ec-a4a4-d8bbc10f2ae0','69fdd758-a5ad-11eb-bac0-309c2364fdb6','apiv1/ConnectionStringValue/{id}',0,'2021-09-23 20:14:54',1,NULL,0,NULL,NULL),('ea2e9c74-1caa-11ec-a4a4-d8bbc10f2ae0','ea2dd498-1caa-11ec-a4a4-d8bbc10f2ae0','69fdd758-a5ad-11eb-bac0-309c2364fdb6','apiv1/ConnectionStringValue/{id}/relation/{relationname}/{relatedid?}',0,'2021-09-23 20:14:54',1,NULL,0,NULL,NULL),('ea315548-1caa-11ec-a4a4-d8bbc10f2ae0','ea3080a7-1caa-11ec-a4a4-d8bbc10f2ae0','69fe3977-a5ad-11eb-bac0-309c2364fdb6','apiv1/ConnectionStringValue/{id?}',0,'2021-09-23 20:14:54',1,NULL,0,NULL,NULL),('ea33fe81-1caa-11ec-a4a4-d8bbc10f2ae0','ea332bb3-1caa-11ec-a4a4-d8bbc10f2ae0','69fe1a68-a5ad-11eb-bac0-309c2364fdb6','apiv1/ConnectionStringValue/{id}/relation/{relationname}',0,'2021-09-23 20:14:54',1,NULL,0,NULL,NULL),('ea358785-1caa-11ec-a4a4-d8bbc10f2ae0','ea332bb3-1caa-11ec-a4a4-d8bbc10f2ae0','69fe3977-a5ad-11eb-bac0-309c2364fdb6','apiv1/ConnectionStringValue/{id}/relation/{relationname}',0,'2021-09-23 20:14:54',1,NULL,0,NULL,NULL),('ea385ecb-1caa-11ec-a4a4-d8bbc10f2ae0','ea370d60-1caa-11ec-a4a4-d8bbc10f2ae0','69fe1a68-a5ad-11eb-bac0-309c2364fdb6','apiv1/ConnectionStringValue',0,'2021-09-23 20:14:54',1,NULL,0,NULL,NULL),('ea3aa956-1caa-11ec-a4a4-d8bbc10f2ae0','ea39e5b5-1caa-11ec-a4a4-d8bbc10f2ae0','69fe2ff3-a5ad-11eb-bac0-309c2364fdb6','apiv1/ConnectionStringValue/{id}',0,'2021-09-23 20:14:54',1,NULL,0,NULL,NULL),('ea3eb028-1caa-11ec-a4a4-d8bbc10f2ae0','ea3dc9d0-1caa-11ec-a4a4-d8bbc10f2ae0','69fdd758-a5ad-11eb-bac0-309c2364fdb6','apiv1/ConnectionType',0,'2021-09-23 20:14:54',1,NULL,0,NULL,NULL),('ea4045f4-1caa-11ec-a4a4-d8bbc10f2ae0','ea3dc9d0-1caa-11ec-a4a4-d8bbc10f2ae0','69fdd758-a5ad-11eb-bac0-309c2364fdb6','apiv1/ConnectionType/{id}',0,'2021-09-23 20:14:54',1,NULL,0,NULL,NULL),('ea42926e-1caa-11ec-a4a4-d8bbc10f2ae0','ea41ca7f-1caa-11ec-a4a4-d8bbc10f2ae0','69fdd758-a5ad-11eb-bac0-309c2364fdb6','apiv1/ConnectionType/{id}/relation/{relationname}/{relatedid?}',0,'2021-09-23 20:14:54',1,NULL,0,NULL,NULL),('ea44ca4b-1caa-11ec-a4a4-d8bbc10f2ae0','ea4408ee-1caa-11ec-a4a4-d8bbc10f2ae0','69fe3977-a5ad-11eb-bac0-309c2364fdb6','apiv1/ConnectionType/{id?}',0,'2021-09-23 20:14:54',1,NULL,0,NULL,NULL),('ea470ed9-1caa-11ec-a4a4-d8bbc10f2ae0','ea464e59-1caa-11ec-a4a4-d8bbc10f2ae0','69fe1a68-a5ad-11eb-bac0-309c2364fdb6','apiv1/ConnectionType/{id}/relation/{relationname}',0,'2021-09-23 20:14:54',1,NULL,0,NULL,NULL),('ea4895fe-1caa-11ec-a4a4-d8bbc10f2ae0','ea464e59-1caa-11ec-a4a4-d8bbc10f2ae0','69fe3977-a5ad-11eb-bac0-309c2364fdb6','apiv1/ConnectionType/{id}/relation/{relationname}',0,'2021-09-23 20:14:54',1,NULL,0,NULL,NULL),('ea4b64b2-1caa-11ec-a4a4-d8bbc10f2ae0','ea4a1541-1caa-11ec-a4a4-d8bbc10f2ae0','69fe1a68-a5ad-11eb-bac0-309c2364fdb6','apiv1/ConnectionType',0,'2021-09-23 20:14:54',1,NULL,0,NULL,NULL),('ea4f2dca-1caa-11ec-a4a4-d8bbc10f2ae0','ea4de31f-1caa-11ec-a4a4-d8bbc10f2ae0','69fe2ff3-a5ad-11eb-bac0-309c2364fdb6','apiv1/ConnectionType/{id}',0,'2021-09-23 20:14:54',1,NULL,0,NULL,NULL),('ea545a24-1caa-11ec-a4a4-d8bbc10f2ae0','ea539f8f-1caa-11ec-a4a4-d8bbc10f2ae0','69fdd758-a5ad-11eb-bac0-309c2364fdb6','apiv1/Crud',0,'2021-09-23 20:14:54',1,NULL,0,NULL,NULL),('ea55d59d-1caa-11ec-a4a4-d8bbc10f2ae0','ea539f8f-1caa-11ec-a4a4-d8bbc10f2ae0','69fdd758-a5ad-11eb-bac0-309c2364fdb6','apiv1/Crud/{id}',0,'2021-09-23 20:14:54',1,NULL,0,NULL,NULL),('ea5812dd-1caa-11ec-a4a4-d8bbc10f2ae0','ea574fa2-1caa-11ec-a4a4-d8bbc10f2ae0','69fdd758-a5ad-11eb-bac0-309c2364fdb6','apiv1/Crud/{id}/relation/{relationname}/{relatedid?}',0,'2021-09-23 20:14:54',1,NULL,0,NULL,NULL),('ea5a3ece-1caa-11ec-a4a4-d8bbc10f2ae0','ea598113-1caa-11ec-a4a4-d8bbc10f2ae0','69fe3977-a5ad-11eb-bac0-309c2364fdb6','apiv1/Crud/{id?}',0,'2021-09-23 20:14:54',1,NULL,0,NULL,NULL),('ea5c8bfa-1caa-11ec-a4a4-d8bbc10f2ae0','ea5bbda0-1caa-11ec-a4a4-d8bbc10f2ae0','69fe1a68-a5ad-11eb-bac0-309c2364fdb6','apiv1/Crud/{id}/relation/{relationname}',0,'2021-09-23 20:14:54',1,NULL,0,NULL,NULL),('ea5e10f5-1caa-11ec-a4a4-d8bbc10f2ae0','ea5bbda0-1caa-11ec-a4a4-d8bbc10f2ae0','69fe3977-a5ad-11eb-bac0-309c2364fdb6','apiv1/Crud/{id}/relation/{relationname}',0,'2021-09-23 20:14:54',1,NULL,0,NULL,NULL),('ea605886-1caa-11ec-a4a4-d8bbc10f2ae0','ea5f9ec1-1caa-11ec-a4a4-d8bbc10f2ae0','69fe1a68-a5ad-11eb-bac0-309c2364fdb6','apiv1/Crud',0,'2021-09-23 20:14:54',1,NULL,0,NULL,NULL),('ea6298e5-1caa-11ec-a4a4-d8bbc10f2ae0','ea61d8b8-1caa-11ec-a4a4-d8bbc10f2ae0','69fe2ff3-a5ad-11eb-bac0-309c2364fdb6','apiv1/Crud/{id}',0,'2021-09-23 20:14:54',1,NULL,0,NULL,NULL),('ea66b7cd-1caa-11ec-a4a4-d8bbc10f2ae0','ea65df18-1caa-11ec-a4a4-d8bbc10f2ae0','69fdd758-a5ad-11eb-bac0-309c2364fdb6','apiv1/Driver/media/banner/{id}',0,'2021-09-23 20:14:54',1,NULL,0,NULL,NULL),('ea682b74-1caa-11ec-a4a4-d8bbc10f2ae0','ea65df18-1caa-11ec-a4a4-d8bbc10f2ae0','69fdd758-a5ad-11eb-bac0-309c2364fdb6','apiv1/Driver/media/logo/{id}',0,'2021-09-23 20:14:54',1,NULL,0,NULL,NULL),('ea6a5ec4-1caa-11ec-a4a4-d8bbc10f2ae0','ea699e66-1caa-11ec-a4a4-d8bbc10f2ae0','69fe258c-a5ad-11eb-bac0-309c2364fdb6','apiv1/Driver/file/{id}',0,'2021-09-23 20:14:54',1,NULL,0,NULL,NULL),('ea6ca1c6-1caa-11ec-a4a4-d8bbc10f2ae0','ea6bec2a-1caa-11ec-a4a4-d8bbc10f2ae0','69fdd758-a5ad-11eb-bac0-309c2364fdb6','apiv1/Driver',0,'2021-09-23 20:14:54',1,NULL,0,NULL,NULL),('ea6e24a5-1caa-11ec-a4a4-d8bbc10f2ae0','ea6bec2a-1caa-11ec-a4a4-d8bbc10f2ae0','69fdd758-a5ad-11eb-bac0-309c2364fdb6','apiv1/Driver/{id}',0,'2021-09-23 20:14:54',1,NULL,0,NULL,NULL),('ea705e0e-1caa-11ec-a4a4-d8bbc10f2ae0','ea6f98c7-1caa-11ec-a4a4-d8bbc10f2ae0','69fdd758-a5ad-11eb-bac0-309c2364fdb6','apiv1/Driver/{id}/relation/{relationname}/{relatedid?}',0,'2021-09-23 20:14:54',1,NULL,0,NULL,NULL),('ea728f7e-1caa-11ec-a4a4-d8bbc10f2ae0','ea71db03-1caa-11ec-a4a4-d8bbc10f2ae0','69fe3977-a5ad-11eb-bac0-309c2364fdb6','apiv1/Driver/{id?}',0,'2021-09-23 20:14:54',1,NULL,0,NULL,NULL),('ea74ce61-1caa-11ec-a4a4-d8bbc10f2ae0','ea740889-1caa-11ec-a4a4-d8bbc10f2ae0','69fe1a68-a5ad-11eb-bac0-309c2364fdb6','apiv1/Driver/{id}/relation/{relationname}',0,'2021-09-23 20:14:54',1,NULL,0,NULL,NULL),('ea7651c7-1caa-11ec-a4a4-d8bbc10f2ae0','ea740889-1caa-11ec-a4a4-d8bbc10f2ae0','69fe3977-a5ad-11eb-bac0-309c2364fdb6','apiv1/Driver/{id}/relation/{relationname}',0,'2021-09-23 20:14:54',1,NULL,0,NULL,NULL),('ea78ec5a-1caa-11ec-a4a4-d8bbc10f2ae0','ea782eab-1caa-11ec-a4a4-d8bbc10f2ae0','69fe1a68-a5ad-11eb-bac0-309c2364fdb6','apiv1/Driver',0,'2021-09-23 20:14:54',1,NULL,0,NULL,NULL),('ea7b2149-1caa-11ec-a4a4-d8bbc10f2ae0','ea7a657a-1caa-11ec-a4a4-d8bbc10f2ae0','69fe2ff3-a5ad-11eb-bac0-309c2364fdb6','apiv1/Driver/{id}',0,'2021-09-23 20:14:54',1,NULL,0,NULL,NULL),('ea7ef0ec-1caa-11ec-a4a4-d8bbc10f2ae0','ea7e3220-1caa-11ec-a4a4-d8bbc10f2ae0','69fdd758-a5ad-11eb-bac0-309c2364fdb6','apiv1/DriverVersion',0,'2021-09-23 20:14:54',1,NULL,0,NULL,NULL),('ea80751f-1caa-11ec-a4a4-d8bbc10f2ae0','ea7e3220-1caa-11ec-a4a4-d8bbc10f2ae0','69fdd758-a5ad-11eb-bac0-309c2364fdb6','apiv1/DriverVersion/{id}',0,'2021-09-23 20:14:54',1,NULL,0,NULL,NULL),('ea829e09-1caa-11ec-a4a4-d8bbc10f2ae0','ea81e52c-1caa-11ec-a4a4-d8bbc10f2ae0','69fdd758-a5ad-11eb-bac0-309c2364fdb6','apiv1/DriverVersion/{id}/relation/{relationname}/{relatedid?}',0,'2021-09-23 20:14:54',1,NULL,0,NULL,NULL),('ea84fc25-1caa-11ec-a4a4-d8bbc10f2ae0','ea843aa4-1caa-11ec-a4a4-d8bbc10f2ae0','69fe3977-a5ad-11eb-bac0-309c2364fdb6','apiv1/DriverVersion/{id?}',0,'2021-09-23 20:14:54',1,NULL,0,NULL,NULL),('ea8742de-1caa-11ec-a4a4-d8bbc10f2ae0','ea867c7d-1caa-11ec-a4a4-d8bbc10f2ae0','69fe1a68-a5ad-11eb-bac0-309c2364fdb6','apiv1/DriverVersion/{id}/relation/{relationname}',0,'2021-09-23 20:14:54',1,NULL,0,NULL,NULL),('ea88cff5-1caa-11ec-a4a4-d8bbc10f2ae0','ea867c7d-1caa-11ec-a4a4-d8bbc10f2ae0','69fe3977-a5ad-11eb-bac0-309c2364fdb6','apiv1/DriverVersion/{id}/relation/{relationname}',0,'2021-09-23 20:14:54',1,NULL,0,NULL,NULL),('ea8b0e86-1caa-11ec-a4a4-d8bbc10f2ae0','ea8a530e-1caa-11ec-a4a4-d8bbc10f2ae0','69fe1a68-a5ad-11eb-bac0-309c2364fdb6','apiv1/DriverVersion',0,'2021-09-23 20:14:54',1,NULL,0,NULL,NULL),('ea8d4664-1caa-11ec-a4a4-d8bbc10f2ae0','ea8c8e34-1caa-11ec-a4a4-d8bbc10f2ae0','69fe2ff3-a5ad-11eb-bac0-309c2364fdb6','apiv1/DriverVersion/{id}',0,'2021-09-23 20:14:54',1,NULL,0,NULL,NULL),('ea915cfc-1caa-11ec-a4a4-d8bbc10f2ae0','ea90a090-1caa-11ec-a4a4-d8bbc10f2ae0','69fe1a68-a5ad-11eb-bac0-309c2364fdb6','apiv1/DriverVersionFile',0,'2021-09-23 20:14:54',1,NULL,0,NULL,NULL),('ea9379e4-1caa-11ec-a4a4-d8bbc10f2ae0','ea92c1cb-1caa-11ec-a4a4-d8bbc10f2ae0','69fe258c-a5ad-11eb-bac0-309c2364fdb6','apiv1/DriverVersionFile/file/{id}',0,'2021-09-23 20:14:54',1,NULL,0,NULL,NULL),('ea95ab1c-1caa-11ec-a4a4-d8bbc10f2ae0','ea94ea47-1caa-11ec-a4a4-d8bbc10f2ae0','69fdd758-a5ad-11eb-bac0-309c2364fdb6','apiv1/DriverVersionFile/file/{id}/{file?}',0,'2021-09-23 20:14:54',1,NULL,0,NULL,NULL),('ea9869f3-1caa-11ec-a4a4-d8bbc10f2ae0','ea9717c0-1caa-11ec-a4a4-d8bbc10f2ae0','69fdd758-a5ad-11eb-bac0-309c2364fdb6','apiv1/DriverVersionFile',0,'2021-09-23 20:14:54',1,NULL,0,NULL,NULL),('ea99df8c-1caa-11ec-a4a4-d8bbc10f2ae0','ea9717c0-1caa-11ec-a4a4-d8bbc10f2ae0','69fdd758-a5ad-11eb-bac0-309c2364fdb6','apiv1/DriverVersionFile/{id}',0,'2021-09-23 20:14:54',1,NULL,0,NULL,NULL),('ea9c292d-1caa-11ec-a4a4-d8bbc10f2ae0','ea9b5f0b-1caa-11ec-a4a4-d8bbc10f2ae0','69fdd758-a5ad-11eb-bac0-309c2364fdb6','apiv1/DriverVersionFile/{id}/relation/{relationname}/{relatedid?}',0,'2021-09-23 20:14:54',1,NULL,0,NULL,NULL),('ea9e6bf6-1caa-11ec-a4a4-d8bbc10f2ae0','ea9dac33-1caa-11ec-a4a4-d8bbc10f2ae0','69fe3977-a5ad-11eb-bac0-309c2364fdb6','apiv1/DriverVersionFile/{id?}',0,'2021-09-23 20:14:54',1,NULL,0,NULL,NULL),('eaa0acda-1caa-11ec-a4a4-d8bbc10f2ae0','ea9fdc33-1caa-11ec-a4a4-d8bbc10f2ae0','69fe1a68-a5ad-11eb-bac0-309c2364fdb6','apiv1/DriverVersionFile/{id}/relation/{relationname}',0,'2021-09-23 20:14:54',1,NULL,0,NULL,NULL),('eaa227fa-1caa-11ec-a4a4-d8bbc10f2ae0','ea9fdc33-1caa-11ec-a4a4-d8bbc10f2ae0','69fe3977-a5ad-11eb-bac0-309c2364fdb6','apiv1/DriverVersionFile/{id}/relation/{relationname}',0,'2021-09-23 20:14:54',1,NULL,0,NULL,NULL),('eaa4571e-1caa-11ec-a4a4-d8bbc10f2ae0','eaa39d57-1caa-11ec-a4a4-d8bbc10f2ae0','69fe2ff3-a5ad-11eb-bac0-309c2364fdb6','apiv1/DriverVersionFile/{id}',0,'2021-09-23 20:14:54',1,NULL,0,NULL,NULL),('eaa81bfb-1caa-11ec-a4a4-d8bbc10f2ae0','eaa752b2-1caa-11ec-a4a4-d8bbc10f2ae0','69fdd758-a5ad-11eb-bac0-309c2364fdb6','apiv1/HttpMethod',0,'2021-09-23 20:14:54',1,NULL,0,NULL,NULL),('eaa993eb-1caa-11ec-a4a4-d8bbc10f2ae0','eaa752b2-1caa-11ec-a4a4-d8bbc10f2ae0','69fdd758-a5ad-11eb-bac0-309c2364fdb6','apiv1/HttpMethod/{id}',0,'2021-09-23 20:14:54',1,NULL,0,NULL,NULL),('eaabbe2f-1caa-11ec-a4a4-d8bbc10f2ae0','eaab0eb4-1caa-11ec-a4a4-d8bbc10f2ae0','69fdd758-a5ad-11eb-bac0-309c2364fdb6','apiv1/HttpMethod/{id}/relation/{relationname}/{relatedid?}',0,'2021-09-23 20:14:54',1,NULL,0,NULL,NULL),('eaadc43b-1caa-11ec-a4a4-d8bbc10f2ae0','eaad19cb-1caa-11ec-a4a4-d8bbc10f2ae0','69fe3977-a5ad-11eb-bac0-309c2364fdb6','apiv1/HttpMethod/{id?}',0,'2021-09-23 20:14:54',1,NULL,0,NULL,NULL),('eaafe679-1caa-11ec-a4a4-d8bbc10f2ae0','eaaf3208-1caa-11ec-a4a4-d8bbc10f2ae0','69fe1a68-a5ad-11eb-bac0-309c2364fdb6','apiv1/HttpMethod/{id}/relation/{relationname}',0,'2021-09-23 20:14:54',1,NULL,0,NULL,NULL),('eab16bea-1caa-11ec-a4a4-d8bbc10f2ae0','eaaf3208-1caa-11ec-a4a4-d8bbc10f2ae0','69fe3977-a5ad-11eb-bac0-309c2364fdb6','apiv1/HttpMethod/{id}/relation/{relationname}',0,'2021-09-23 20:14:54',1,NULL,0,NULL,NULL),('eab3a337-1caa-11ec-a4a4-d8bbc10f2ae0','eab2d337-1caa-11ec-a4a4-d8bbc10f2ae0','69fe1a68-a5ad-11eb-bac0-309c2364fdb6','apiv1/HttpMethod',0,'2021-09-23 20:14:54',1,NULL,0,NULL,NULL),('eab5d679-1caa-11ec-a4a4-d8bbc10f2ae0','eab51c3c-1caa-11ec-a4a4-d8bbc10f2ae0','69fe2ff3-a5ad-11eb-bac0-309c2364fdb6','apiv1/HttpMethod/{id}',0,'2021-09-23 20:14:54',1,NULL,0,NULL,NULL),('eab99be7-1caa-11ec-a4a4-d8bbc10f2ae0','eab8d6ec-1caa-11ec-a4a4-d8bbc10f2ae0','69fdd758-a5ad-11eb-bac0-309c2364fdb6','apiv1/MessageAttachment',0,'2021-09-23 20:14:54',1,NULL,0,NULL,NULL),('eabb2e46-1caa-11ec-a4a4-d8bbc10f2ae0','eab8d6ec-1caa-11ec-a4a4-d8bbc10f2ae0','69fdd758-a5ad-11eb-bac0-309c2364fdb6','apiv1/MessageAttachment/{id}',0,'2021-09-23 20:14:54',1,NULL,0,NULL,NULL),('eabd6df8-1caa-11ec-a4a4-d8bbc10f2ae0','eabcaee2-1caa-11ec-a4a4-d8bbc10f2ae0','69fdd758-a5ad-11eb-bac0-309c2364fdb6','apiv1/MessageAttachment/{id}/relation/{relationname}/{relatedid?}',0,'2021-09-23 20:14:54',1,NULL,0,NULL,NULL),('eabfa5e8-1caa-11ec-a4a4-d8bbc10f2ae0','eabee976-1caa-11ec-a4a4-d8bbc10f2ae0','69fe3977-a5ad-11eb-bac0-309c2364fdb6','apiv1/MessageAttachment/{id?}',0,'2021-09-23 20:14:55',1,NULL,0,NULL,NULL),('eac1d793-1caa-11ec-a4a4-d8bbc10f2ae0','eac12124-1caa-11ec-a4a4-d8bbc10f2ae0','69fe1a68-a5ad-11eb-bac0-309c2364fdb6','apiv1/MessageAttachment/{id}/relation/{relationname}',0,'2021-09-23 20:14:55',1,NULL,0,NULL,NULL),('eac388e4-1caa-11ec-a4a4-d8bbc10f2ae0','eac12124-1caa-11ec-a4a4-d8bbc10f2ae0','69fe3977-a5ad-11eb-bac0-309c2364fdb6','apiv1/MessageAttachment/{id}/relation/{relationname}',0,'2021-09-23 20:14:55',1,NULL,0,NULL,NULL),('eac5aad2-1caa-11ec-a4a4-d8bbc10f2ae0','eac4ee0a-1caa-11ec-a4a4-d8bbc10f2ae0','69fe1a68-a5ad-11eb-bac0-309c2364fdb6','apiv1/MessageAttachment',0,'2021-09-23 20:14:55',1,NULL,0,NULL,NULL),('eac7d39a-1caa-11ec-a4a4-d8bbc10f2ae0','eac71bff-1caa-11ec-a4a4-d8bbc10f2ae0','69fe2ff3-a5ad-11eb-bac0-309c2364fdb6','apiv1/MessageAttachment/{id}',0,'2021-09-23 20:14:55',1,NULL,0,NULL,NULL),('eacbb08f-1caa-11ec-a4a4-d8bbc10f2ae0','eacaf5c8-1caa-11ec-a4a4-d8bbc10f2ae0','69fe1a68-a5ad-11eb-bac0-309c2364fdb6','apiv1/Message',0,'2021-09-23 20:14:55',1,NULL,0,NULL,NULL),('eacde512-1caa-11ec-a4a4-d8bbc10f2ae0','eacd30a7-1caa-11ec-a4a4-d8bbc10f2ae0','69fdd758-a5ad-11eb-bac0-309c2364fdb6','apiv1/Message',0,'2021-09-23 20:14:55',1,NULL,0,NULL,NULL),('eacf54f1-1caa-11ec-a4a4-d8bbc10f2ae0','eacd30a7-1caa-11ec-a4a4-d8bbc10f2ae0','69fdd758-a5ad-11eb-bac0-309c2364fdb6','apiv1/Message/{id}',0,'2021-09-23 20:14:55',1,NULL,0,NULL,NULL),('ead53c4d-1caa-11ec-a4a4-d8bbc10f2ae0','ead0c24f-1caa-11ec-a4a4-d8bbc10f2ae0','69fdd758-a5ad-11eb-bac0-309c2364fdb6','apiv1/Message/{id}/relation/{relationname}/{relatedid?}',0,'2021-09-23 20:14:55',1,NULL,0,NULL,NULL),('ead774a0-1caa-11ec-a4a4-d8bbc10f2ae0','ead6bd1a-1caa-11ec-a4a4-d8bbc10f2ae0','69fe3977-a5ad-11eb-bac0-309c2364fdb6','apiv1/Message/{id?}',0,'2021-09-23 20:14:55',1,NULL,0,NULL,NULL),('ead99967-1caa-11ec-a4a4-d8bbc10f2ae0','ead8dfb9-1caa-11ec-a4a4-d8bbc10f2ae0','69fe1a68-a5ad-11eb-bac0-309c2364fdb6','apiv1/Message/{id}/relation/{relationname}',0,'2021-09-23 20:14:55',1,NULL,0,NULL,NULL),('eadb1566-1caa-11ec-a4a4-d8bbc10f2ae0','ead8dfb9-1caa-11ec-a4a4-d8bbc10f2ae0','69fe3977-a5ad-11eb-bac0-309c2364fdb6','apiv1/Message/{id}/relation/{relationname}',0,'2021-09-23 20:14:55',1,NULL,0,NULL,NULL),('eadd5bf4-1caa-11ec-a4a4-d8bbc10f2ae0','eadca1e9-1caa-11ec-a4a4-d8bbc10f2ae0','69fe2ff3-a5ad-11eb-bac0-309c2364fdb6','apiv1/Message/{id}',0,'2021-09-23 20:14:55',1,NULL,0,NULL,NULL),('eae125fa-1caa-11ec-a4a4-d8bbc10f2ae0','eae067f0-1caa-11ec-a4a4-d8bbc10f2ae0','69fdd758-a5ad-11eb-bac0-309c2364fdb6','apiv1/MessageConversation',0,'2021-09-23 20:14:55',1,NULL,0,NULL,NULL),('eae2b1f4-1caa-11ec-a4a4-d8bbc10f2ae0','eae067f0-1caa-11ec-a4a4-d8bbc10f2ae0','69fdd758-a5ad-11eb-bac0-309c2364fdb6','apiv1/MessageConversation/{id}',0,'2021-09-23 20:14:55',1,NULL,0,NULL,NULL),('eae8a729-1caa-11ec-a4a4-d8bbc10f2ae0','eae79891-1caa-11ec-a4a4-d8bbc10f2ae0','69fdd758-a5ad-11eb-bac0-309c2364fdb6','apiv1/MessageConversation/{id}/relation/{relationname}/{relatedid?}',0,'2021-09-23 20:14:55',1,NULL,0,NULL,NULL),('eaead315-1caa-11ec-a4a4-d8bbc10f2ae0','eaea23ea-1caa-11ec-a4a4-d8bbc10f2ae0','69fe3977-a5ad-11eb-bac0-309c2364fdb6','apiv1/MessageConversation/{id?}',0,'2021-09-23 20:14:55',1,NULL,0,NULL,NULL),('eaed055f-1caa-11ec-a4a4-d8bbc10f2ae0','eaec4442-1caa-11ec-a4a4-d8bbc10f2ae0','69fe1a68-a5ad-11eb-bac0-309c2364fdb6','apiv1/MessageConversation/{id}/relation/{relationname}',0,'2021-09-23 20:14:55',1,NULL,0,NULL,NULL),('eaee9a47-1caa-11ec-a4a4-d8bbc10f2ae0','eaec4442-1caa-11ec-a4a4-d8bbc10f2ae0','69fe3977-a5ad-11eb-bac0-309c2364fdb6','apiv1/MessageConversation/{id}/relation/{relationname}',0,'2021-09-23 20:14:55',1,NULL,0,NULL,NULL),('eaf0ca57-1caa-11ec-a4a4-d8bbc10f2ae0','eaf00bda-1caa-11ec-a4a4-d8bbc10f2ae0','69fe1a68-a5ad-11eb-bac0-309c2364fdb6','apiv1/MessageConversation',0,'2021-09-23 20:14:55',1,NULL,0,NULL,NULL),('eaf30e60-1caa-11ec-a4a4-d8bbc10f2ae0','eaf254e3-1caa-11ec-a4a4-d8bbc10f2ae0','69fe2ff3-a5ad-11eb-bac0-309c2364fdb6','apiv1/MessageConversation/{id}',0,'2021-09-23 20:14:55',1,NULL,0,NULL,NULL),('eaf79d9d-1caa-11ec-a4a4-d8bbc10f2ae0','eaf6e3cd-1caa-11ec-a4a4-d8bbc10f2ae0','69fdd758-a5ad-11eb-bac0-309c2364fdb6','apiv1/MessageConversationStateType',0,'2021-09-23 20:14:55',1,NULL,0,NULL,NULL),('eaf90b15-1caa-11ec-a4a4-d8bbc10f2ae0','eaf6e3cd-1caa-11ec-a4a4-d8bbc10f2ae0','69fdd758-a5ad-11eb-bac0-309c2364fdb6','apiv1/MessageConversationStateType/{id}',0,'2021-09-23 20:14:55',1,NULL,0,NULL,NULL),('eafb3285-1caa-11ec-a4a4-d8bbc10f2ae0','eafa74e9-1caa-11ec-a4a4-d8bbc10f2ae0','69fdd758-a5ad-11eb-bac0-309c2364fdb6','apiv1/MessageConversationStateType/{id}/relation/{relationname}/{relatedid?}',0,'2021-09-23 20:14:55',1,NULL,0,NULL,NULL),('eafd7da9-1caa-11ec-a4a4-d8bbc10f2ae0','eafcbd90-1caa-11ec-a4a4-d8bbc10f2ae0','69fe3977-a5ad-11eb-bac0-309c2364fdb6','apiv1/MessageConversationStateType/{id?}',0,'2021-09-23 20:14:55',1,NULL,0,NULL,NULL),('eaffa11b-1caa-11ec-a4a4-d8bbc10f2ae0','eafee9f6-1caa-11ec-a4a4-d8bbc10f2ae0','69fe1a68-a5ad-11eb-bac0-309c2364fdb6','apiv1/MessageConversationStateType/{id}/relation/{relationname}',0,'2021-09-23 20:14:55',1,NULL,0,NULL,NULL),('eb011527-1caa-11ec-a4a4-d8bbc10f2ae0','eafee9f6-1caa-11ec-a4a4-d8bbc10f2ae0','69fe3977-a5ad-11eb-bac0-309c2364fdb6','apiv1/MessageConversationStateType/{id}/relation/{relationname}',0,'2021-09-23 20:14:55',1,NULL,0,NULL,NULL),('eb03359e-1caa-11ec-a4a4-d8bbc10f2ae0','eb027c98-1caa-11ec-a4a4-d8bbc10f2ae0','69fe1a68-a5ad-11eb-bac0-309c2364fdb6','apiv1/MessageConversationStateType',0,'2021-09-23 20:14:55',1,NULL,0,NULL,NULL),('eb05676d-1caa-11ec-a4a4-d8bbc10f2ae0','eb04b0e6-1caa-11ec-a4a4-d8bbc10f2ae0','69fe2ff3-a5ad-11eb-bac0-309c2364fdb6','apiv1/MessageConversationStateType/{id}',0,'2021-09-23 20:14:55',1,NULL,0,NULL,NULL),('eb0943ab-1caa-11ec-a4a4-d8bbc10f2ae0','eb0880f2-1caa-11ec-a4a4-d8bbc10f2ae0','69fdd758-a5ad-11eb-bac0-309c2364fdb6','apiv1/MessageQueue',0,'2021-09-23 20:14:55',1,NULL,0,NULL,NULL),('eb0ac0e5-1caa-11ec-a4a4-d8bbc10f2ae0','eb0880f2-1caa-11ec-a4a4-d8bbc10f2ae0','69fdd758-a5ad-11eb-bac0-309c2364fdb6','apiv1/MessageQueue/{id}',0,'2021-09-23 20:14:55',1,NULL,0,NULL,NULL),('eb0ce26b-1caa-11ec-a4a4-d8bbc10f2ae0','eb0c2706-1caa-11ec-a4a4-d8bbc10f2ae0','69fdd758-a5ad-11eb-bac0-309c2364fdb6','apiv1/MessageQueue/{id}/relation/{relationname}/{relatedid?}',0,'2021-09-23 20:14:55',1,NULL,0,NULL,NULL),('eb0f0a5f-1caa-11ec-a4a4-d8bbc10f2ae0','eb0e55d6-1caa-11ec-a4a4-d8bbc10f2ae0','69fe3977-a5ad-11eb-bac0-309c2364fdb6','apiv1/MessageQueue/{id?}',0,'2021-09-23 20:14:55',1,NULL,0,NULL,NULL),('eb113526-1caa-11ec-a4a4-d8bbc10f2ae0','eb10761a-1caa-11ec-a4a4-d8bbc10f2ae0','69fe1a68-a5ad-11eb-bac0-309c2364fdb6','apiv1/MessageQueue/{id}/relation/{relationname}',0,'2021-09-23 20:14:55',1,NULL,0,NULL,NULL),('eb12b014-1caa-11ec-a4a4-d8bbc10f2ae0','eb10761a-1caa-11ec-a4a4-d8bbc10f2ae0','69fe3977-a5ad-11eb-bac0-309c2364fdb6','apiv1/MessageQueue/{id}/relation/{relationname}',0,'2021-09-23 20:14:55',1,NULL,0,NULL,NULL),('eb14fd60-1caa-11ec-a4a4-d8bbc10f2ae0','eb143c4a-1caa-11ec-a4a4-d8bbc10f2ae0','69fe1a68-a5ad-11eb-bac0-309c2364fdb6','apiv1/MessageQueue',0,'2021-09-23 20:14:55',1,NULL,0,NULL,NULL),('eb1737c9-1caa-11ec-a4a4-d8bbc10f2ae0','eb167e2b-1caa-11ec-a4a4-d8bbc10f2ae0','69fe2ff3-a5ad-11eb-bac0-309c2364fdb6','apiv1/MessageQueue/{id}',0,'2021-09-23 20:14:55',1,NULL,0,NULL,NULL),('eb1ae4c1-1caa-11ec-a4a4-d8bbc10f2ae0','eb1a2a01-1caa-11ec-a4a4-d8bbc10f2ae0','69fdd758-a5ad-11eb-bac0-309c2364fdb6','apiv1/MessageSendingType',0,'2021-09-23 20:14:55',1,NULL,0,NULL,NULL),('eb1c5752-1caa-11ec-a4a4-d8bbc10f2ae0','eb1a2a01-1caa-11ec-a4a4-d8bbc10f2ae0','69fdd758-a5ad-11eb-bac0-309c2364fdb6','apiv1/MessageSendingType/{id}',0,'2021-09-23 20:14:55',1,NULL,0,NULL,NULL),('eb22a37b-1caa-11ec-a4a4-d8bbc10f2ae0','eb1dc39f-1caa-11ec-a4a4-d8bbc10f2ae0','69fdd758-a5ad-11eb-bac0-309c2364fdb6','apiv1/MessageSendingType/{id}/relation/{relationname}/{relatedid?}',0,'2021-09-23 20:14:55',1,NULL,0,NULL,NULL),('eb24c810-1caa-11ec-a4a4-d8bbc10f2ae0','eb2409a3-1caa-11ec-a4a4-d8bbc10f2ae0','69fe3977-a5ad-11eb-bac0-309c2364fdb6','apiv1/MessageSendingType/{id?}',0,'2021-09-23 20:14:55',1,NULL,0,NULL,NULL),('eb26d6b4-1caa-11ec-a4a4-d8bbc10f2ae0','eb26219f-1caa-11ec-a4a4-d8bbc10f2ae0','69fe1a68-a5ad-11eb-bac0-309c2364fdb6','apiv1/MessageSendingType/{id}/relation/{relationname}',0,'2021-09-23 20:14:55',1,NULL,0,NULL,NULL),('eb2833ee-1caa-11ec-a4a4-d8bbc10f2ae0','eb26219f-1caa-11ec-a4a4-d8bbc10f2ae0','69fe3977-a5ad-11eb-bac0-309c2364fdb6','apiv1/MessageSendingType/{id}/relation/{relationname}',0,'2021-09-23 20:14:55',1,NULL,0,NULL,NULL),('eb2a3a9e-1caa-11ec-a4a4-d8bbc10f2ae0','eb2986b2-1caa-11ec-a4a4-d8bbc10f2ae0','69fe1a68-a5ad-11eb-bac0-309c2364fdb6','apiv1/MessageSendingType',0,'2021-09-23 20:14:55',1,NULL,0,NULL,NULL),('eb2c8930-1caa-11ec-a4a4-d8bbc10f2ae0','eb2bd6a0-1caa-11ec-a4a4-d8bbc10f2ae0','69fe2ff3-a5ad-11eb-bac0-309c2364fdb6','apiv1/MessageSendingType/{id}',0,'2021-09-23 20:14:55',1,NULL,0,NULL,NULL),('eb30354f-1caa-11ec-a4a4-d8bbc10f2ae0','eb2f6cdb-1caa-11ec-a4a4-d8bbc10f2ae0','69fdd758-a5ad-11eb-bac0-309c2364fdb6','apiv1/OperatingSystem',0,'2021-09-23 20:14:55',1,NULL,0,NULL,NULL),('eb31a5a3-1caa-11ec-a4a4-d8bbc10f2ae0','eb2f6cdb-1caa-11ec-a4a4-d8bbc10f2ae0','69fdd758-a5ad-11eb-bac0-309c2364fdb6','apiv1/OperatingSystem/{id}',0,'2021-09-23 20:14:55',1,NULL,0,NULL,NULL),('eb33b815-1caa-11ec-a4a4-d8bbc10f2ae0','eb32f7cf-1caa-11ec-a4a4-d8bbc10f2ae0','69fdd758-a5ad-11eb-bac0-309c2364fdb6','apiv1/OperatingSystem/{id}/relation/{relationname}/{relatedid?}',0,'2021-09-23 20:14:55',1,NULL,0,NULL,NULL),('eb35bb51-1caa-11ec-a4a4-d8bbc10f2ae0','eb350df7-1caa-11ec-a4a4-d8bbc10f2ae0','69fe3977-a5ad-11eb-bac0-309c2364fdb6','apiv1/OperatingSystem/{id?}',0,'2021-09-23 20:14:55',1,NULL,0,NULL,NULL),('eb37bfe3-1caa-11ec-a4a4-d8bbc10f2ae0','eb370d6d-1caa-11ec-a4a4-d8bbc10f2ae0','69fe1a68-a5ad-11eb-bac0-309c2364fdb6','apiv1/OperatingSystem/{id}/relation/{relationname}',0,'2021-09-23 20:14:55',1,NULL,0,NULL,NULL),('eb391d00-1caa-11ec-a4a4-d8bbc10f2ae0','eb370d6d-1caa-11ec-a4a4-d8bbc10f2ae0','69fe3977-a5ad-11eb-bac0-309c2364fdb6','apiv1/OperatingSystem/{id}/relation/{relationname}',0,'2021-09-23 20:14:55',1,NULL,0,NULL,NULL),('eb3b30e3-1caa-11ec-a4a4-d8bbc10f2ae0','eb3a7e88-1caa-11ec-a4a4-d8bbc10f2ae0','69fe1a68-a5ad-11eb-bac0-309c2364fdb6','apiv1/OperatingSystem',0,'2021-09-23 20:14:55',1,NULL,0,NULL,NULL),('eb3d3821-1caa-11ec-a4a4-d8bbc10f2ae0','eb3c85ca-1caa-11ec-a4a4-d8bbc10f2ae0','69fe2ff3-a5ad-11eb-bac0-309c2364fdb6','apiv1/OperatingSystem/{id}',0,'2021-09-23 20:14:55',1,NULL,0,NULL,NULL),('eb40b8a8-1caa-11ec-a4a4-d8bbc10f2ae0','eb400a82-1caa-11ec-a4a4-d8bbc10f2ae0','69fdd758-a5ad-11eb-bac0-309c2364fdb6','apiv1/Role',0,'2021-09-23 20:14:55',1,NULL,0,NULL,NULL),('eb421afd-1caa-11ec-a4a4-d8bbc10f2ae0','eb400a82-1caa-11ec-a4a4-d8bbc10f2ae0','69fdd758-a5ad-11eb-bac0-309c2364fdb6','apiv1/Role/{id}',0,'2021-09-23 20:14:55',1,NULL,0,NULL,NULL),('eb44228f-1caa-11ec-a4a4-d8bbc10f2ae0','eb4380f0-1caa-11ec-a4a4-d8bbc10f2ae0','69fdd758-a5ad-11eb-bac0-309c2364fdb6','apiv1/Role/{id}/relation/{relationname}/{relatedid?}',0,'2021-09-23 20:14:55',1,NULL,0,NULL,NULL),('eb462882-1caa-11ec-a4a4-d8bbc10f2ae0','eb457049-1caa-11ec-a4a4-d8bbc10f2ae0','69fe3977-a5ad-11eb-bac0-309c2364fdb6','apiv1/Role/{id?}',0,'2021-09-23 20:14:55',1,NULL,0,NULL,NULL),('eb482910-1caa-11ec-a4a4-d8bbc10f2ae0','eb477a81-1caa-11ec-a4a4-d8bbc10f2ae0','69fe1a68-a5ad-11eb-bac0-309c2364fdb6','apiv1/Role/{id}/relation/{relationname}',0,'2021-09-23 20:14:55',1,NULL,0,NULL,NULL),('eb498871-1caa-11ec-a4a4-d8bbc10f2ae0','eb477a81-1caa-11ec-a4a4-d8bbc10f2ae0','69fe3977-a5ad-11eb-bac0-309c2364fdb6','apiv1/Role/{id}/relation/{relationname}',0,'2021-09-23 20:14:55',1,NULL,0,NULL,NULL),('eb4b8011-1caa-11ec-a4a4-d8bbc10f2ae0','eb4ad903-1caa-11ec-a4a4-d8bbc10f2ae0','69fe1a68-a5ad-11eb-bac0-309c2364fdb6','apiv1/Role',0,'2021-09-23 20:14:55',1,NULL,0,NULL,NULL),('eb4d7820-1caa-11ec-a4a4-d8bbc10f2ae0','eb4cd195-1caa-11ec-a4a4-d8bbc10f2ae0','69fe2ff3-a5ad-11eb-bac0-309c2364fdb6','apiv1/Role/{id}',0,'2021-09-23 20:14:55',1,NULL,0,NULL,NULL),('eb50f12a-1caa-11ec-a4a4-d8bbc10f2ae0','eb5043e9-1caa-11ec-a4a4-d8bbc10f2ae0','69fdd758-a5ad-11eb-bac0-309c2364fdb6','apiv1/SchemaDataCommand',0,'2021-09-23 20:14:55',1,NULL,0,NULL,NULL),('eb52665b-1caa-11ec-a4a4-d8bbc10f2ae0','eb5043e9-1caa-11ec-a4a4-d8bbc10f2ae0','69fdd758-a5ad-11eb-bac0-309c2364fdb6','apiv1/SchemaDataCommand/{id}',0,'2021-09-23 20:14:55',1,NULL,0,NULL,NULL),('eb5474ff-1caa-11ec-a4a4-d8bbc10f2ae0','eb53b8fd-1caa-11ec-a4a4-d8bbc10f2ae0','69fdd758-a5ad-11eb-bac0-309c2364fdb6','apiv1/SchemaDataCommand/{id}/relation/{relationname}/{relatedid?}',0,'2021-09-23 20:14:55',1,NULL,0,NULL,NULL),('eb568f78-1caa-11ec-a4a4-d8bbc10f2ae0','eb55de66-1caa-11ec-a4a4-d8bbc10f2ae0','69fe3977-a5ad-11eb-bac0-309c2364fdb6','apiv1/SchemaDataCommand/{id?}',0,'2021-09-23 20:14:55',1,NULL,0,NULL,NULL),('eb588c97-1caa-11ec-a4a4-d8bbc10f2ae0','eb57da97-1caa-11ec-a4a4-d8bbc10f2ae0','69fe1a68-a5ad-11eb-bac0-309c2364fdb6','apiv1/SchemaDataCommand/{id}/relation/{relationname}',0,'2021-09-23 20:14:56',1,NULL,0,NULL,NULL),('eb5a17e3-1caa-11ec-a4a4-d8bbc10f2ae0','eb57da97-1caa-11ec-a4a4-d8bbc10f2ae0','69fe3977-a5ad-11eb-bac0-309c2364fdb6','apiv1/SchemaDataCommand/{id}/relation/{relationname}',0,'2021-09-23 20:14:56',1,NULL,0,NULL,NULL),('eb5c3153-1caa-11ec-a4a4-d8bbc10f2ae0','eb5b7fcf-1caa-11ec-a4a4-d8bbc10f2ae0','69fe1a68-a5ad-11eb-bac0-309c2364fdb6','apiv1/SchemaDataCommand',0,'2021-09-23 20:14:56',1,NULL,0,NULL,NULL),('eb5e382e-1caa-11ec-a4a4-d8bbc10f2ae0','eb5d8a2b-1caa-11ec-a4a4-d8bbc10f2ae0','69fe2ff3-a5ad-11eb-bac0-309c2364fdb6','apiv1/SchemaDataCommand/{id}',0,'2021-09-23 20:14:56',1,NULL,0,NULL,NULL),('eb61b97a-1caa-11ec-a4a4-d8bbc10f2ae0','eb60ffbe-1caa-11ec-a4a4-d8bbc10f2ae0','69fdd758-a5ad-11eb-bac0-309c2364fdb6','apiv1/Software',0,'2021-09-23 20:14:56',1,NULL,0,NULL,NULL),('eb631976-1caa-11ec-a4a4-d8bbc10f2ae0','eb60ffbe-1caa-11ec-a4a4-d8bbc10f2ae0','69fdd758-a5ad-11eb-bac0-309c2364fdb6','apiv1/Software/{id}',0,'2021-09-23 20:14:56',1,NULL,0,NULL,NULL),('eb652295-1caa-11ec-a4a4-d8bbc10f2ae0','eb646f58-1caa-11ec-a4a4-d8bbc10f2ae0','69fdd758-a5ad-11eb-bac0-309c2364fdb6','apiv1/Software/{id}/relation/{relationname}/{relatedid?}',0,'2021-09-23 20:14:56',1,NULL,0,NULL,NULL),('eb67325a-1caa-11ec-a4a4-d8bbc10f2ae0','eb668385-1caa-11ec-a4a4-d8bbc10f2ae0','69fe3977-a5ad-11eb-bac0-309c2364fdb6','apiv1/Software/{id?}',0,'2021-09-23 20:14:56',1,NULL,0,NULL,NULL),('eb69662b-1caa-11ec-a4a4-d8bbc10f2ae0','eb68b208-1caa-11ec-a4a4-d8bbc10f2ae0','69fe1a68-a5ad-11eb-bac0-309c2364fdb6','apiv1/Software/{id}/relation/{relationname}',0,'2021-09-23 20:14:56',1,NULL,0,NULL,NULL),('eb6ad1b5-1caa-11ec-a4a4-d8bbc10f2ae0','eb68b208-1caa-11ec-a4a4-d8bbc10f2ae0','69fe3977-a5ad-11eb-bac0-309c2364fdb6','apiv1/Software/{id}/relation/{relationname}',0,'2021-09-23 20:14:56',1,NULL,0,NULL,NULL),('eb6cd3c6-1caa-11ec-a4a4-d8bbc10f2ae0','eb6c2360-1caa-11ec-a4a4-d8bbc10f2ae0','69fe1a68-a5ad-11eb-bac0-309c2364fdb6','apiv1/Software',0,'2021-09-23 20:14:56',1,NULL,0,NULL,NULL),('eb6ed743-1caa-11ec-a4a4-d8bbc10f2ae0','eb6e207b-1caa-11ec-a4a4-d8bbc10f2ae0','69fe2ff3-a5ad-11eb-bac0-309c2364fdb6','apiv1/Software/{id}',0,'2021-09-23 20:14:56',1,NULL,0,NULL,NULL),('eb729a5e-1caa-11ec-a4a4-d8bbc10f2ae0','eb71eed8-1caa-11ec-a4a4-d8bbc10f2ae0','69fe258c-a5ad-11eb-bac0-309c2364fdb6','apiv1/SoftwareVersion/file/{id}',0,'2021-09-23 20:14:56',1,NULL,0,NULL,NULL),('eb74917e-1caa-11ec-a4a4-d8bbc10f2ae0','eb73ea05-1caa-11ec-a4a4-d8bbc10f2ae0','69fdd758-a5ad-11eb-bac0-309c2364fdb6','apiv1/SoftwareVersion/file/{id}/{file?}',0,'2021-09-23 20:14:56',1,NULL,0,NULL,NULL),('eb769b56-1caa-11ec-a4a4-d8bbc10f2ae0','eb75ecad-1caa-11ec-a4a4-d8bbc10f2ae0','69fdd758-a5ad-11eb-bac0-309c2364fdb6','apiv1/SoftwareVersion',0,'2021-09-23 20:14:56',1,NULL,0,NULL,NULL),('eb77fcef-1caa-11ec-a4a4-d8bbc10f2ae0','eb75ecad-1caa-11ec-a4a4-d8bbc10f2ae0','69fdd758-a5ad-11eb-bac0-309c2364fdb6','apiv1/SoftwareVersion/{id}',0,'2021-09-23 20:14:56',1,NULL,0,NULL,NULL),('eb79fb2b-1caa-11ec-a4a4-d8bbc10f2ae0','eb7949d4-1caa-11ec-a4a4-d8bbc10f2ae0','69fdd758-a5ad-11eb-bac0-309c2364fdb6','apiv1/SoftwareVersion/{id}/relation/{relationname}/{relatedid?}',0,'2021-09-23 20:14:56',1,NULL,0,NULL,NULL),('eb7c7c9e-1caa-11ec-a4a4-d8bbc10f2ae0','eb7b3ecb-1caa-11ec-a4a4-d8bbc10f2ae0','69fe3977-a5ad-11eb-bac0-309c2364fdb6','apiv1/SoftwareVersion/{id?}',0,'2021-09-23 20:14:56',1,NULL,0,NULL,NULL),('eb7fd377-1caa-11ec-a4a4-d8bbc10f2ae0','eb7eb03f-1caa-11ec-a4a4-d8bbc10f2ae0','69fe1a68-a5ad-11eb-bac0-309c2364fdb6','apiv1/SoftwareVersion/{id}/relation/{relationname}',0,'2021-09-23 20:14:56',1,NULL,0,NULL,NULL),('eb813394-1caa-11ec-a4a4-d8bbc10f2ae0','eb7eb03f-1caa-11ec-a4a4-d8bbc10f2ae0','69fe3977-a5ad-11eb-bac0-309c2364fdb6','apiv1/SoftwareVersion/{id}/relation/{relationname}',0,'2021-09-23 20:14:56',1,NULL,0,NULL,NULL),('eb833de1-1caa-11ec-a4a4-d8bbc10f2ae0','eb8288bf-1caa-11ec-a4a4-d8bbc10f2ae0','69fe1a68-a5ad-11eb-bac0-309c2364fdb6','apiv1/SoftwareVersion',0,'2021-09-23 20:14:56',1,NULL,0,NULL,NULL),('eb8571f7-1caa-11ec-a4a4-d8bbc10f2ae0','eb84a932-1caa-11ec-a4a4-d8bbc10f2ae0','69fe2ff3-a5ad-11eb-bac0-309c2364fdb6','apiv1/SoftwareVersion/{id}',0,'2021-09-23 20:14:56',1,NULL,0,NULL,NULL),('eb89053f-1caa-11ec-a4a4-d8bbc10f2ae0','eb88472d-1caa-11ec-a4a4-d8bbc10f2ae0','69fdd758-a5ad-11eb-bac0-309c2364fdb6','apiv1/SystemMessageUser',0,'2021-09-23 20:14:56',1,NULL,0,NULL,NULL),('eb8a70e5-1caa-11ec-a4a4-d8bbc10f2ae0','eb88472d-1caa-11ec-a4a4-d8bbc10f2ae0','69fdd758-a5ad-11eb-bac0-309c2364fdb6','apiv1/SystemMessageUser/{id}',0,'2021-09-23 20:14:56',1,NULL,0,NULL,NULL),('eb8c9cfd-1caa-11ec-a4a4-d8bbc10f2ae0','eb8bd492-1caa-11ec-a4a4-d8bbc10f2ae0','69fdd758-a5ad-11eb-bac0-309c2364fdb6','apiv1/SystemMessageUser/{id}/relation/{relationname}/{relatedid?}',0,'2021-09-23 20:14:56',1,NULL,0,NULL,NULL),('eb8ec069-1caa-11ec-a4a4-d8bbc10f2ae0','eb8e0805-1caa-11ec-a4a4-d8bbc10f2ae0','69fe3977-a5ad-11eb-bac0-309c2364fdb6','apiv1/SystemMessageUser/{id?}',0,'2021-09-23 20:14:56',1,NULL,0,NULL,NULL),('eb90ca58-1caa-11ec-a4a4-d8bbc10f2ae0','eb90130d-1caa-11ec-a4a4-d8bbc10f2ae0','69fe1a68-a5ad-11eb-bac0-309c2364fdb6','apiv1/SystemMessageUser/{id}/relation/{relationname}',0,'2021-09-23 20:14:56',1,NULL,0,NULL,NULL),('eb922e4c-1caa-11ec-a4a4-d8bbc10f2ae0','eb90130d-1caa-11ec-a4a4-d8bbc10f2ae0','69fe3977-a5ad-11eb-bac0-309c2364fdb6','apiv1/SystemMessageUser/{id}/relation/{relationname}',0,'2021-09-23 20:14:56',1,NULL,0,NULL,NULL),('eb94301d-1caa-11ec-a4a4-d8bbc10f2ae0','eb938512-1caa-11ec-a4a4-d8bbc10f2ae0','69fe1a68-a5ad-11eb-bac0-309c2364fdb6','apiv1/SystemMessageUser',0,'2021-09-23 20:14:56',1,NULL,0,NULL,NULL),('eb963f4a-1caa-11ec-a4a4-d8bbc10f2ae0','eb95951a-1caa-11ec-a4a4-d8bbc10f2ae0','69fe2ff3-a5ad-11eb-bac0-309c2364fdb6','apiv1/SystemMessageUser/{id}',0,'2021-09-23 20:14:56',1,NULL,0,NULL,NULL),('eb99c997-1caa-11ec-a4a4-d8bbc10f2ae0','eb991789-1caa-11ec-a4a4-d8bbc10f2ae0','69fdd758-a5ad-11eb-bac0-309c2364fdb6','apiv1/User',0,'2021-09-23 20:14:56',1,NULL,0,NULL,NULL),('eb9b203e-1caa-11ec-a4a4-d8bbc10f2ae0','eb991789-1caa-11ec-a4a4-d8bbc10f2ae0','69fdd758-a5ad-11eb-bac0-309c2364fdb6','apiv1/User/{id}',0,'2021-09-23 20:14:56',1,NULL,0,NULL,NULL),('eb9d457a-1caa-11ec-a4a4-d8bbc10f2ae0','eb9c8b7e-1caa-11ec-a4a4-d8bbc10f2ae0','69fdd758-a5ad-11eb-bac0-309c2364fdb6','apiv1/User/profile/picture/{id}',0,'2021-09-23 20:14:56',1,NULL,0,NULL,NULL),('eb9f849b-1caa-11ec-a4a4-d8bbc10f2ae0','eb9ea009-1caa-11ec-a4a4-d8bbc10f2ae0','69fdd758-a5ad-11eb-bac0-309c2364fdb6','apiv1/User/{id}/relation/{relationname}/{relatedid?}',0,'2021-09-23 20:14:56',1,NULL,0,NULL,NULL),('eba1aefa-1caa-11ec-a4a4-d8bbc10f2ae0','eba0f04a-1caa-11ec-a4a4-d8bbc10f2ae0','69fe3977-a5ad-11eb-bac0-309c2364fdb6','apiv1/User/{id?}',0,'2021-09-23 20:14:56',1,NULL,0,NULL,NULL),('eba3d1ad-1caa-11ec-a4a4-d8bbc10f2ae0','eba31809-1caa-11ec-a4a4-d8bbc10f2ae0','69fe1a68-a5ad-11eb-bac0-309c2364fdb6','apiv1/User/{id}/relation/{relationname}',0,'2021-09-23 20:14:56',1,NULL,0,NULL,NULL),('eba53b5b-1caa-11ec-a4a4-d8bbc10f2ae0','eba31809-1caa-11ec-a4a4-d8bbc10f2ae0','69fe3977-a5ad-11eb-bac0-309c2364fdb6','apiv1/User/{id}/relation/{relationname}',0,'2021-09-23 20:14:56',1,NULL,0,NULL,NULL),('eba75157-1caa-11ec-a4a4-d8bbc10f2ae0','eba69e13-1caa-11ec-a4a4-d8bbc10f2ae0','69fe1a68-a5ad-11eb-bac0-309c2364fdb6','apiv1/User',0,'2021-09-23 20:14:56',1,NULL,0,NULL,NULL),('eba97bd1-1caa-11ec-a4a4-d8bbc10f2ae0','eba8c8ca-1caa-11ec-a4a4-d8bbc10f2ae0','69fe2ff3-a5ad-11eb-bac0-309c2364fdb6','apiv1/User/{id}',0,'2021-09-23 20:14:56',1,NULL,0,NULL,NULL),('ebad0b52-1caa-11ec-a4a4-d8bbc10f2ae0','ebac57b0-1caa-11ec-a4a4-d8bbc10f2ae0','69fdd758-a5ad-11eb-bac0-309c2364fdb6','apiv1/UserType',0,'2021-09-23 20:14:56',1,NULL,0,NULL,NULL),('ebae67ea-1caa-11ec-a4a4-d8bbc10f2ae0','ebac57b0-1caa-11ec-a4a4-d8bbc10f2ae0','69fdd758-a5ad-11eb-bac0-309c2364fdb6','apiv1/UserType/{id}',0,'2021-09-23 20:14:56',1,NULL,0,NULL,NULL),('ebb06576-1caa-11ec-a4a4-d8bbc10f2ae0','ebafbde9-1caa-11ec-a4a4-d8bbc10f2ae0','69fdd758-a5ad-11eb-bac0-309c2364fdb6','apiv1/UserType/{id}/relation/{relationname}/{relatedid?}',0,'2021-09-23 20:14:56',1,NULL,0,NULL,NULL),('ebb25d67-1caa-11ec-a4a4-d8bbc10f2ae0','ebb1b83c-1caa-11ec-a4a4-d8bbc10f2ae0','69fe3977-a5ad-11eb-bac0-309c2364fdb6','apiv1/UserType/{id?}',0,'2021-09-23 20:14:56',1,NULL,0,NULL,NULL),('ebb48964-1caa-11ec-a4a4-d8bbc10f2ae0','ebb3ce0c-1caa-11ec-a4a4-d8bbc10f2ae0','69fe1a68-a5ad-11eb-bac0-309c2364fdb6','apiv1/UserType/{id}/relation/{relationname}',0,'2021-09-23 20:14:56',1,NULL,0,NULL,NULL),('ebb5e0a5-1caa-11ec-a4a4-d8bbc10f2ae0','ebb3ce0c-1caa-11ec-a4a4-d8bbc10f2ae0','69fe3977-a5ad-11eb-bac0-309c2364fdb6','apiv1/UserType/{id}/relation/{relationname}',0,'2021-09-23 20:14:56',1,NULL,0,NULL,NULL),('ebb8267f-1caa-11ec-a4a4-d8bbc10f2ae0','ebb777a1-1caa-11ec-a4a4-d8bbc10f2ae0','69fe1a68-a5ad-11eb-bac0-309c2364fdb6','apiv1/UserType',0,'2021-09-23 20:14:56',1,NULL,0,NULL,NULL),('ebba3045-1caa-11ec-a4a4-d8bbc10f2ae0','ebb981c3-1caa-11ec-a4a4-d8bbc10f2ae0','69fe2ff3-a5ad-11eb-bac0-309c2364fdb6','apiv1/UserType/{id}',0,'2021-09-23 20:14:56',1,NULL,0,NULL,NULL),('ebbda5a1-1caa-11ec-a4a4-d8bbc10f2ae0','ebbcf053-1caa-11ec-a4a4-d8bbc10f2ae0','69fdd758-a5ad-11eb-bac0-309c2364fdb6','apiv1/VersionType',0,'2021-09-23 20:14:56',1,NULL,0,NULL,NULL),('ebbf1fff-1caa-11ec-a4a4-d8bbc10f2ae0','ebbcf053-1caa-11ec-a4a4-d8bbc10f2ae0','69fdd758-a5ad-11eb-bac0-309c2364fdb6','apiv1/VersionType/{id}',0,'2021-09-23 20:14:56',1,NULL,0,NULL,NULL),('ebc12a9a-1caa-11ec-a4a4-d8bbc10f2ae0','ebc075e4-1caa-11ec-a4a4-d8bbc10f2ae0','69fdd758-a5ad-11eb-bac0-309c2364fdb6','apiv1/VersionType/{id}/relation/{relationname}/{relatedid?}',0,'2021-09-23 20:14:56',1,NULL,0,NULL,NULL),('ebc338c3-1caa-11ec-a4a4-d8bbc10f2ae0','ebc29208-1caa-11ec-a4a4-d8bbc10f2ae0','69fe3977-a5ad-11eb-bac0-309c2364fdb6','apiv1/VersionType/{id?}',0,'2021-09-23 20:14:56',1,NULL,0,NULL,NULL),('ebc526b9-1caa-11ec-a4a4-d8bbc10f2ae0','ebc48370-1caa-11ec-a4a4-d8bbc10f2ae0','69fe1a68-a5ad-11eb-bac0-309c2364fdb6','apiv1/VersionType/{id}/relation/{relationname}',0,'2021-09-23 20:14:56',1,NULL,0,NULL,NULL),('ebc6812c-1caa-11ec-a4a4-d8bbc10f2ae0','ebc48370-1caa-11ec-a4a4-d8bbc10f2ae0','69fe3977-a5ad-11eb-bac0-309c2364fdb6','apiv1/VersionType/{id}/relation/{relationname}',0,'2021-09-23 20:14:56',1,NULL,0,NULL,NULL),('ebc89acb-1caa-11ec-a4a4-d8bbc10f2ae0','ebc7e63b-1caa-11ec-a4a4-d8bbc10f2ae0','69fe1a68-a5ad-11eb-bac0-309c2364fdb6','apiv1/VersionType',0,'2021-09-23 20:14:56',1,NULL,0,NULL,NULL),('ebcac704-1caa-11ec-a4a4-d8bbc10f2ae0','ebca13f5-1caa-11ec-a4a4-d8bbc10f2ae0','69fe2ff3-a5ad-11eb-bac0-309c2364fdb6','apiv1/VersionType/{id}',0,'2021-09-23 20:14:56',1,NULL,0,NULL,NULL);
/*!40000 ALTER TABLE `controller_action_relation_to_http_method` ENABLE KEYS */;
UNLOCK TABLES;
/*!50003 SET @saved_cs_client      = @@character_set_client */ ;
/*!50003 SET @saved_cs_results     = @@character_set_results */ ;
/*!50003 SET @saved_col_connection = @@collation_connection */ ;
/*!50003 SET character_set_client  = utf8mb4 */ ;
/*!50003 SET character_set_results = utf8mb4 */ ;
/*!50003 SET collation_connection  = utf8mb4_0900_ai_ci */ ;
/*!50003 SET @saved_sql_mode       = @@sql_mode */ ;
/*!50003 SET sql_mode              = 'STRICT_TRANS_TABLES,NO_ENGINE_SUBSTITUTION' */ ;
DELIMITER ;;
/*!50003 CREATE*/ /*!50017 DEFINER=`rest`@`%`*/ /*!50003 TRIGGER `api_controller_relation_to_http_method_BEFORE_INSERT` BEFORE INSERT ON `controller_action_relation_to_http_method` FOR EACH ROW BEGIN 	SET new.creation_datetime = NOW();   END */;;
DELIMITER ;
/*!50003 SET sql_mode              = @saved_sql_mode */ ;
/*!50003 SET character_set_client  = @saved_cs_client */ ;
/*!50003 SET character_set_results = @saved_cs_results */ ;
/*!50003 SET collation_connection  = @saved_col_connection */ ;
/*!50003 SET @saved_cs_client      = @@character_set_client */ ;
/*!50003 SET @saved_cs_results     = @@character_set_results */ ;
/*!50003 SET @saved_col_connection = @@collation_connection */ ;
/*!50003 SET character_set_client  = utf8mb4 */ ;
/*!50003 SET character_set_results = utf8mb4 */ ;
/*!50003 SET collation_connection  = utf8mb4_0900_ai_ci */ ;
/*!50003 SET @saved_sql_mode       = @@sql_mode */ ;
/*!50003 SET sql_mode              = 'STRICT_TRANS_TABLES,NO_ENGINE_SUBSTITUTION' */ ;
DELIMITER ;;
/*!50003 CREATE*/ /*!50017 DEFINER=`rest`@`%`*/ /*!50003 TRIGGER `api_controller_relation_to_http_method_BEFORE_UPDATE` BEFORE UPDATE ON `controller_action_relation_to_http_method` FOR EACH ROW BEGIN 	SET new.changed_datetime = NOW();END */;;
DELIMITER ;
/*!50003 SET sql_mode              = @saved_sql_mode */ ;
/*!50003 SET character_set_client  = @saved_cs_client */ ;
/*!50003 SET character_set_results = @saved_cs_results */ ;
/*!50003 SET collation_connection  = @saved_col_connection */ ;

--
-- Table structure for table `controller_relation_to_class`
--

DROP TABLE IF EXISTS `controller_relation_to_class`;
/*!40101 SET @saved_cs_client     = @@character_set_client */;
/*!50503 SET character_set_client = utf8mb4 */;
CREATE TABLE `controller_relation_to_class` (
  `uuid` varchar(36) NOT NULL,
  `controller_uuid` varchar(36) NOT NULL,
  `class_uuid` varchar(36) NOT NULL,
  `creation_datetime` timestamp NULL DEFAULT CURRENT_TIMESTAMP,
  `active` tinyint NOT NULL DEFAULT '1',
  `activation_datetime` datetime DEFAULT NULL,
  `deleted` tinyint DEFAULT '0',
  `deletion_datetime` datetime DEFAULT NULL,
  `changed_datetime` datetime DEFAULT NULL,
  PRIMARY KEY (`controller_uuid`,`class_uuid`)
) ENGINE=InnoDB DEFAULT CHARSET=utf8mb3;
/*!40101 SET character_set_client = @saved_cs_client */;

--
-- Dumping data for table `controller_relation_to_class`
--

LOCK TABLES `controller_relation_to_class` WRITE;
/*!40000 ALTER TABLE `controller_relation_to_class` DISABLE KEYS */;
INSERT INTO `controller_relation_to_class` VALUES ('086a040d-579d-11ec-add3-d8bbc10f2ae0','e9e63b6f-1caa-11ec-a4a4-d8bbc10f2ae0','5c9ee7c2-5073-11ec-9b15-d8bbc10f2ae0','2021-12-07 20:34:10',1,NULL,0,NULL,NULL),('086b4b82-579d-11ec-add3-d8bbc10f2ae0','e9fd6b63-1caa-11ec-a4a4-d8bbc10f2ae0','5db42e99-5073-11ec-9b15-d8bbc10f2ae0','2021-12-07 20:34:10',1,NULL,0,NULL,NULL),('6976e4aa-579d-11ec-add3-d8bbc10f2ae0','ea12a6b1-1caa-11ec-a4a4-d8bbc10f2ae0','7e54a152-5073-11ec-9b15-d8bbc10f2ae0','2021-12-07 20:36:53',1,NULL,0,NULL,NULL),('69784526-579d-11ec-add3-d8bbc10f2ae0','ea28b4bc-1caa-11ec-a4a4-d8bbc10f2ae0','e5cec033-5073-11ec-9b15-d8bbc10f2ae0','2021-12-07 20:36:53',1,NULL,0,NULL,NULL),('69790c52-579d-11ec-add3-d8bbc10f2ae0','ea3cb0c4-1caa-11ec-a4a4-d8bbc10f2ae0','e5d29853-5073-11ec-9b15-d8bbc10f2ae0','2021-12-07 20:36:53',1,NULL,0,NULL,NULL),('697bc81d-579d-11ec-add3-d8bbc10f2ae0','ea5214b6-1caa-11ec-a4a4-d8bbc10f2ae0','e5d5885f-5073-11ec-9b15-d8bbc10f2ae0','2021-12-07 20:36:53',1,NULL,0,NULL,NULL),('696dda66-579d-11ec-add3-d8bbc10f2ae0','ea649c4a-1caa-11ec-a4a4-d8bbc10f2ae0','38f3b2d2-5137-11ec-ad22-d8bbc10f2ae0','2021-12-07 20:36:53',1,NULL,0,NULL,NULL),('0578e0cd-579d-11ec-add3-d8bbc10f2ae0','ea7d0a91-1caa-11ec-a4a4-d8bbc10f2ae0','38f559f6-5137-11ec-ad22-d8bbc10f2ae0','2021-12-07 20:34:05',1,NULL,0,NULL,NULL),('696f4354-579d-11ec-add3-d8bbc10f2ae0','ea8f65a0-1caa-11ec-a4a4-d8bbc10f2ae0','38f4bc9c-5137-11ec-ad22-d8bbc10f2ae0','2021-12-07 20:36:53',1,NULL,0,NULL,NULL),('08707e75-579d-11ec-add3-d8bbc10f2ae0','eaa63d60-1caa-11ec-a4a4-d8bbc10f2ae0','e5d9538d-5073-11ec-9b15-d8bbc10f2ae0','2021-12-07 20:34:10',1,NULL,0,NULL,NULL),('697d7260-579d-11ec-add3-d8bbc10f2ae0','eab7c65a-1caa-11ec-a4a4-d8bbc10f2ae0','e5d9dc01-5073-11ec-9b15-d8bbc10f2ae0','2021-12-07 20:36:53',1,NULL,0,NULL,NULL),('08733f40-579d-11ec-add3-d8bbc10f2ae0','eac9dcc8-1caa-11ec-a4a4-d8bbc10f2ae0','e5db64d2-5073-11ec-9b15-d8bbc10f2ae0','2021-12-07 20:34:10',1,NULL,0,NULL,NULL),('08722b34-579d-11ec-add3-d8bbc10f2ae0','eadf50f2-1caa-11ec-a4a4-d8bbc10f2ae0','e5da5dbc-5073-11ec-9b15-d8bbc10f2ae0','2021-12-07 20:34:10',1,NULL,0,NULL,NULL),('697f71a7-579d-11ec-add3-d8bbc10f2ae0','eaf5d422-1caa-11ec-a4a4-d8bbc10f2ae0','e5dae364-5073-11ec-9b15-d8bbc10f2ae0','2021-12-07 20:36:53',1,NULL,0,NULL,NULL),('69813a65-579d-11ec-add3-d8bbc10f2ae0','eb075adc-1caa-11ec-a4a4-d8bbc10f2ae0','e5dc6cb3-5073-11ec-9b15-d8bbc10f2ae0','2021-12-07 20:36:53',1,NULL,0,NULL,NULL),('69831e63-579d-11ec-add3-d8bbc10f2ae0','eb1919ae-1caa-11ec-a4a4-d8bbc10f2ae0','e5de835e-5073-11ec-9b15-d8bbc10f2ae0','2021-12-07 20:36:53',1,NULL,0,NULL,NULL),('6983e777-579d-11ec-add3-d8bbc10f2ae0','eb2e6086-1caa-11ec-a4a4-d8bbc10f2ae0','e5df0561-5073-11ec-9b15-d8bbc10f2ae0','2021-12-07 20:36:53',1,NULL,0,NULL,NULL),('69849c67-579d-11ec-add3-d8bbc10f2ae0','eb3f0b07-1caa-11ec-a4a4-d8bbc10f2ae0','e5e02341-5073-11ec-9b15-d8bbc10f2ae0','2021-12-07 20:36:53',1,NULL,0,NULL,NULL),('69856442-579d-11ec-add3-d8bbc10f2ae0','eb4f4043-1caa-11ec-a4a4-d8bbc10f2ae0','e5e0b356-5073-11ec-9b15-d8bbc10f2ae0','2021-12-07 20:36:53',1,NULL,0,NULL,NULL),('69865bc4-579d-11ec-add3-d8bbc10f2ae0','eb5ff1d1-1caa-11ec-a4a4-d8bbc10f2ae0','e5e1c02a-5073-11ec-9b15-d8bbc10f2ae0','2021-12-07 20:36:53',1,NULL,0,NULL,NULL),('087675de-579d-11ec-add3-d8bbc10f2ae0','eb70a9b1-1caa-11ec-a4a4-d8bbc10f2ae0','e5e23d58-5073-11ec-9b15-d8bbc10f2ae0','2021-12-07 20:34:10',1,NULL,0,NULL,NULL),('0877708e-579d-11ec-add3-d8bbc10f2ae0','eb873eb1-1caa-11ec-a4a4-d8bbc10f2ae0','e5e335f2-5073-11ec-9b15-d8bbc10f2ae0','2021-12-07 20:34:10',1,NULL,0,NULL,NULL),('0878c66f-579d-11ec-add3-d8bbc10f2ae0','eb980b44-1caa-11ec-a4a4-d8bbc10f2ae0','e5e3b4a0-5073-11ec-9b15-d8bbc10f2ae0','2021-12-07 20:34:10',1,NULL,0,NULL,NULL),('698a8d59-579d-11ec-add3-d8bbc10f2ae0','ebab536f-1caa-11ec-a4a4-d8bbc10f2ae0','e5e4cd9f-5073-11ec-9b15-d8bbc10f2ae0','2021-12-07 20:36:53',1,NULL,0,NULL,NULL),('698b5bca-579d-11ec-add3-d8bbc10f2ae0','ebbbeb65-1caa-11ec-a4a4-d8bbc10f2ae0','e5e55049-5073-11ec-9b15-d8bbc10f2ae0','2021-12-07 20:36:53',1,NULL,0,NULL,NULL);
/*!40000 ALTER TABLE `controller_relation_to_class` ENABLE KEYS */;
UNLOCK TABLES;

--
-- Table structure for table `crud`
--

DROP TABLE IF EXISTS `crud`;
/*!40101 SET @saved_cs_client     = @@character_set_client */;
/*!50503 SET character_set_client = utf8mb4 */;
CREATE TABLE `crud` (
  `uuid` varchar(36) NOT NULL,
  `name` varchar(45) NOT NULL,
  `flag` int NOT NULL,
  `creation_datetime` timestamp NULL DEFAULT CURRENT_TIMESTAMP,
  `active` tinyint NOT NULL DEFAULT '1',
  `activation_datetime` datetime DEFAULT NULL,
  `deleted` tinyint DEFAULT '0',
  `deletion_datetime` datetime DEFAULT NULL,
  `changed_datetime` datetime DEFAULT NULL,
  PRIMARY KEY (`uuid`)
) ENGINE=InnoDB DEFAULT CHARSET=utf8mb3;
/*!40101 SET character_set_client = @saved_cs_client */;

--
-- Dumping data for table `crud`
--

LOCK TABLES `crud` WRITE;
/*!40000 ALTER TABLE `crud` DISABLE KEYS */;
INSERT INTO `crud` VALUES ('d22a1e89-1937-11ec-a4ca-d8bbc10f2ae0','Create',1,'2021-09-19 10:53:56',1,NULL,0,NULL,NULL),('d722ee4b-1937-11ec-a4ca-d8bbc10f2ae0','Read',2,'2021-09-19 10:53:56',1,NULL,0,NULL,NULL),('db440aef-1937-11ec-a4ca-d8bbc10f2ae0','Update',4,'2021-09-19 10:53:56',1,NULL,0,NULL,NULL),('dee44a8b-1937-11ec-a4ca-d8bbc10f2ae0','Delete',8,'2021-09-19 10:53:56',1,NULL,0,NULL,NULL);
/*!40000 ALTER TABLE `crud` ENABLE KEYS */;
UNLOCK TABLES;

--
-- Table structure for table `http_method`
--

DROP TABLE IF EXISTS `http_method`;
/*!40101 SET @saved_cs_client     = @@character_set_client */;
/*!50503 SET character_set_client = utf8mb4 */;
CREATE TABLE `http_method` (
  `uuid` varchar(36) NOT NULL,
  `name` varchar(45) NOT NULL,
  `crud_uuid` varchar(36) DEFAULT NULL,
  `creation_datetime` timestamp NULL DEFAULT CURRENT_TIMESTAMP,
  `active` tinyint NOT NULL DEFAULT '1',
  `activation_datetime` datetime DEFAULT NULL,
  `deleted` tinyint DEFAULT '0',
  `deletion_datetime` datetime DEFAULT NULL,
  `changed_datetime` datetime DEFAULT NULL,
  PRIMARY KEY (`uuid`),
  KEY `fk_httpMethodToCrud_idx` (`crud_uuid`),
  CONSTRAINT `fk_httpMethodToCrud` FOREIGN KEY (`crud_uuid`) REFERENCES `crud` (`uuid`)
) ENGINE=InnoDB DEFAULT CHARSET=utf8mb3;
/*!40101 SET character_set_client = @saved_cs_client */;

--
-- Dumping data for table `http_method`
--

LOCK TABLES `http_method` WRITE;
/*!40000 ALTER TABLE `http_method` DISABLE KEYS */;
INSERT INTO `http_method` VALUES ('69fdd758-a5ad-11eb-bac0-309c2364fdb6','GET','d722ee4b-1937-11ec-a4ca-d8bbc10f2ae0','2021-04-25 10:02:59',1,NULL,0,NULL,'2021-09-19 12:55:27'),('69fe1a68-a5ad-11eb-bac0-309c2364fdb6','POST','d22a1e89-1937-11ec-a4ca-d8bbc10f2ae0','2021-04-25 10:02:59',1,NULL,0,NULL,'2021-09-19 12:55:27'),('69fe258c-a5ad-11eb-bac0-309c2364fdb6','PUT','d22a1e89-1937-11ec-a4ca-d8bbc10f2ae0','2021-04-25 10:02:59',1,NULL,0,NULL,'2021-09-19 12:55:27'),('69fe2ff3-a5ad-11eb-bac0-309c2364fdb6','DELETE','dee44a8b-1937-11ec-a4ca-d8bbc10f2ae0','2021-04-25 10:02:59',1,NULL,0,NULL,'2021-09-19 12:55:27'),('69fe3977-a5ad-11eb-bac0-309c2364fdb6','PATCH','db440aef-1937-11ec-a4ca-d8bbc10f2ae0','2021-04-25 10:02:59',1,NULL,0,NULL,'2021-09-19 12:55:27');
/*!40000 ALTER TABLE `http_method` ENABLE KEYS */;
UNLOCK TABLES;
/*!50003 SET @saved_cs_client      = @@character_set_client */ ;
/*!50003 SET @saved_cs_results     = @@character_set_results */ ;
/*!50003 SET @saved_col_connection = @@collation_connection */ ;
/*!50003 SET character_set_client  = utf8mb4 */ ;
/*!50003 SET character_set_results = utf8mb4 */ ;
/*!50003 SET collation_connection  = utf8mb4_0900_ai_ci */ ;
/*!50003 SET @saved_sql_mode       = @@sql_mode */ ;
/*!50003 SET sql_mode              = 'STRICT_TRANS_TABLES,NO_ENGINE_SUBSTITUTION' */ ;
DELIMITER ;;
/*!50003 CREATE*/ /*!50017 DEFINER=`rest`@`%`*/ /*!50003 TRIGGER `http_method_BEFORE_INSERT` BEFORE INSERT ON `http_method` FOR EACH ROW BEGIN 	SET new.creation_datetime = NOW();   END */;;
DELIMITER ;
/*!50003 SET sql_mode              = @saved_sql_mode */ ;
/*!50003 SET character_set_client  = @saved_cs_client */ ;
/*!50003 SET character_set_results = @saved_cs_results */ ;
/*!50003 SET collation_connection  = @saved_col_connection */ ;
/*!50003 SET @saved_cs_client      = @@character_set_client */ ;
/*!50003 SET @saved_cs_results     = @@character_set_results */ ;
/*!50003 SET @saved_col_connection = @@collation_connection */ ;
/*!50003 SET character_set_client  = utf8mb4 */ ;
/*!50003 SET character_set_results = utf8mb4 */ ;
/*!50003 SET collation_connection  = utf8mb4_0900_ai_ci */ ;
/*!50003 SET @saved_sql_mode       = @@sql_mode */ ;
/*!50003 SET sql_mode              = 'STRICT_TRANS_TABLES,NO_ENGINE_SUBSTITUTION' */ ;
DELIMITER ;;
/*!50003 CREATE*/ /*!50017 DEFINER=`rest`@`%`*/ /*!50003 TRIGGER `http_method_BEFORE_UPDATE` BEFORE UPDATE ON `http_method` FOR EACH ROW BEGIN 	SET new.changed_datetime = NOW();END */;;
DELIMITER ;
/*!50003 SET sql_mode              = @saved_sql_mode */ ;
/*!50003 SET character_set_client  = @saved_cs_client */ ;
/*!50003 SET character_set_results = @saved_cs_results */ ;
/*!50003 SET collation_connection  = @saved_col_connection */ ;

--
-- Table structure for table `message`
--

DROP TABLE IF EXISTS `message`;
/*!40101 SET @saved_cs_client     = @@character_set_client */;
/*!50503 SET character_set_client = utf8mb4 */;
CREATE TABLE `message` (
  `uuid` varchar(36) NOT NULL,
  `message_conversation_uuid` varchar(36) NOT NULL COMMENT 'Every Message must be a member of a conversation, because every sent msg is received by  a recipient, so two participant (sender + recipient) surrender to a conversation',
  `subject` varchar(45) DEFAULT NULL,
  `content` blob COMMENT 'Message Content e.g. HTML+CSS (MIME), JSON, Plain-Text etc.',
  `checked_for_virus` tinyint NOT NULL COMMENT 'Bool fr AntiVirus check, ob geprft wurde durch nClam oder nicht',
  `checked_for_violence` tinyint NOT NULL COMMENT 'Bool fr gewaltverherlichende Sprache oderracism speech',
  `checked_for_sexual_content` tinyint NOT NULL COMMENT 'Bool fr Prfung ob Inhalt/Attachment sexual ist (durch KI von Facebook Abgleichen oder trainierte TensorFlow Modelle), wenn Sexual Content == true, dann Inhalt verbieten',
  `checked_for_sexual_content_meta` json NOT NULL COMMENT 'Speichert den KI Score fr das Attachment',
  `hash` varchar(48) DEFAULT NULL,
  `creation_datetime` timestamp NULL DEFAULT CURRENT_TIMESTAMP,
  `active` tinyint NOT NULL DEFAULT '1',
  `activation_datetime` datetime DEFAULT NULL,
  `deleted` tinyint DEFAULT '0',
  `deletion_datetime` datetime DEFAULT NULL,
  `changed_datetime` datetime DEFAULT NULL,
  PRIMARY KEY (`uuid`),
  KEY `fk_messageToConversation_idx` (`message_conversation_uuid`),
  CONSTRAINT `fk_messageToConf` FOREIGN KEY (`message_conversation_uuid`) REFERENCES `message_conversation` (`uuid`)
) ENGINE=InnoDB DEFAULT CHARSET=utf8mb3;
/*!40101 SET character_set_client = @saved_cs_client */;

--
-- Dumping data for table `message`
--

LOCK TABLES `message` WRITE;
/*!40000 ALTER TABLE `message` DISABLE KEYS */;
INSERT INTO `message` VALUES ('56bff630-e246-11eb-9dd4-309c2364fdb6','56bc3e8d-e246-11eb-9dd4-309c2364fdb6','ticket erffnet',_binary 'ticket created\r\nAm Sonntag, 27. Juni 2021 18:40, Service@helixDB schrieb:\r\n> test mit attachment und hier ist der body\r\n> \r\n',0,0,0,'{\"test\": \"1\"}','56e740e1eb43b540a081f47326e4d2a4','2021-07-11 12:48:49',1,NULL,0,NULL,NULL),('67565129-e246-11eb-9dd4-309c2364fdb6','6754f03c-e246-11eb-9dd4-309c2364fdb6','ticket erffnet',_binary 'ticket created\r\nAm Sonntag, 27. Juni 2021 18:40, Service@helixDB schrieb:\r\n> test mit attachment und hier ist der body\r\n> \r\n',0,0,0,'{\"test\": \"1\"}','56e740e1eb43b540a081f47326e4d2a4','2021-07-11 12:49:17',1,NULL,0,NULL,NULL),('73eec4b8-e245-11eb-9dd4-309c2364fdb6','73eac06a-e245-11eb-9dd4-309c2364fdb6','ticket erffnet',_binary 'ticket created\r\nAm Sonntag, 27. Juni 2021 18:40, Service@helixDB schrieb:\r\n> test mit attachment und hier ist der body\r\n> \r\n',0,0,0,'{\"test\": \"1\"}','56e740e1eb43b540a081f47326e4d2a4','2021-07-11 12:42:29',1,NULL,0,NULL,NULL),('793e7a40-e246-11eb-9dd4-309c2364fdb6','793ad72b-e246-11eb-9dd4-309c2364fdb6','ticket erffnet',_binary 'ticket created\r\nAm Sonntag, 27. Juni 2021 18:40, Service@helixDB schrieb:\r\n> test mit attachment und hier ist der body\r\n> \r\n',0,0,0,'{\"test\": \"1\"}','56e740e1eb43b540a081f47326e4d2a4','2021-07-11 12:49:47',1,NULL,0,NULL,NULL),('98bda32b-3418-11ec-b696-d8bbc10f2ae0','98baa894-3418-11ec-b696-d8bbc10f2ae0','Returned Mail: Activation Link',_binary '*** MAILVERSAND FEHLERBERICHT ***\r\n\r\nDie E-Mail wurde eingeliefert am Sonnabend, 23. Oktober 2021 17:46:29 +0200 (CEST)\r\nvon Host [localhost]   .\r\n\r\nBetreff: Activation Link\r\n\r\nDer Mailversand zum folgenden Empfnger ist endgltig gescheitert:\r\n\r\nmika-roos@web.de\r\n   Letzter Fehler: 554 5.0.0 \r\n   Erklrung: host mx-ha02.web.de [212.227.17.8] said: Transaction failed Reject due \r\n              to policy restrictions. For explanation visit \r\n              https://web.de/email/senderguidelines?ip=81.169.146.161&c=\r\n              hi\r\n\r\n   Auszug aus dem Session-Protokoll:\r\n   ... whrend der Kommunikation mit dem Mailserver mx-ha02.web.de [212.227.17.8]:\r\n   >>> DATA (EOM)\r\n   <<< 554 Transaction failed Reject due to policy restrictions. For \r\n       explanation visit \r\n       https://web.de/email/senderguidelines?ip=81.169.146.161&c=hi\r\n',0,0,0,'{\"test\": \"1\"}','f5acc378431b9db0205db1dc6e3cc9c9','2021-10-23 15:47:58',1,NULL,0,NULL,NULL),('b01ee2f6-e246-11eb-9dd4-309c2364fdb6','b01b31aa-e246-11eb-9dd4-309c2364fdb6','ticket erffnet',_binary 'ticket created\r\nAm Sonntag, 27. Juni 2021 18:40, Service@helixDB schrieb:\r\n> test mit attachment und hier ist der body\r\n> \r\n',0,0,0,'{\"test\": \"1\"}','56e740e1eb43b540a081f47326e4d2a4','2021-07-11 12:51:19',1,NULL,0,NULL,NULL),('c783ca5d-e245-11eb-9dd4-309c2364fdb6','c7800829-e245-11eb-9dd4-309c2364fdb6','ticket erffnet',_binary 'ticket created\r\nAm Sonntag, 27. Juni 2021 18:40, Service@helixDB schrieb:\r\n> test mit attachment und hier ist der body\r\n> \r\n',0,0,0,'{\"test\": \"1\"}','56e740e1eb43b540a081f47326e4d2a4','2021-07-11 12:44:49',1,NULL,0,NULL,NULL),('d47869b1-e246-11eb-9dd4-309c2364fdb6','d4764908-e246-11eb-9dd4-309c2364fdb6','test',_binary 'test\r\n\r\n',0,0,0,'{\"test\": \"1\"}','c3587fd3fd995e51a017b7f4d346b292','2021-07-11 12:52:20',1,NULL,0,NULL,NULL),('e17e5d0f-3418-11ec-b696-d8bbc10f2ae0','e17d1cc1-3418-11ec-b696-d8bbc10f2ae0','Returned Mail: Activation Link',_binary '*** MAILVERSAND FEHLERBERICHT ***\r\n\r\nDie E-Mail wurde eingeliefert am Sonnabend, 23. Oktober 2021 17:49:33 +0200 (CEST)\r\nvon Host [localhost]   .\r\n\r\nBetreff: Activation Link\r\n\r\nDer Mailversand zum folgenden Empfnger ist endgltig gescheitert:\r\n\r\nmika-roos@web.de\r\n   Letzter Fehler: 554 5.0.0 \r\n   Erklrung: host mx-ha02.web.de [212.227.17.8] said: Transaction failed Reject due \r\n              to policy restrictions. For explanation visit \r\n              https://web.de/email/senderguidelines?ip=85.215.255.24&c=h\r\n              i\r\n\r\n   Auszug aus dem Session-Protokoll:\r\n   ... whrend der Kommunikation mit dem Mailserver mx-ha02.web.de [212.227.17.8]:\r\n   >>> DATA (EOM)\r\n   <<< 554 Transaction failed Reject due to policy restrictions. For \r\n       explanation visit \r\n       https://web.de/email/senderguidelines?ip=85.215.255.24&c=hi\r\n',0,0,0,'{\"test\": \"1\"}','f5acc378431b9db0205db1dc6e3cc9c9','2021-10-23 15:50:00',1,NULL,0,NULL,NULL),('ed57815b-e246-11eb-9dd4-309c2364fdb6','d4764908-e246-11eb-9dd4-309c2364fdb6','Re: [#CONF-20210711-8#] - Ticket opened',_binary 'das ist meine zweite nachricht auf test\r\n\r\nAm 11.07.2021 um 14:52 schrieb service@helixdb.org:\r\n> Am Donnerstag, 8. Juli 2021 20:18, Mika Roos schrieb:\r\n>> test\r\n>>\r\n',0,0,0,'{\"test\": \"1\"}','3964b548268425872c98e82917accb7c','2021-07-11 12:53:02',1,NULL,0,NULL,NULL),('fb8bc372-e244-11eb-9dd4-309c2364fdb6','fb871255-e244-11eb-9dd4-309c2364fdb6','ticket erffnet',_binary 'ticket created\r\nAm Sonntag, 27. Juni 2021 18:40, Service@helixDB schrieb:\r\n> test mit attachment und hier ist der body\r\n> \r\n',0,0,0,'{\"test\": \"1\"}','56e740e1eb43b540a081f47326e4d2a4','2021-07-11 12:39:07',1,NULL,0,NULL,NULL);
/*!40000 ALTER TABLE `message` ENABLE KEYS */;
UNLOCK TABLES;
/*!50003 SET @saved_cs_client      = @@character_set_client */ ;
/*!50003 SET @saved_cs_results     = @@character_set_results */ ;
/*!50003 SET @saved_col_connection = @@collation_connection */ ;
/*!50003 SET character_set_client  = utf8mb4 */ ;
/*!50003 SET character_set_results = utf8mb4 */ ;
/*!50003 SET collation_connection  = utf8mb4_0900_ai_ci */ ;
/*!50003 SET @saved_sql_mode       = @@sql_mode */ ;
/*!50003 SET sql_mode              = 'STRICT_TRANS_TABLES,NO_ENGINE_SUBSTITUTION' */ ;
DELIMITER ;;
/*!50003 CREATE*/ /*!50017 DEFINER=`root`@`localhost`*/ /*!50003 TRIGGER `message_BEFORE_INSERT` BEFORE INSERT ON `message` FOR EACH ROW BEGIN

SET new.creation_datetime = NOW();   
END */;;
DELIMITER ;
/*!50003 SET sql_mode              = @saved_sql_mode */ ;
/*!50003 SET character_set_client  = @saved_cs_client */ ;
/*!50003 SET character_set_results = @saved_cs_results */ ;
/*!50003 SET collation_connection  = @saved_col_connection */ ;
/*!50003 SET @saved_cs_client      = @@character_set_client */ ;
/*!50003 SET @saved_cs_results     = @@character_set_results */ ;
/*!50003 SET @saved_col_connection = @@collation_connection */ ;
/*!50003 SET character_set_client  = utf8mb4 */ ;
/*!50003 SET character_set_results = utf8mb4 */ ;
/*!50003 SET collation_connection  = utf8mb4_0900_ai_ci */ ;
/*!50003 SET @saved_sql_mode       = @@sql_mode */ ;
/*!50003 SET sql_mode              = 'STRICT_TRANS_TABLES,NO_ENGINE_SUBSTITUTION' */ ;
DELIMITER ;;
/*!50003 CREATE*/ /*!50017 DEFINER=`root`@`localhost`*/ /*!50003 TRIGGER `message_BEFORE_UPDATE` BEFORE UPDATE ON `message` FOR EACH ROW BEGIN
SET new.changed_datetime = NOW();
END */;;
DELIMITER ;
/*!50003 SET sql_mode              = @saved_sql_mode */ ;
/*!50003 SET character_set_client  = @saved_cs_client */ ;
/*!50003 SET character_set_results = @saved_cs_results */ ;
/*!50003 SET collation_connection  = @saved_col_connection */ ;

--
-- Table structure for table `message_attachment`
--

DROP TABLE IF EXISTS `message_attachment`;
/*!40101 SET @saved_cs_client     = @@character_set_client */;
/*!50503 SET character_set_client = utf8mb4 */;
CREATE TABLE `message_attachment` (
  `uuid` varchar(36) NOT NULL,
  `first_source_message_uuid` varchar(36) DEFAULT NULL,
  `account_uuid` varchar(36) DEFAULT NULL,
  `file_extension` varchar(5) DEFAULT NULL,
  `hash` varchar(48) NOT NULL,
  `checked_for_virus` tinyint NOT NULL COMMENT 'Bool fr AntiVirus check, ob geprft wurde durch nClam oder nicht',
  `checked_for_violence` tinyint NOT NULL COMMENT 'Bool fr gewaltverherlichende Sprache oderracism speech',
  `checked_for_sexual_content` tinyint NOT NULL COMMENT 'Bool fr Prfung ob Inhalt/Attachment sexual ist (durch KI von Facebook Abgleichen oder trainierte TensorFlow Modelle), wenn Sexual Content == true, dann Inhalt verbieten',
  `checked_for_sexual_content_meta` json NOT NULL COMMENT 'Speichert den KI Score fr das Attachment',
  `creation_datetime` timestamp NULL DEFAULT CURRENT_TIMESTAMP,
  `activation_datetime` datetime DEFAULT NULL,
  `active` tinyint NOT NULL DEFAULT '1',
  `deleted` tinyint DEFAULT '0',
  `deletion_datetime` datetime DEFAULT NULL,
  `changed_datetime` datetime DEFAULT NULL,
  PRIMARY KEY (`hash`),
  KEY `uuid_Idx` (`uuid`)
) ENGINE=InnoDB DEFAULT CHARSET=utf8mb3;
/*!40101 SET character_set_client = @saved_cs_client */;

--
-- Dumping data for table `message_attachment`
--

LOCK TABLES `message_attachment` WRITE;
/*!40000 ALTER TABLE `message_attachment` DISABLE KEYS */;
INSERT INTO `message_attachment` VALUES ('98d1cceb-3418-11ec-b696-d8bbc10f2ae0','98bda32b-3418-11ec-b696-d8bbc10f2ae0','98caf4cf-3418-11ec-b696-d8bbc10f2ae0','.','09B8E3C2918CD2DD5B90E85DF69D4AD8',0,0,0,'{\"test\": \"1\"}','2021-10-23 15:47:58',NULL,1,0,NULL,NULL),('e1819f20-3418-11ec-b696-d8bbc10f2ae0','e17e5d0f-3418-11ec-b696-d8bbc10f2ae0','98caf4cf-3418-11ec-b696-d8bbc10f2ae0','.','1C4D8D83D22E9A43725A0D5BF605D0A5',0,0,0,'{\"test\": \"1\"}','2021-10-23 15:50:00',NULL,1,0,NULL,NULL),('e17f87f5-3418-11ec-b696-d8bbc10f2ae0','e17e5d0f-3418-11ec-b696-d8bbc10f2ae0','98caf4cf-3418-11ec-b696-d8bbc10f2ae0','.','29D4154023945C9C74E9764B5DC3AF62',0,0,0,'{\"test\": \"1\"}','2021-10-23 15:50:00',NULL,1,0,NULL,NULL),('522c4561-e015-11eb-8d92-309c2364fdb6','0690e796-e015-11eb-8d92-309c2364fdb6','34b543fb-deb2-11eb-8405-842afd097283','.png','2C2B0E79F27C38A278437AD8FFBC469F',0,0,0,'{\"test\": \"1\"}','2021-07-08 17:52:54',NULL,1,0,NULL,NULL),('98cc57b7-3418-11ec-b696-d8bbc10f2ae0','98bda32b-3418-11ec-b696-d8bbc10f2ae0','98caf4cf-3418-11ec-b696-d8bbc10f2ae0','.','808EF79F2ED4A9D237A3987767822590',0,0,0,'{\"test\": \"1\"}','2021-10-23 15:47:58',NULL,1,0,NULL,NULL),('3ff43c4f-e015-11eb-8d92-309c2364fdb6','0690e796-e015-11eb-8d92-309c2364fdb6','34b543fb-deb2-11eb-8405-842afd097283','.txt','C45D7E8A442A09A3889F1D4BDAA4D202',0,0,0,'{\"test\": \"1\"}','2021-07-08 17:52:23',NULL,1,0,NULL,NULL),('c0604af6-e012-11eb-8d92-309c2364fdb6','00000000-0000-0000-0000-000000000000','34b543fb-deb2-11eb-8405-842afd097283','.txt','CA630EC44BEA1A969E4454F3BFD9FCBD',0,0,0,'{\"test\": \"1\"}','2021-07-08 17:34:30',NULL,1,0,NULL,NULL);
/*!40000 ALTER TABLE `message_attachment` ENABLE KEYS */;
UNLOCK TABLES;
/*!50003 SET @saved_cs_client      = @@character_set_client */ ;
/*!50003 SET @saved_cs_results     = @@character_set_results */ ;
/*!50003 SET @saved_col_connection = @@collation_connection */ ;
/*!50003 SET character_set_client  = utf8mb4 */ ;
/*!50003 SET character_set_results = utf8mb4 */ ;
/*!50003 SET collation_connection  = utf8mb4_0900_ai_ci */ ;
/*!50003 SET @saved_sql_mode       = @@sql_mode */ ;
/*!50003 SET sql_mode              = 'STRICT_TRANS_TABLES,NO_ENGINE_SUBSTITUTION' */ ;
DELIMITER ;;
/*!50003 CREATE*/ /*!50017 DEFINER=`root`@`localhost`*/ /*!50003 TRIGGER `message_attachment_BEFORE_INSERT` BEFORE INSERT ON `message_attachment` FOR EACH ROW BEGIN

SET new.creation_datetime = NOW();   
END */;;
DELIMITER ;
/*!50003 SET sql_mode              = @saved_sql_mode */ ;
/*!50003 SET character_set_client  = @saved_cs_client */ ;
/*!50003 SET character_set_results = @saved_cs_results */ ;
/*!50003 SET collation_connection  = @saved_col_connection */ ;
/*!50003 SET @saved_cs_client      = @@character_set_client */ ;
/*!50003 SET @saved_cs_results     = @@character_set_results */ ;
/*!50003 SET @saved_col_connection = @@collation_connection */ ;
/*!50003 SET character_set_client  = utf8mb4 */ ;
/*!50003 SET character_set_results = utf8mb4 */ ;
/*!50003 SET collation_connection  = utf8mb4_0900_ai_ci */ ;
/*!50003 SET @saved_sql_mode       = @@sql_mode */ ;
/*!50003 SET sql_mode              = 'STRICT_TRANS_TABLES,NO_ENGINE_SUBSTITUTION' */ ;
DELIMITER ;;
/*!50003 CREATE*/ /*!50017 DEFINER=`root`@`localhost`*/ /*!50003 TRIGGER `message_attachment_BEFORE_UPDATE` BEFORE UPDATE ON `message_attachment` FOR EACH ROW BEGIN
SET new.changed_datetime = NOW();
END */;;
DELIMITER ;
/*!50003 SET sql_mode              = @saved_sql_mode */ ;
/*!50003 SET character_set_client  = @saved_cs_client */ ;
/*!50003 SET character_set_results = @saved_cs_results */ ;
/*!50003 SET collation_connection  = @saved_col_connection */ ;

--
-- Table structure for table `message_conversation`
--

DROP TABLE IF EXISTS `message_conversation`;
/*!40101 SET @saved_cs_client     = @@character_set_client */;
/*!50503 SET character_set_client = utf8mb4 */;
CREATE TABLE `message_conversation` (
  `uuid` varchar(36) NOT NULL,
  `creation_datetime` timestamp NULL DEFAULT CURRENT_TIMESTAMP,
  `display_conf_identifier` varchar(64) NOT NULL,
  `scoped_conf_count` int NOT NULL DEFAULT '0',
  `message_conversation_state_type_uuid` varchar(36) NOT NULL,
  `communication_medium_uuid` varchar(36) NOT NULL,
  `message_queue_uuid` varchar(36) NOT NULL,
  `active` tinyint NOT NULL DEFAULT '1',
  `activation_datetime` datetime DEFAULT NULL,
  `deleted` tinyint DEFAULT '0',
  `deletion_datetime` datetime DEFAULT NULL,
  `changed_datetime` datetime DEFAULT NULL,
  PRIMARY KEY (`display_conf_identifier`),
  KEY `fk_messageToConvType_idx` (`message_conversation_state_type_uuid`),
  KEY `uuid_Idx` (`uuid`),
  KEY `fk_messageConvToCommMedium_idx` (`communication_medium_uuid`),
  KEY `fk_messageToQueue_idx` (`message_queue_uuid`),
  CONSTRAINT `fk_messageConvToCommMedium` FOREIGN KEY (`communication_medium_uuid`) REFERENCES `communication_medium` (`uuid`),
  CONSTRAINT `fk_messageToConvType` FOREIGN KEY (`message_conversation_state_type_uuid`) REFERENCES `message_conversation_state_type` (`uuid`),
  CONSTRAINT `fk_messageToQueue` FOREIGN KEY (`message_queue_uuid`) REFERENCES `message_queue` (`uuid`)
) ENGINE=InnoDB DEFAULT CHARSET=utf8mb3;
/*!40101 SET character_set_client = @saved_cs_client */;

--
-- Dumping data for table `message_conversation`
--

LOCK TABLES `message_conversation` WRITE;
/*!40000 ALTER TABLE `message_conversation` DISABLE KEYS */;
INSERT INTO `message_conversation` VALUES ('fb871255-e244-11eb-9dd4-309c2364fdb6','2021-07-11 12:39:07','[#CONF-20210711-1#]',1,'8c7cb72d-bfa7-11eb-a11f-309c2364fdb6','6ad9523e-d91a-11eb-81f0-842afd097283','f0d473ae-e231-11eb-9dd4-309c2364fdb6',1,NULL,0,NULL,NULL),('73eac06a-e245-11eb-9dd4-309c2364fdb6','2021-07-11 12:42:29','[#CONF-20210711-2#]',2,'8c7cb72d-bfa7-11eb-a11f-309c2364fdb6','6ad9523e-d91a-11eb-81f0-842afd097283','f0d473ae-e231-11eb-9dd4-309c2364fdb6',1,NULL,0,NULL,NULL),('c7800829-e245-11eb-9dd4-309c2364fdb6','2021-07-11 12:44:49','[#CONF-20210711-3#]',3,'8c7cb72d-bfa7-11eb-a11f-309c2364fdb6','6ad9523e-d91a-11eb-81f0-842afd097283','f0d473ae-e231-11eb-9dd4-309c2364fdb6',1,NULL,0,NULL,NULL),('56bc3e8d-e246-11eb-9dd4-309c2364fdb6','2021-07-11 12:48:49','[#CONF-20210711-4#]',4,'8c7cb72d-bfa7-11eb-a11f-309c2364fdb6','6ad9523e-d91a-11eb-81f0-842afd097283','f0d473ae-e231-11eb-9dd4-309c2364fdb6',1,NULL,0,NULL,NULL),('6754f03c-e246-11eb-9dd4-309c2364fdb6','2021-07-11 12:49:17','[#CONF-20210711-5#]',5,'8c7cb72d-bfa7-11eb-a11f-309c2364fdb6','6ad9523e-d91a-11eb-81f0-842afd097283','f0d473ae-e231-11eb-9dd4-309c2364fdb6',1,NULL,0,NULL,NULL),('793ad72b-e246-11eb-9dd4-309c2364fdb6','2021-07-11 12:49:47','[#CONF-20210711-6#]',6,'8c7cb72d-bfa7-11eb-a11f-309c2364fdb6','6ad9523e-d91a-11eb-81f0-842afd097283','f0d473ae-e231-11eb-9dd4-309c2364fdb6',1,NULL,0,NULL,NULL),('b01b31aa-e246-11eb-9dd4-309c2364fdb6','2021-07-11 12:51:19','[#CONF-20210711-7#]',7,'8c7cb72d-bfa7-11eb-a11f-309c2364fdb6','6ad9523e-d91a-11eb-81f0-842afd097283','f0d473ae-e231-11eb-9dd4-309c2364fdb6',1,NULL,0,NULL,NULL),('d4764908-e246-11eb-9dd4-309c2364fdb6','2021-07-11 12:52:20','[#CONF-20210711-8#]',8,'8c7cb72d-bfa7-11eb-a11f-309c2364fdb6','6ad9523e-d91a-11eb-81f0-842afd097283','f0d473ae-e231-11eb-9dd4-309c2364fdb6',1,NULL,0,NULL,'2021-07-11 17:48:40'),('e17d1cc1-3418-11ec-b696-d8bbc10f2ae0','2021-10-23 15:50:00','[#CONF-20211023-10#]',10,'8c7cb72d-bfa7-11eb-a11f-309c2364fdb6','6ad9523e-d91a-11eb-81f0-842afd097283','f0d473ae-e231-11eb-9dd4-309c2364fdb6',1,NULL,0,NULL,NULL),('98baa894-3418-11ec-b696-d8bbc10f2ae0','2021-10-23 15:47:58','[#CONF-20211023-9#]',9,'8c7cb72d-bfa7-11eb-a11f-309c2364fdb6','6ad9523e-d91a-11eb-81f0-842afd097283','f0d473ae-e231-11eb-9dd4-309c2364fdb6',1,NULL,0,NULL,NULL);
/*!40000 ALTER TABLE `message_conversation` ENABLE KEYS */;
UNLOCK TABLES;
/*!50003 SET @saved_cs_client      = @@character_set_client */ ;
/*!50003 SET @saved_cs_results     = @@character_set_results */ ;
/*!50003 SET @saved_col_connection = @@collation_connection */ ;
/*!50003 SET character_set_client  = utf8mb4 */ ;
/*!50003 SET character_set_results = utf8mb4 */ ;
/*!50003 SET collation_connection  = utf8mb4_0900_ai_ci */ ;
/*!50003 SET @saved_sql_mode       = @@sql_mode */ ;
/*!50003 SET sql_mode              = 'STRICT_TRANS_TABLES,NO_ENGINE_SUBSTITUTION' */ ;
DELIMITER ;;
/*!50003 CREATE*/ /*!50017 DEFINER=`root`@`localhost`*/ /*!50003 TRIGGER `message_conversation_BEFORE_INSERT` BEFORE INSERT ON `message_conversation` FOR EACH ROW BEGIN

	DECLARE v1 INT;
	SET new.creation_datetime = NOW();   

	
	select MAX(scoped_conf_count) INTO v1 from message_conversation where YEAR(CURDATE()) = YEAR(creation_datetime);
	
	SET new.scoped_conf_count = coalesce(v1+1,1);
	SET new.display_conf_identifier = CONCAT('[#CONF-',DATE_FORMAT(CURDATE(),'%Y%m%d'),'-',new.scoped_conf_count,'#]');
	
END */;;
DELIMITER ;
/*!50003 SET sql_mode              = @saved_sql_mode */ ;
/*!50003 SET character_set_client  = @saved_cs_client */ ;
/*!50003 SET character_set_results = @saved_cs_results */ ;
/*!50003 SET collation_connection  = @saved_col_connection */ ;
/*!50003 SET @saved_cs_client      = @@character_set_client */ ;
/*!50003 SET @saved_cs_results     = @@character_set_results */ ;
/*!50003 SET @saved_col_connection = @@collation_connection */ ;
/*!50003 SET character_set_client  = utf8mb4 */ ;
/*!50003 SET character_set_results = utf8mb4 */ ;
/*!50003 SET collation_connection  = utf8mb4_0900_ai_ci */ ;
/*!50003 SET @saved_sql_mode       = @@sql_mode */ ;
/*!50003 SET sql_mode              = 'STRICT_TRANS_TABLES,NO_ENGINE_SUBSTITUTION' */ ;
DELIMITER ;;
/*!50003 CREATE*/ /*!50017 DEFINER=`root`@`localhost`*/ /*!50003 TRIGGER `message_conversation_BEFORE_UPDATE` BEFORE UPDATE ON `message_conversation` FOR EACH ROW BEGIN
SET new.changed_datetime = NOW();
END */;;
DELIMITER ;
/*!50003 SET sql_mode              = @saved_sql_mode */ ;
/*!50003 SET character_set_client  = @saved_cs_client */ ;
/*!50003 SET character_set_results = @saved_cs_results */ ;
/*!50003 SET collation_connection  = @saved_col_connection */ ;

--
-- Table structure for table `message_conversation_state_type`
--

DROP TABLE IF EXISTS `message_conversation_state_type`;
/*!40101 SET @saved_cs_client     = @@character_set_client */;
/*!50503 SET character_set_client = utf8mb4 */;
CREATE TABLE `message_conversation_state_type` (
  `uuid` varchar(36) NOT NULL,
  `creation_datetime` timestamp NULL DEFAULT CURRENT_TIMESTAMP,
  `name` varchar(45) DEFAULT NULL,
  `active` tinyint NOT NULL DEFAULT '1',
  `activation_datetime` datetime DEFAULT NULL,
  `deleted` tinyint DEFAULT '0',
  `deletion_datetime` datetime DEFAULT NULL,
  `changed_datetime` datetime DEFAULT NULL,
  PRIMARY KEY (`uuid`)
) ENGINE=InnoDB DEFAULT CHARSET=utf8mb3;
/*!40101 SET character_set_client = @saved_cs_client */;

--
-- Dumping data for table `message_conversation_state_type`
--

LOCK TABLES `message_conversation_state_type` WRITE;
/*!40000 ALTER TABLE `message_conversation_state_type` DISABLE KEYS */;
INSERT INTO `message_conversation_state_type` VALUES ('8c7cb72d-bfa7-11eb-a11f-309c2364fdb6','2021-05-28 11:26:30','open',1,NULL,0,NULL,NULL),('8c7cffc2-bfa7-11eb-a11f-309c2364fdb6','2021-05-28 11:26:30','closed',1,NULL,0,NULL,NULL);
/*!40000 ALTER TABLE `message_conversation_state_type` ENABLE KEYS */;
UNLOCK TABLES;
/*!50003 SET @saved_cs_client      = @@character_set_client */ ;
/*!50003 SET @saved_cs_results     = @@character_set_results */ ;
/*!50003 SET @saved_col_connection = @@collation_connection */ ;
/*!50003 SET character_set_client  = utf8mb4 */ ;
/*!50003 SET character_set_results = utf8mb4 */ ;
/*!50003 SET collation_connection  = utf8mb4_0900_ai_ci */ ;
/*!50003 SET @saved_sql_mode       = @@sql_mode */ ;
/*!50003 SET sql_mode              = 'STRICT_TRANS_TABLES,NO_ENGINE_SUBSTITUTION' */ ;
DELIMITER ;;
/*!50003 CREATE*/ /*!50017 DEFINER=`root`@`localhost`*/ /*!50003 TRIGGER `message_conversation_type_BEFORE_INSERT` BEFORE INSERT ON `message_conversation_state_type` FOR EACH ROW BEGIN

SET new.creation_datetime = NOW();   


END */;;
DELIMITER ;
/*!50003 SET sql_mode              = @saved_sql_mode */ ;
/*!50003 SET character_set_client  = @saved_cs_client */ ;
/*!50003 SET character_set_results = @saved_cs_results */ ;
/*!50003 SET collation_connection  = @saved_col_connection */ ;
/*!50003 SET @saved_cs_client      = @@character_set_client */ ;
/*!50003 SET @saved_cs_results     = @@character_set_results */ ;
/*!50003 SET @saved_col_connection = @@collation_connection */ ;
/*!50003 SET character_set_client  = utf8mb4 */ ;
/*!50003 SET character_set_results = utf8mb4 */ ;
/*!50003 SET collation_connection  = utf8mb4_0900_ai_ci */ ;
/*!50003 SET @saved_sql_mode       = @@sql_mode */ ;
/*!50003 SET sql_mode              = 'STRICT_TRANS_TABLES,NO_ENGINE_SUBSTITUTION' */ ;
DELIMITER ;;
/*!50003 CREATE*/ /*!50017 DEFINER=`root`@`localhost`*/ /*!50003 TRIGGER `message_conversation_type_BEFORE_UPDATE` BEFORE UPDATE ON `message_conversation_state_type` FOR EACH ROW BEGIN
SET new.changed_datetime = NOW();
END */;;
DELIMITER ;
/*!50003 SET sql_mode              = @saved_sql_mode */ ;
/*!50003 SET character_set_client  = @saved_cs_client */ ;
/*!50003 SET character_set_results = @saved_cs_results */ ;
/*!50003 SET collation_connection  = @saved_col_connection */ ;

--
-- Table structure for table `message_queue`
--

DROP TABLE IF EXISTS `message_queue`;
/*!40101 SET @saved_cs_client     = @@character_set_client */;
/*!50503 SET character_set_client = utf8mb4 */;
CREATE TABLE `message_queue` (
  `uuid` varchar(36) NOT NULL,
  `system_message_user_uuid` varchar(36) NOT NULL,
  `message_queue_uuid` varchar(36) DEFAULT NULL COMMENT 'parent queue hirarchy',
  `name` varchar(45) NOT NULL,
  `inbox_folder` varchar(45) DEFAULT NULL,
  `procedded_folder` varchar(45) DEFAULT NULL,
  `delete_mails_after_processing` tinyint NOT NULL,
  `is_junk` tinyint NOT NULL,
  `initial_msg` text,
  `creation_datetime` timestamp NULL DEFAULT CURRENT_TIMESTAMP,
  `active` tinyint NOT NULL DEFAULT '1',
  `activation_datetime` datetime DEFAULT NULL,
  `deleted` tinyint DEFAULT '1',
  `deletion_datetime` datetime DEFAULT NULL,
  `changed_datetime` datetime DEFAULT NULL,
  `max_attachment_file_size` double DEFAULT NULL,
  `allowed_attachment_file_extensions` json DEFAULT NULL,
  `attachment_av_check` tinyint DEFAULT NULL,
  PRIMARY KEY (`system_message_user_uuid`,`name`),
  KEY `uuid_idx` (`uuid`)
) ENGINE=InnoDB DEFAULT CHARSET=utf8mb3;
/*!40101 SET character_set_client = @saved_cs_client */;

--
-- Dumping data for table `message_queue`
--

LOCK TABLES `message_queue` WRITE;
/*!40000 ALTER TABLE `message_queue` DISABLE KEYS */;
INSERT INTO `message_queue` VALUES ('405c169e-e250-11eb-9dd4-309c2364fdb6','1b72a750-dbe3-11eb-8cd9-842afd097283',NULL,'Junk',NULL,NULL,0,1,NULL,'2021-07-11 14:00:29',1,NULL,1,NULL,'2021-07-24 11:54:06',NULL,NULL,1),('f0d473ae-e231-11eb-9dd4-309c2364fdb6','1b72a750-dbe3-11eb-8cd9-842afd097283',NULL,'Service','INBOX','processed',0,0,'Ticket opened Body TXT','2021-07-11 10:24:18',1,NULL,0,NULL,'2021-07-24 12:26:21',2,'[{\"extension\": \".png\"}, {\"extension\": \".pdf\"}, {\"extension\": \".jpg\"}]',1);
/*!40000 ALTER TABLE `message_queue` ENABLE KEYS */;
UNLOCK TABLES;
/*!50003 SET @saved_cs_client      = @@character_set_client */ ;
/*!50003 SET @saved_cs_results     = @@character_set_results */ ;
/*!50003 SET @saved_col_connection = @@collation_connection */ ;
/*!50003 SET character_set_client  = utf8mb4 */ ;
/*!50003 SET character_set_results = utf8mb4 */ ;
/*!50003 SET collation_connection  = utf8mb4_0900_ai_ci */ ;
/*!50003 SET @saved_sql_mode       = @@sql_mode */ ;
/*!50003 SET sql_mode              = 'STRICT_TRANS_TABLES,NO_ENGINE_SUBSTITUTION' */ ;
DELIMITER ;;
/*!50003 CREATE*/ /*!50017 DEFINER=`root`@`localhost`*/ /*!50003 TRIGGER `message_queue_BEFORE_INSERT` BEFORE INSERT ON `message_queue` FOR EACH ROW BEGIN
	SET new.creation_datetime = NOW();
    
END */;;
DELIMITER ;
/*!50003 SET sql_mode              = @saved_sql_mode */ ;
/*!50003 SET character_set_client  = @saved_cs_client */ ;
/*!50003 SET character_set_results = @saved_cs_results */ ;
/*!50003 SET collation_connection  = @saved_col_connection */ ;
/*!50003 SET @saved_cs_client      = @@character_set_client */ ;
/*!50003 SET @saved_cs_results     = @@character_set_results */ ;
/*!50003 SET @saved_col_connection = @@collation_connection */ ;
/*!50003 SET character_set_client  = utf8mb4 */ ;
/*!50003 SET character_set_results = utf8mb4 */ ;
/*!50003 SET collation_connection  = utf8mb4_0900_ai_ci */ ;
/*!50003 SET @saved_sql_mode       = @@sql_mode */ ;
/*!50003 SET sql_mode              = 'STRICT_TRANS_TABLES,NO_ENGINE_SUBSTITUTION' */ ;
DELIMITER ;;
/*!50003 CREATE*/ /*!50017 DEFINER=`root`@`localhost`*/ /*!50003 TRIGGER `message_queue_BEFORE_UPDATE` BEFORE UPDATE ON `message_queue` FOR EACH ROW BEGIN
	SET new.changed_datetime = NOW();
END */;;
DELIMITER ;
/*!50003 SET sql_mode              = @saved_sql_mode */ ;
/*!50003 SET character_set_client  = @saved_cs_client */ ;
/*!50003 SET character_set_results = @saved_cs_results */ ;
/*!50003 SET collation_connection  = @saved_col_connection */ ;

--
-- Table structure for table `message_relation_to_account`
--

DROP TABLE IF EXISTS `message_relation_to_account`;
/*!40101 SET @saved_cs_client     = @@character_set_client */;
/*!50503 SET character_set_client = utf8mb4 */;
CREATE TABLE `message_relation_to_account` (
  `uuid` varchar(36) NOT NULL,
  `message_uuid` varchar(36) NOT NULL,
  `account_uuid` varchar(36) NOT NULL,
  `message_sending_type_uuid` varchar(36) NOT NULL,
  `creation_datetime` timestamp NULL DEFAULT CURRENT_TIMESTAMP,
  `active` tinyint NOT NULL DEFAULT '1',
  `activation_datetime` datetime DEFAULT NULL,
  `deleted` tinyint DEFAULT '0',
  `deletion_datetime` datetime DEFAULT NULL,
  `changed_datetime` datetime DEFAULT NULL,
  PRIMARY KEY (`message_uuid`,`account_uuid`,`message_sending_type_uuid`),
  KEY `uuid_Idx` (`uuid`)
) ENGINE=InnoDB DEFAULT CHARSET=utf8mb3;
/*!40101 SET character_set_client = @saved_cs_client */;

--
-- Dumping data for table `message_relation_to_account`
--

LOCK TABLES `message_relation_to_account` WRITE;
/*!40000 ALTER TABLE `message_relation_to_account` DISABLE KEYS */;
INSERT INTO `message_relation_to_account` VALUES ('56c366ae-e246-11eb-9dd4-309c2364fdb6','56bff630-e246-11eb-9dd4-309c2364fdb6','34b543fb-deb2-11eb-8405-842afd097283','6e9e9021-bfa0-11eb-a11f-309c2364fdb6','2021-07-11 12:48:49',1,NULL,0,NULL,NULL),('56c235ba-e246-11eb-9dd4-309c2364fdb6','56bff630-e246-11eb-9dd4-309c2364fdb6','8aaa84d0-e245-11eb-9dd4-309c2364fdb6','6e9ec4ed-bfa0-11eb-a11f-309c2364fdb6','2021-07-11 12:48:49',1,NULL,0,NULL,NULL),('67588ef0-e246-11eb-9dd4-309c2364fdb6','67565129-e246-11eb-9dd4-309c2364fdb6','34b543fb-deb2-11eb-8405-842afd097283','6e9e9021-bfa0-11eb-a11f-309c2364fdb6','2021-07-11 12:49:17',1,NULL,0,NULL,NULL),('675766f3-e246-11eb-9dd4-309c2364fdb6','67565129-e246-11eb-9dd4-309c2364fdb6','8aaa84d0-e245-11eb-9dd4-309c2364fdb6','6e9ec4ed-bfa0-11eb-a11f-309c2364fdb6','2021-07-11 12:49:17',1,NULL,0,NULL,NULL),('930fafc3-e245-11eb-9dd4-309c2364fdb6','73eec4b8-e245-11eb-9dd4-309c2364fdb6','8aaa84d0-e245-11eb-9dd4-309c2364fdb6','6e9ec4ed-bfa0-11eb-a11f-309c2364fdb6','2021-07-11 12:43:21',1,NULL,0,NULL,NULL),('7941ca57-e246-11eb-9dd4-309c2364fdb6','793e7a40-e246-11eb-9dd4-309c2364fdb6','34b543fb-deb2-11eb-8405-842afd097283','6e9e9021-bfa0-11eb-a11f-309c2364fdb6','2021-07-11 12:49:47',1,NULL,0,NULL,NULL),('79407229-e246-11eb-9dd4-309c2364fdb6','793e7a40-e246-11eb-9dd4-309c2364fdb6','8aaa84d0-e245-11eb-9dd4-309c2364fdb6','6e9ec4ed-bfa0-11eb-a11f-309c2364fdb6','2021-07-11 12:49:47',1,NULL,0,NULL,NULL),('98d580df-3418-11ec-b696-d8bbc10f2ae0','98bda32b-3418-11ec-b696-d8bbc10f2ae0','8aaa84d0-e245-11eb-9dd4-309c2364fdb6','6e9e9021-bfa0-11eb-a11f-309c2364fdb6','2021-10-23 15:47:58',1,NULL,0,NULL,NULL),('98d3d245-3418-11ec-b696-d8bbc10f2ae0','98bda32b-3418-11ec-b696-d8bbc10f2ae0','98caf4cf-3418-11ec-b696-d8bbc10f2ae0','6e9ec4ed-bfa0-11eb-a11f-309c2364fdb6','2021-10-23 15:47:58',1,NULL,0,NULL,NULL),('b0223afd-e246-11eb-9dd4-309c2364fdb6','b01ee2f6-e246-11eb-9dd4-309c2364fdb6','34b543fb-deb2-11eb-8405-842afd097283','6e9e9021-bfa0-11eb-a11f-309c2364fdb6','2021-07-11 12:51:19',1,NULL,0,NULL,NULL),('b0210f0c-e246-11eb-9dd4-309c2364fdb6','b01ee2f6-e246-11eb-9dd4-309c2364fdb6','8aaa84d0-e245-11eb-9dd4-309c2364fdb6','6e9ec4ed-bfa0-11eb-a11f-309c2364fdb6','2021-07-11 12:51:19',1,NULL,0,NULL,NULL),('c7871b60-e245-11eb-9dd4-309c2364fdb6','c783ca5d-e245-11eb-9dd4-309c2364fdb6','34b543fb-deb2-11eb-8405-842afd097283','6e9e9021-bfa0-11eb-a11f-309c2364fdb6','2021-07-11 12:44:49',1,NULL,0,NULL,NULL),('c785fdbd-e245-11eb-9dd4-309c2364fdb6','c783ca5d-e245-11eb-9dd4-309c2364fdb6','8aaa84d0-e245-11eb-9dd4-309c2364fdb6','6e9ec4ed-bfa0-11eb-a11f-309c2364fdb6','2021-07-11 12:44:49',1,NULL,0,NULL,NULL),('d47b00dd-e246-11eb-9dd4-309c2364fdb6','d47869b1-e246-11eb-9dd4-309c2364fdb6','8aaa84d0-e245-11eb-9dd4-309c2364fdb6','6e9e9021-bfa0-11eb-a11f-309c2364fdb6','2021-07-11 12:52:20',1,NULL,0,NULL,NULL),('d479da88-e246-11eb-9dd4-309c2364fdb6','d47869b1-e246-11eb-9dd4-309c2364fdb6','a546f7aa-dea9-11eb-8405-842afd097283','6e9ec4ed-bfa0-11eb-a11f-309c2364fdb6','2021-07-11 12:52:20',1,NULL,0,NULL,NULL),('e1841bbf-3418-11ec-b696-d8bbc10f2ae0','e17e5d0f-3418-11ec-b696-d8bbc10f2ae0','8aaa84d0-e245-11eb-9dd4-309c2364fdb6','6e9e9021-bfa0-11eb-a11f-309c2364fdb6','2021-10-23 15:50:00',1,NULL,0,NULL,NULL),('e1835b16-3418-11ec-b696-d8bbc10f2ae0','e17e5d0f-3418-11ec-b696-d8bbc10f2ae0','98caf4cf-3418-11ec-b696-d8bbc10f2ae0','6e9ec4ed-bfa0-11eb-a11f-309c2364fdb6','2021-10-23 15:50:00',1,NULL,0,NULL,NULL),('ed58c9e7-e246-11eb-9dd4-309c2364fdb6','ed57815b-e246-11eb-9dd4-309c2364fdb6','a546f7aa-dea9-11eb-8405-842afd097283','6e9ec4ed-bfa0-11eb-a11f-309c2364fdb6','2021-07-11 12:53:02',1,NULL,0,NULL,NULL);
/*!40000 ALTER TABLE `message_relation_to_account` ENABLE KEYS */;
UNLOCK TABLES;
/*!50003 SET @saved_cs_client      = @@character_set_client */ ;
/*!50003 SET @saved_cs_results     = @@character_set_results */ ;
/*!50003 SET @saved_col_connection = @@collation_connection */ ;
/*!50003 SET character_set_client  = utf8mb4 */ ;
/*!50003 SET character_set_results = utf8mb4 */ ;
/*!50003 SET collation_connection  = utf8mb4_0900_ai_ci */ ;
/*!50003 SET @saved_sql_mode       = @@sql_mode */ ;
/*!50003 SET sql_mode              = 'STRICT_TRANS_TABLES,NO_ENGINE_SUBSTITUTION' */ ;
DELIMITER ;;
/*!50003 CREATE*/ /*!50017 DEFINER=`root`@`localhost`*/ /*!50003 TRIGGER `message_relation_to_account_BEFORE_INSERT` BEFORE INSERT ON `message_relation_to_account` FOR EACH ROW BEGIN

SET new.creation_datetime = NOW();   
END */;;
DELIMITER ;
/*!50003 SET sql_mode              = @saved_sql_mode */ ;
/*!50003 SET character_set_client  = @saved_cs_client */ ;
/*!50003 SET character_set_results = @saved_cs_results */ ;
/*!50003 SET collation_connection  = @saved_col_connection */ ;
/*!50003 SET @saved_cs_client      = @@character_set_client */ ;
/*!50003 SET @saved_cs_results     = @@character_set_results */ ;
/*!50003 SET @saved_col_connection = @@collation_connection */ ;
/*!50003 SET character_set_client  = utf8mb4 */ ;
/*!50003 SET character_set_results = utf8mb4 */ ;
/*!50003 SET collation_connection  = utf8mb4_0900_ai_ci */ ;
/*!50003 SET @saved_sql_mode       = @@sql_mode */ ;
/*!50003 SET sql_mode              = 'STRICT_TRANS_TABLES,NO_ENGINE_SUBSTITUTION' */ ;
DELIMITER ;;
/*!50003 CREATE*/ /*!50017 DEFINER=`root`@`localhost`*/ /*!50003 TRIGGER `message_relation_to_account_BEFORE_UPDATE` BEFORE UPDATE ON `message_relation_to_account` FOR EACH ROW BEGIN

SET new.changed_datetime = NOW();
END */;;
DELIMITER ;
/*!50003 SET sql_mode              = @saved_sql_mode */ ;
/*!50003 SET character_set_client  = @saved_cs_client */ ;
/*!50003 SET character_set_results = @saved_cs_results */ ;
/*!50003 SET collation_connection  = @saved_col_connection */ ;

--
-- Table structure for table `message_relation_to_attachment`
--

DROP TABLE IF EXISTS `message_relation_to_attachment`;
/*!40101 SET @saved_cs_client     = @@character_set_client */;
/*!50503 SET character_set_client = utf8mb4 */;
CREATE TABLE `message_relation_to_attachment` (
  `uuid` varchar(36) NOT NULL,
  `message_uuid` varchar(36) NOT NULL,
  `message_attachment_uuid` varchar(36) NOT NULL,
  `file_extension` varchar(5) DEFAULT NULL,
  `creation_datetime` timestamp NULL DEFAULT CURRENT_TIMESTAMP,
  `active` tinyint NOT NULL DEFAULT '1',
  `activation_datetime` datetime DEFAULT NULL,
  `deleted` tinyint DEFAULT '0',
  `deletion_datetime` datetime DEFAULT NULL,
  `changed_datetime` datetime DEFAULT NULL,
  PRIMARY KEY (`message_uuid`,`message_attachment_uuid`),
  KEY `uuid_Idx` (`uuid`),
  KEY `fk_messageRelToAttach2_idx` (`message_attachment_uuid`),
  CONSTRAINT `fk_messageRelToAttach1` FOREIGN KEY (`message_uuid`) REFERENCES `message` (`uuid`),
  CONSTRAINT `fk_messageRelToAttach2` FOREIGN KEY (`message_attachment_uuid`) REFERENCES `message_attachment` (`uuid`)
) ENGINE=InnoDB DEFAULT CHARSET=utf8mb3;
/*!40101 SET character_set_client = @saved_cs_client */;

--
-- Dumping data for table `message_relation_to_attachment`
--

LOCK TABLES `message_relation_to_attachment` WRITE;
/*!40000 ALTER TABLE `message_relation_to_attachment` DISABLE KEYS */;
INSERT INTO `message_relation_to_attachment` VALUES ('98cfde81-3418-11ec-b696-d8bbc10f2ae0','98bda32b-3418-11ec-b696-d8bbc10f2ae0','98cc57b7-3418-11ec-b696-d8bbc10f2ae0','.','2021-10-23 15:47:58',1,NULL,0,NULL,NULL),('98d30218-3418-11ec-b696-d8bbc10f2ae0','98bda32b-3418-11ec-b696-d8bbc10f2ae0','98d1cceb-3418-11ec-b696-d8bbc10f2ae0','.','2021-10-23 15:47:58',1,NULL,0,NULL,NULL),('e180b51d-3418-11ec-b696-d8bbc10f2ae0','e17e5d0f-3418-11ec-b696-d8bbc10f2ae0','e17f87f5-3418-11ec-b696-d8bbc10f2ae0','.','2021-10-23 15:50:00',1,NULL,0,NULL,NULL),('e182cc39-3418-11ec-b696-d8bbc10f2ae0','e17e5d0f-3418-11ec-b696-d8bbc10f2ae0','e1819f20-3418-11ec-b696-d8bbc10f2ae0','.','2021-10-23 15:50:00',1,NULL,0,NULL,NULL);
/*!40000 ALTER TABLE `message_relation_to_attachment` ENABLE KEYS */;
UNLOCK TABLES;
/*!50003 SET @saved_cs_client      = @@character_set_client */ ;
/*!50003 SET @saved_cs_results     = @@character_set_results */ ;
/*!50003 SET @saved_col_connection = @@collation_connection */ ;
/*!50003 SET character_set_client  = utf8mb4 */ ;
/*!50003 SET character_set_results = utf8mb4 */ ;
/*!50003 SET collation_connection  = utf8mb4_0900_ai_ci */ ;
/*!50003 SET @saved_sql_mode       = @@sql_mode */ ;
/*!50003 SET sql_mode              = 'STRICT_TRANS_TABLES,NO_ENGINE_SUBSTITUTION' */ ;
DELIMITER ;;
/*!50003 CREATE*/ /*!50017 DEFINER=`root`@`localhost`*/ /*!50003 TRIGGER `message_relation_to_attachment_BEFORE_INSERT` BEFORE INSERT ON `message_relation_to_attachment` FOR EACH ROW BEGIN

SET new.creation_datetime = NOW();   
END */;;
DELIMITER ;
/*!50003 SET sql_mode              = @saved_sql_mode */ ;
/*!50003 SET character_set_client  = @saved_cs_client */ ;
/*!50003 SET character_set_results = @saved_cs_results */ ;
/*!50003 SET collation_connection  = @saved_col_connection */ ;
/*!50003 SET @saved_cs_client      = @@character_set_client */ ;
/*!50003 SET @saved_cs_results     = @@character_set_results */ ;
/*!50003 SET @saved_col_connection = @@collation_connection */ ;
/*!50003 SET character_set_client  = utf8mb4 */ ;
/*!50003 SET character_set_results = utf8mb4 */ ;
/*!50003 SET collation_connection  = utf8mb4_0900_ai_ci */ ;
/*!50003 SET @saved_sql_mode       = @@sql_mode */ ;
/*!50003 SET sql_mode              = 'STRICT_TRANS_TABLES,NO_ENGINE_SUBSTITUTION' */ ;
DELIMITER ;;
/*!50003 CREATE*/ /*!50017 DEFINER=`root`@`localhost`*/ /*!50003 TRIGGER `message_relation_to_attachment_BEFORE_UPDATE` BEFORE UPDATE ON `message_relation_to_attachment` FOR EACH ROW BEGIN
SET new.changed_datetime = NOW();
END */;;
DELIMITER ;
/*!50003 SET sql_mode              = @saved_sql_mode */ ;
/*!50003 SET character_set_client  = @saved_cs_client */ ;
/*!50003 SET character_set_results = @saved_cs_results */ ;
/*!50003 SET collation_connection  = @saved_col_connection */ ;

--
-- Table structure for table `message_sending_type`
--

DROP TABLE IF EXISTS `message_sending_type`;
/*!40101 SET @saved_cs_client     = @@character_set_client */;
/*!50503 SET character_set_client = utf8mb4 */;
CREATE TABLE `message_sending_type` (
  `uuid` varchar(36) NOT NULL,
  `name` varchar(45) NOT NULL,
  `description` varchar(256) DEFAULT NULL,
  `creation_datetime` timestamp NULL DEFAULT CURRENT_TIMESTAMP,
  `activation_datetime` datetime DEFAULT NULL,
  `deleted` tinyint DEFAULT '0',
  `deletion_datetime` datetime DEFAULT NULL,
  `changed_datetime` datetime DEFAULT NULL,
  PRIMARY KEY (`uuid`)
) ENGINE=InnoDB DEFAULT CHARSET=utf8mb3;
/*!40101 SET character_set_client = @saved_cs_client */;

--
-- Dumping data for table `message_sending_type`
--

LOCK TABLES `message_sending_type` WRITE;
/*!40000 ALTER TABLE `message_sending_type` DISABLE KEYS */;
INSERT INTO `message_sending_type` VALUES ('6e9e9021-bfa0-11eb-a11f-309c2364fdb6','to','receiver','2021-05-28 10:35:33',NULL,0,NULL,NULL),('6e9eaf47-bfa0-11eb-a11f-309c2364fdb6','cc','carbon copy','2021-05-28 10:35:33',NULL,0,NULL,NULL),('6e9ebb70-bfa0-11eb-a11f-309c2364fdb6','bcc','blind carbon copy','2021-05-28 10:35:33',NULL,0,NULL,NULL),('6e9ec4ed-bfa0-11eb-a11f-309c2364fdb6','from','sender','2021-05-28 10:35:33',NULL,0,NULL,NULL);
/*!40000 ALTER TABLE `message_sending_type` ENABLE KEYS */;
UNLOCK TABLES;
/*!50003 SET @saved_cs_client      = @@character_set_client */ ;
/*!50003 SET @saved_cs_results     = @@character_set_results */ ;
/*!50003 SET @saved_col_connection = @@collation_connection */ ;
/*!50003 SET character_set_client  = utf8mb4 */ ;
/*!50003 SET character_set_results = utf8mb4 */ ;
/*!50003 SET collation_connection  = utf8mb4_0900_ai_ci */ ;
/*!50003 SET @saved_sql_mode       = @@sql_mode */ ;
/*!50003 SET sql_mode              = 'STRICT_TRANS_TABLES,NO_ENGINE_SUBSTITUTION' */ ;
DELIMITER ;;
/*!50003 CREATE*/ /*!50017 DEFINER=`root`@`localhost`*/ /*!50003 TRIGGER `account_type_BEFORE_INSERT` BEFORE INSERT ON `message_sending_type` FOR EACH ROW BEGIN
SET new.creation_datetime = NOW();   
END */;;
DELIMITER ;
/*!50003 SET sql_mode              = @saved_sql_mode */ ;
/*!50003 SET character_set_client  = @saved_cs_client */ ;
/*!50003 SET character_set_results = @saved_cs_results */ ;
/*!50003 SET collation_connection  = @saved_col_connection */ ;
/*!50003 SET @saved_cs_client      = @@character_set_client */ ;
/*!50003 SET @saved_cs_results     = @@character_set_results */ ;
/*!50003 SET @saved_col_connection = @@collation_connection */ ;
/*!50003 SET character_set_client  = utf8mb4 */ ;
/*!50003 SET character_set_results = utf8mb4 */ ;
/*!50003 SET collation_connection  = utf8mb4_0900_ai_ci */ ;
/*!50003 SET @saved_sql_mode       = @@sql_mode */ ;
/*!50003 SET sql_mode              = 'STRICT_TRANS_TABLES,NO_ENGINE_SUBSTITUTION' */ ;
DELIMITER ;;
/*!50003 CREATE*/ /*!50017 DEFINER=`root`@`localhost`*/ /*!50003 TRIGGER `account_type_BEFORE_UPDATE` BEFORE UPDATE ON `message_sending_type` FOR EACH ROW BEGIN
SET new.changed_datetime = NOW();
END */;;
DELIMITER ;
/*!50003 SET sql_mode              = @saved_sql_mode */ ;
/*!50003 SET character_set_client  = @saved_cs_client */ ;
/*!50003 SET character_set_results = @saved_cs_results */ ;
/*!50003 SET collation_connection  = @saved_col_connection */ ;

--
-- Table structure for table `odbc_driver`
--

DROP TABLE IF EXISTS `odbc_driver`;
/*!40101 SET @saved_cs_client     = @@character_set_client */;
/*!50503 SET character_set_client = utf8mb4 */;
CREATE TABLE `odbc_driver` (
  `uuid` varchar(36) NOT NULL,
  `name` varchar(128) NOT NULL,
  `description` varchar(256) NOT NULL,
  `icon_exist_flag` tinyint NOT NULL DEFAULT '0' COMMENT 'Only Icon with Size 32x32',
  `banner_exist_flag` tinyint NOT NULL DEFAULT '0' COMMENT 'Like Icon but with max Size B:256,H:128',
  `creation_datetime` timestamp NULL DEFAULT CURRENT_TIMESTAMP,
  `active` tinyint NOT NULL DEFAULT '1',
  `activation_datetime` datetime DEFAULT NULL,
  `deleted` tinyint DEFAULT '0',
  `deletion_datetime` datetime DEFAULT NULL,
  `changed_datetime` datetime DEFAULT NULL,
  PRIMARY KEY (`uuid`)
) ENGINE=InnoDB DEFAULT CHARSET=utf8mb3;
/*!40101 SET character_set_client = @saved_cs_client */;

--
-- Dumping data for table `odbc_driver`
--

LOCK TABLES `odbc_driver` WRITE;
/*!40000 ALTER TABLE `odbc_driver` DISABLE KEYS */;
INSERT INTO `odbc_driver` VALUES ('266b1137-a5b5-11eb-bac0-309c2364fdb6','MySQL','MySQL ODBC Driver',1,1,'2021-04-25 10:58:21',1,NULL,0,NULL,'2021-05-27 15:57:51'),('266b9d70-a5b5-11eb-bac0-309c2364fdb6','PostgreSQL','Postgresql ODBC Driver',1,1,'2021-04-25 10:58:21',1,NULL,0,NULL,'2021-05-27 15:57:51'),('266ba188-a5b5-11eb-bac0-309c2364fdb6','Microsoft Excel','Microsoft Default ODBC Driver for Excel',1,1,'2021-04-25 10:58:21',1,NULL,0,NULL,'2021-05-27 15:57:51'),('266bca8b-a5b5-11eb-bac0-309c2364fdb6','Microsoft Access','Microsoft Default ODBC Driver for Access',0,0,'2021-04-25 10:58:21',1,NULL,0,NULL,'2021-05-27 11:47:52');
/*!40000 ALTER TABLE `odbc_driver` ENABLE KEYS */;
UNLOCK TABLES;
/*!50003 SET @saved_cs_client      = @@character_set_client */ ;
/*!50003 SET @saved_cs_results     = @@character_set_results */ ;
/*!50003 SET @saved_col_connection = @@collation_connection */ ;
/*!50003 SET character_set_client  = utf8mb4 */ ;
/*!50003 SET character_set_results = utf8mb4 */ ;
/*!50003 SET collation_connection  = utf8mb4_0900_ai_ci */ ;
/*!50003 SET @saved_sql_mode       = @@sql_mode */ ;
/*!50003 SET sql_mode              = 'STRICT_TRANS_TABLES,NO_ENGINE_SUBSTITUTION' */ ;
DELIMITER ;;
/*!50003 CREATE*/ /*!50017 DEFINER=`rest`@`%`*/ /*!50003 TRIGGER `odbc_driver_BEFORE_INSERT` BEFORE INSERT ON `odbc_driver` FOR EACH ROW BEGIN 	SET new.creation_datetime = NOW();   END */;;
DELIMITER ;
/*!50003 SET sql_mode              = @saved_sql_mode */ ;
/*!50003 SET character_set_client  = @saved_cs_client */ ;
/*!50003 SET character_set_results = @saved_cs_results */ ;
/*!50003 SET collation_connection  = @saved_col_connection */ ;
/*!50003 SET @saved_cs_client      = @@character_set_client */ ;
/*!50003 SET @saved_cs_results     = @@character_set_results */ ;
/*!50003 SET @saved_col_connection = @@collation_connection */ ;
/*!50003 SET character_set_client  = utf8mb4 */ ;
/*!50003 SET character_set_results = utf8mb4 */ ;
/*!50003 SET collation_connection  = utf8mb4_0900_ai_ci */ ;
/*!50003 SET @saved_sql_mode       = @@sql_mode */ ;
/*!50003 SET sql_mode              = 'STRICT_TRANS_TABLES,NO_ENGINE_SUBSTITUTION' */ ;
DELIMITER ;;
/*!50003 CREATE*/ /*!50017 DEFINER=`rest`@`%`*/ /*!50003 TRIGGER `odbc_driver_BEFORE_UPDATE` BEFORE UPDATE ON `odbc_driver` FOR EACH ROW BEGIN 	SET new.changed_datetime = NOW();END */;;
DELIMITER ;
/*!50003 SET sql_mode              = @saved_sql_mode */ ;
/*!50003 SET character_set_client  = @saved_cs_client */ ;
/*!50003 SET character_set_results = @saved_cs_results */ ;
/*!50003 SET collation_connection  = @saved_col_connection */ ;

--
-- Table structure for table `odbc_driver_version`
--

DROP TABLE IF EXISTS `odbc_driver_version`;
/*!40101 SET @saved_cs_client     = @@character_set_client */;
/*!50503 SET character_set_client = utf8mb4 */;
CREATE TABLE `odbc_driver_version` (
  `uuid` varchar(36) NOT NULL,
  `odbc_driver_uuid` varchar(36) DEFAULT NULL,
  `version_vendor` varchar(90) NOT NULL,
  `version_internal` varchar(45) NOT NULL,
  `version_subversion_internal` varchar(45) NOT NULL,
  `encoding` varchar(45) NOT NULL,
  `creation_datetime` timestamp NULL DEFAULT CURRENT_TIMESTAMP,
  `active` tinyint NOT NULL DEFAULT '1',
  `activation_datetime` datetime DEFAULT NULL,
  `deleted` tinyint DEFAULT '0',
  `deletion_datetime` datetime DEFAULT NULL,
  `changed_datetime` datetime DEFAULT NULL,
  PRIMARY KEY (`uuid`),
  KEY `fk_odbcDriverVersionToOdbcDriver_idx` (`odbc_driver_uuid`),
  CONSTRAINT `fk_odbcDriverVersionToOdbcDriver` FOREIGN KEY (`odbc_driver_uuid`) REFERENCES `odbc_driver` (`uuid`)
) ENGINE=InnoDB DEFAULT CHARSET=utf8mb3;
/*!40101 SET character_set_client = @saved_cs_client */;

--
-- Dumping data for table `odbc_driver_version`
--

LOCK TABLES `odbc_driver_version` WRITE;
/*!40000 ALTER TABLE `odbc_driver_version` DISABLE KEYS */;
INSERT INTO `odbc_driver_version` VALUES ('1d5f08ed-a5b7-11eb-bac0-309c2364fdb6','266b1137-a5b5-11eb-bac0-309c2364fdb6','8.0.19','8.0','19','Unicode','2021-04-25 11:12:25',1,NULL,0,NULL,'2021-05-27 11:47:52'),('1d5f7eb1-a5b7-11eb-bac0-309c2364fdb6','266b9d70-a5b5-11eb-bac0-309c2364fdb6','12.2','12','2','Unicode','2021-04-25 11:12:25',1,NULL,0,NULL,'2021-05-27 11:47:52'),('1d5f80cc-a5b7-11eb-bac0-309c2364fdb6','266b1137-a5b5-11eb-bac0-309c2364fdb6','8.0.11','8.0','11','Unicode','2021-04-25 11:12:25',1,NULL,0,NULL,'2021-05-27 11:47:52'),('1d5f820d-a5b7-11eb-bac0-309c2364fdb6','266ba188-a5b5-11eb-bac0-309c2364fdb6','1.0','1','0','Unicode','2021-04-25 11:12:25',1,NULL,0,NULL,'2021-05-27 11:47:52'),('1d5f8336-a5b7-11eb-bac0-309c2364fdb6','266bca8b-a5b5-11eb-bac0-309c2364fdb6','1.0','1','0','Unicode','2021-04-25 11:12:25',1,NULL,0,NULL,'2021-05-27 11:47:52'),('1d5f8445-a5b7-11eb-bac0-309c2364fdb6','266b1137-a5b5-11eb-bac0-309c2364fdb6','8.0.19','8.0','19','ANSI','2021-04-25 11:12:25',1,NULL,0,NULL,'2021-05-27 17:31:30'),('1d5f854b-a5b7-11eb-bac0-309c2364fdb6','266b1137-a5b5-11eb-bac0-309c2364fdb6','8.0.11','8.0','11','ANSI','2021-04-25 11:12:25',1,NULL,0,NULL,'2021-05-27 11:47:52'),('1d5f864e-a5b7-11eb-bac0-309c2364fdb6','266b9d70-a5b5-11eb-bac0-309c2364fdb6','12.2','12','2','ANSI','2021-04-25 11:12:25',1,NULL,0,NULL,'2021-05-27 11:47:52'),('254d6dee-f1f7-11eb-ad62-309c2364fdb6','266b1137-a5b5-11eb-bac0-309c2364fdb6','99.1','99','1','Test','2021-07-31 12:02:52',1,NULL,0,NULL,NULL);
/*!40000 ALTER TABLE `odbc_driver_version` ENABLE KEYS */;
UNLOCK TABLES;
/*!50003 SET @saved_cs_client      = @@character_set_client */ ;
/*!50003 SET @saved_cs_results     = @@character_set_results */ ;
/*!50003 SET @saved_col_connection = @@collation_connection */ ;
/*!50003 SET character_set_client  = utf8mb4 */ ;
/*!50003 SET character_set_results = utf8mb4 */ ;
/*!50003 SET collation_connection  = utf8mb4_0900_ai_ci */ ;
/*!50003 SET @saved_sql_mode       = @@sql_mode */ ;
/*!50003 SET sql_mode              = 'STRICT_TRANS_TABLES,NO_ENGINE_SUBSTITUTION' */ ;
DELIMITER ;;
/*!50003 CREATE*/ /*!50017 DEFINER=`rest`@`%`*/ /*!50003 TRIGGER `odbc_driver_version_BEFORE_INSERT` BEFORE INSERT ON `odbc_driver_version` FOR EACH ROW BEGIN 	SET new.creation_datetime = NOW();   END */;;
DELIMITER ;
/*!50003 SET sql_mode              = @saved_sql_mode */ ;
/*!50003 SET character_set_client  = @saved_cs_client */ ;
/*!50003 SET character_set_results = @saved_cs_results */ ;
/*!50003 SET collation_connection  = @saved_col_connection */ ;
/*!50003 SET @saved_cs_client      = @@character_set_client */ ;
/*!50003 SET @saved_cs_results     = @@character_set_results */ ;
/*!50003 SET @saved_col_connection = @@collation_connection */ ;
/*!50003 SET character_set_client  = utf8mb4 */ ;
/*!50003 SET character_set_results = utf8mb4 */ ;
/*!50003 SET collation_connection  = utf8mb4_0900_ai_ci */ ;
/*!50003 SET @saved_sql_mode       = @@sql_mode */ ;
/*!50003 SET sql_mode              = 'STRICT_TRANS_TABLES,NO_ENGINE_SUBSTITUTION' */ ;
DELIMITER ;;
/*!50003 CREATE*/ /*!50017 DEFINER=`rest`@`%`*/ /*!50003 TRIGGER `odbc_driver_version_BEFORE_UPDATE` BEFORE UPDATE ON `odbc_driver_version` FOR EACH ROW BEGIN 	SET new.changed_datetime = NOW();END */;;
DELIMITER ;
/*!50003 SET sql_mode              = @saved_sql_mode */ ;
/*!50003 SET character_set_client  = @saved_cs_client */ ;
/*!50003 SET character_set_results = @saved_cs_results */ ;
/*!50003 SET collation_connection  = @saved_col_connection */ ;

--
-- Table structure for table `odbc_driver_version_driver_file`
--

DROP TABLE IF EXISTS `odbc_driver_version_driver_file`;
/*!40101 SET @saved_cs_client     = @@character_set_client */;
/*!50503 SET character_set_client = utf8mb4 */;
CREATE TABLE `odbc_driver_version_driver_file` (
  `uuid` varchar(36) NOT NULL,
  `odbc_driver_version_uuid` varchar(36) NOT NULL,
  `operating_system_uuid` varchar(36) NOT NULL,
  `library_file` varchar(128) NOT NULL,
  `setup_file` varchar(128) NOT NULL,
  `library_file_hash` varchar(128) DEFAULT NULL,
  `setup_file_hash` varchar(128) DEFAULT NULL,
  `creation_datetime` timestamp NULL DEFAULT CURRENT_TIMESTAMP,
  `active` tinyint NOT NULL DEFAULT '1',
  `activation_datetime` datetime DEFAULT NULL,
  `deleted` tinyint DEFAULT '0',
  `deletion_datetime` datetime DEFAULT NULL,
  `changed_datetime` datetime DEFAULT NULL,
  PRIMARY KEY (`uuid`),
  KEY `fk_odbcDriverVersionToVersionOsArch_idx` (`odbc_driver_version_uuid`),
  KEY `fk_driverVersionFileToOs_idx` (`operating_system_uuid`),
  CONSTRAINT `fk_driverVersionFileToDriverVersion` FOREIGN KEY (`odbc_driver_version_uuid`) REFERENCES `odbc_driver_version` (`uuid`),
  CONSTRAINT `fk_driverVersionFileToOs` FOREIGN KEY (`operating_system_uuid`) REFERENCES `operating_system` (`uuid`)
) ENGINE=InnoDB DEFAULT CHARSET=utf8mb3;
/*!40101 SET character_set_client = @saved_cs_client */;

--
-- Dumping data for table `odbc_driver_version_driver_file`
--

LOCK TABLES `odbc_driver_version_driver_file` WRITE;
/*!40000 ALTER TABLE `odbc_driver_version_driver_file` DISABLE KEYS */;
INSERT INTO `odbc_driver_version_driver_file` VALUES ('ba59769b-bed6-11eb-8e36-309c2364fdb6','1d5f08ed-a5b7-11eb-bac0-309c2364fdb6','3feb2832-a5b5-11eb-bac0-309c2364fdb6','test.png','test2.png','D3D7403A0BF484518CD6E7B75E24530E','D3D7403A0BF484518CD6E7B75E24530E','2021-05-27 10:31:42',1,NULL,0,NULL,'2021-08-12 19:00:14'),('ba5a42e6-bed6-11eb-8e36-309c2364fdb6','1d5f8445-a5b7-11eb-bac0-309c2364fdb6','3feb2832-a5b5-11eb-bac0-309c2364fdb6','myodbc8w.dll','myodbc8S.dll',' ',NULL,'2021-05-27 10:31:42',1,NULL,0,NULL,'2021-06-08 20:31:38'),('ba5ac9e9-bed6-11eb-8e36-309c2364fdb6','1d5f7eb1-a5b7-11eb-bac0-309c2364fdb6','3feb2832-a5b5-11eb-bac0-309c2364fdb6','psqlodbc35w.dll','psqlodbc35w.dll',' ',NULL,'2021-05-27 10:31:42',1,NULL,0,NULL,'2021-06-08 20:31:38'),('ba5b45a3-bed6-11eb-8e36-309c2364fdb6','1d5f864e-a5b7-11eb-bac0-309c2364fdb6','3feb2832-a5b5-11eb-bac0-309c2364fdb6','psqlodbc35w.dll','psqlodbc35w.dll',' ',NULL,'2021-05-27 10:31:42',1,NULL,0,NULL,'2021-06-08 20:31:38'),('ba5bc4db-bed6-11eb-8e36-309c2364fdb6','1d5f80cc-a5b7-11eb-bac0-309c2364fdb6','3feb2832-a5b5-11eb-bac0-309c2364fdb6','myodbc8w.dll','myodbc8S.dll',' ',NULL,'2021-05-27 10:31:42',1,NULL,0,NULL,'2021-06-08 20:31:38'),('ba5c370f-bed6-11eb-8e36-309c2364fdb6','1d5f854b-a5b7-11eb-bac0-309c2364fdb6','3feb2832-a5b5-11eb-bac0-309c2364fdb6','myodbc8w.dll','myodbc8S.dll',' ',NULL,'2021-05-27 10:31:42',1,NULL,0,NULL,'2021-06-08 20:31:38'),('ba5cade4-bed6-11eb-8e36-309c2364fdb6','1d5f820d-a5b7-11eb-bac0-309c2364fdb6','6f192049-c881-11eb-a494-309c2364fdb6','odbc32.dll','odbc32.dll',' ',NULL,'2021-05-27 10:31:42',1,NULL,0,NULL,'2021-06-08 20:31:38'),('ba5d3884-bed6-11eb-8e36-309c2364fdb6','1d5f8336-a5b7-11eb-bac0-309c2364fdb6','6f192049-c881-11eb-a494-309c2364fdb6','odbc32.dll','odbc32.dll',' ',NULL,'2021-05-27 10:31:42',1,NULL,0,NULL,'2021-06-08 20:31:38'),('f0eb4898-f1f8-11eb-ad62-309c2364fdb6','254d6dee-f1f7-11eb-ad62-309c2364fdb6','6f192049-c881-11eb-a494-309c2364fdb6','test.dll','test.dll',' ',NULL,'2021-07-31 12:15:12',1,NULL,0,NULL,NULL);
/*!40000 ALTER TABLE `odbc_driver_version_driver_file` ENABLE KEYS */;
UNLOCK TABLES;
/*!50003 SET @saved_cs_client      = @@character_set_client */ ;
/*!50003 SET @saved_cs_results     = @@character_set_results */ ;
/*!50003 SET @saved_col_connection = @@collation_connection */ ;
/*!50003 SET character_set_client  = utf8mb4 */ ;
/*!50003 SET character_set_results = utf8mb4 */ ;
/*!50003 SET collation_connection  = utf8mb4_0900_ai_ci */ ;
/*!50003 SET @saved_sql_mode       = @@sql_mode */ ;
/*!50003 SET sql_mode              = 'STRICT_TRANS_TABLES,NO_ENGINE_SUBSTITUTION' */ ;
DELIMITER ;;
/*!50003 CREATE*/ /*!50017 DEFINER=`root`@`localhost`*/ /*!50003 TRIGGER `odbc_driver_version_file_osa_BEFORE_INSERT` BEFORE INSERT ON `odbc_driver_version_driver_file` FOR EACH ROW BEGIN
	SET new.creation_datetime = NOW();
    
END */;;
DELIMITER ;
/*!50003 SET sql_mode              = @saved_sql_mode */ ;
/*!50003 SET character_set_client  = @saved_cs_client */ ;
/*!50003 SET character_set_results = @saved_cs_results */ ;
/*!50003 SET collation_connection  = @saved_col_connection */ ;
/*!50003 SET @saved_cs_client      = @@character_set_client */ ;
/*!50003 SET @saved_cs_results     = @@character_set_results */ ;
/*!50003 SET @saved_col_connection = @@collation_connection */ ;
/*!50003 SET character_set_client  = utf8mb4 */ ;
/*!50003 SET character_set_results = utf8mb4 */ ;
/*!50003 SET collation_connection  = utf8mb4_0900_ai_ci */ ;
/*!50003 SET @saved_sql_mode       = @@sql_mode */ ;
/*!50003 SET sql_mode              = 'STRICT_TRANS_TABLES,NO_ENGINE_SUBSTITUTION' */ ;
DELIMITER ;;
/*!50003 CREATE*/ /*!50017 DEFINER=`root`@`localhost`*/ /*!50003 TRIGGER `odbc_driver_version_file_osa_BEFORE_UPDATE` BEFORE UPDATE ON `odbc_driver_version_driver_file` FOR EACH ROW BEGIN
	
	SET new.changed_datetime = NOW();
END */;;
DELIMITER ;
/*!50003 SET sql_mode              = @saved_sql_mode */ ;
/*!50003 SET character_set_client  = @saved_cs_client */ ;
/*!50003 SET character_set_results = @saved_cs_results */ ;
/*!50003 SET collation_connection  = @saved_col_connection */ ;

--
-- Table structure for table `odbc_driver_version_relation_to_command`
--

DROP TABLE IF EXISTS `odbc_driver_version_relation_to_command`;
/*!40101 SET @saved_cs_client     = @@character_set_client */;
/*!50503 SET character_set_client = utf8mb4 */;
CREATE TABLE `odbc_driver_version_relation_to_command` (
  `uuid` varchar(36) NOT NULL,
  `odbc_driver_version_uuid` varchar(36) NOT NULL,
  `schema_data_command_uuid` varchar(36) NOT NULL,
  `sql_statement_template` varchar(2048) NOT NULL,
  `creation_datetime` timestamp NULL DEFAULT CURRENT_TIMESTAMP,
  `active` tinyint NOT NULL DEFAULT '1',
  `activation_datetime` datetime DEFAULT NULL,
  `deleted` tinyint DEFAULT '0',
  `deletion_datetime` datetime DEFAULT NULL,
  `changed_datetime` datetime DEFAULT NULL,
  PRIMARY KEY (`odbc_driver_version_uuid`,`schema_data_command_uuid`),
  KEY `fk_odbcDriverVersionToVersion4_idx` (`odbc_driver_version_uuid`),
  KEY `fk_odbcDriverVersionToSchemaDataCommand_idx` (`schema_data_command_uuid`),
  CONSTRAINT `fk_odbcDriverVersionToSchemaDataCommand` FOREIGN KEY (`schema_data_command_uuid`) REFERENCES `schema_data_command` (`uuid`),
  CONSTRAINT `fk_odbcDriverVersionToVersion4` FOREIGN KEY (`odbc_driver_version_uuid`) REFERENCES `odbc_driver_version` (`uuid`)
) ENGINE=InnoDB DEFAULT CHARSET=utf8mb3;
/*!40101 SET character_set_client = @saved_cs_client */;

--
-- Dumping data for table `odbc_driver_version_relation_to_command`
--

LOCK TABLES `odbc_driver_version_relation_to_command` WRITE;
/*!40000 ALTER TABLE `odbc_driver_version_relation_to_command` DISABLE KEYS */;
/*!40000 ALTER TABLE `odbc_driver_version_relation_to_command` ENABLE KEYS */;
UNLOCK TABLES;
/*!50003 SET @saved_cs_client      = @@character_set_client */ ;
/*!50003 SET @saved_cs_results     = @@character_set_results */ ;
/*!50003 SET @saved_col_connection = @@collation_connection */ ;
/*!50003 SET character_set_client  = utf8mb4 */ ;
/*!50003 SET character_set_results = utf8mb4 */ ;
/*!50003 SET collation_connection  = utf8mb4_0900_ai_ci */ ;
/*!50003 SET @saved_sql_mode       = @@sql_mode */ ;
/*!50003 SET sql_mode              = 'STRICT_TRANS_TABLES,NO_ENGINE_SUBSTITUTION' */ ;
DELIMITER ;;
/*!50003 CREATE*/ /*!50017 DEFINER=`rest`@`%`*/ /*!50003 TRIGGER `odbc_driver_version_relation_to_command_BEFORE_INSERT` BEFORE INSERT ON `odbc_driver_version_relation_to_command` FOR EACH ROW BEGIN 	SET new.creation_datetime = NOW();   END */;;
DELIMITER ;
/*!50003 SET sql_mode              = @saved_sql_mode */ ;
/*!50003 SET character_set_client  = @saved_cs_client */ ;
/*!50003 SET character_set_results = @saved_cs_results */ ;
/*!50003 SET collation_connection  = @saved_col_connection */ ;
/*!50003 SET @saved_cs_client      = @@character_set_client */ ;
/*!50003 SET @saved_cs_results     = @@character_set_results */ ;
/*!50003 SET @saved_col_connection = @@collation_connection */ ;
/*!50003 SET character_set_client  = utf8mb4 */ ;
/*!50003 SET character_set_results = utf8mb4 */ ;
/*!50003 SET collation_connection  = utf8mb4_0900_ai_ci */ ;
/*!50003 SET @saved_sql_mode       = @@sql_mode */ ;
/*!50003 SET sql_mode              = 'STRICT_TRANS_TABLES,NO_ENGINE_SUBSTITUTION' */ ;
DELIMITER ;;
/*!50003 CREATE*/ /*!50017 DEFINER=`rest`@`%`*/ /*!50003 TRIGGER `odbc_driver_version_relation_to_command_BEFORE_UPDATE` BEFORE UPDATE ON `odbc_driver_version_relation_to_command` FOR EACH ROW BEGIN 	SET new.changed_datetime = NOW();END */;;
DELIMITER ;
/*!50003 SET sql_mode              = @saved_sql_mode */ ;
/*!50003 SET character_set_client  = @saved_cs_client */ ;
/*!50003 SET character_set_results = @saved_cs_results */ ;
/*!50003 SET collation_connection  = @saved_col_connection */ ;

--
-- Table structure for table `odbc_driver_version_relation_to_connection_type`
--

DROP TABLE IF EXISTS `odbc_driver_version_relation_to_connection_type`;
/*!40101 SET @saved_cs_client     = @@character_set_client */;
/*!50503 SET character_set_client = utf8mb4 */;
CREATE TABLE `odbc_driver_version_relation_to_connection_type` (
  `uuid` varchar(36) NOT NULL,
  `odbc_driver_version_uuid` varchar(36) NOT NULL,
  `connection_type_uuid` varchar(36) NOT NULL,
  `creation_datetime` timestamp NULL DEFAULT CURRENT_TIMESTAMP,
  `active` tinyint NOT NULL DEFAULT '1',
  `activation_datetime` datetime DEFAULT NULL,
  `deleted` tinyint DEFAULT '0',
  `deletion_datetime` datetime DEFAULT NULL,
  `changed_datetime` datetime DEFAULT NULL,
  PRIMARY KEY (`odbc_driver_version_uuid`,`connection_type_uuid`),
  KEY `fk_odbcDriverVersionToConnectionType_idx` (`connection_type_uuid`),
  KEY `fk_odbcDriverVersionToVersion_idx` (`odbc_driver_version_uuid`),
  CONSTRAINT `fk_odbcDriverVersionToConnectionType` FOREIGN KEY (`connection_type_uuid`) REFERENCES `connection_type` (`uuid`),
  CONSTRAINT `fk_odbcDriverVersionToVersion` FOREIGN KEY (`odbc_driver_version_uuid`) REFERENCES `odbc_driver_version` (`uuid`)
) ENGINE=InnoDB DEFAULT CHARSET=utf8mb3;
/*!40101 SET character_set_client = @saved_cs_client */;

--
-- Dumping data for table `odbc_driver_version_relation_to_connection_type`
--

LOCK TABLES `odbc_driver_version_relation_to_connection_type` WRITE;
/*!40000 ALTER TABLE `odbc_driver_version_relation_to_connection_type` DISABLE KEYS */;
INSERT INTO `odbc_driver_version_relation_to_connection_type` VALUES ('063a1b55-a5b8-11eb-bac0-309c2364fdb6','1d5f08ed-a5b7-11eb-bac0-309c2364fdb6','989ae37c-a5b4-11eb-bac0-309c2364fdb6','2021-04-25 11:18:56',1,NULL,0,NULL,'2021-05-27 11:47:52'),('063a7491-a5b8-11eb-bac0-309c2364fdb6','1d5f08ed-a5b7-11eb-bac0-309c2364fdb6','989b33d8-a5b4-11eb-bac0-309c2364fdb6','2021-04-25 11:18:56',1,NULL,0,NULL,'2021-05-27 11:47:52'),('063a76b1-a5b8-11eb-bac0-309c2364fdb6','1d5f08ed-a5b7-11eb-bac0-309c2364fdb6','989b3c0a-a5b4-11eb-bac0-309c2364fdb6','2021-04-25 11:18:56',1,NULL,0,NULL,'2021-05-27 11:47:52'),('063a7805-a5b8-11eb-bac0-309c2364fdb6','1d5f08ed-a5b7-11eb-bac0-309c2364fdb6','989b5936-a5b4-11eb-bac0-309c2364fdb6','2021-04-25 11:18:56',1,NULL,0,NULL,'2021-05-27 11:47:52'),('063a7942-a5b8-11eb-bac0-309c2364fdb6','1d5f7eb1-a5b7-11eb-bac0-309c2364fdb6','989ae37c-a5b4-11eb-bac0-309c2364fdb6','2021-04-25 11:18:56',1,NULL,0,NULL,'2021-05-27 11:47:52'),('063a7a76-a5b8-11eb-bac0-309c2364fdb6','1d5f7eb1-a5b7-11eb-bac0-309c2364fdb6','989b33d8-a5b4-11eb-bac0-309c2364fdb6','2021-04-25 11:18:56',1,NULL,0,NULL,'2021-05-27 11:47:52'),('063a7ba6-a5b8-11eb-bac0-309c2364fdb6','1d5f7eb1-a5b7-11eb-bac0-309c2364fdb6','989b3c0a-a5b4-11eb-bac0-309c2364fdb6','2021-04-25 11:18:56',1,NULL,0,NULL,'2021-05-27 11:47:52'),('063a7cd3-a5b8-11eb-bac0-309c2364fdb6','1d5f7eb1-a5b7-11eb-bac0-309c2364fdb6','989b5936-a5b4-11eb-bac0-309c2364fdb6','2021-04-25 11:18:56',1,NULL,0,NULL,'2021-05-27 11:47:52'),('063a7e1b-a5b8-11eb-bac0-309c2364fdb6','1d5f80cc-a5b7-11eb-bac0-309c2364fdb6','989ae37c-a5b4-11eb-bac0-309c2364fdb6','2021-04-25 11:18:56',1,NULL,0,NULL,'2021-05-27 11:47:52'),('063a7f4e-a5b8-11eb-bac0-309c2364fdb6','1d5f80cc-a5b7-11eb-bac0-309c2364fdb6','989b33d8-a5b4-11eb-bac0-309c2364fdb6','2021-04-25 11:18:56',1,NULL,0,NULL,'2021-05-27 11:47:52'),('063a806d-a5b8-11eb-bac0-309c2364fdb6','1d5f80cc-a5b7-11eb-bac0-309c2364fdb6','989b3c0a-a5b4-11eb-bac0-309c2364fdb6','2021-04-25 11:18:56',1,NULL,0,NULL,'2021-05-27 11:47:52'),('063a8193-a5b8-11eb-bac0-309c2364fdb6','1d5f80cc-a5b7-11eb-bac0-309c2364fdb6','989b5936-a5b4-11eb-bac0-309c2364fdb6','2021-04-25 11:18:56',1,NULL,0,NULL,'2021-05-27 11:47:52'),('063a82b7-a5b8-11eb-bac0-309c2364fdb6','1d5f820d-a5b7-11eb-bac0-309c2364fdb6','989b5015-a5b4-11eb-bac0-309c2364fdb6','2021-04-25 11:18:56',1,NULL,0,NULL,'2021-05-27 11:47:52'),('063a83d1-a5b8-11eb-bac0-309c2364fdb6','1d5f8336-a5b7-11eb-bac0-309c2364fdb6','989b5015-a5b4-11eb-bac0-309c2364fdb6','2021-04-25 11:18:56',1,NULL,0,NULL,'2021-05-27 11:47:52'),('063a84f8-a5b8-11eb-bac0-309c2364fdb6','1d5f8445-a5b7-11eb-bac0-309c2364fdb6','989ae37c-a5b4-11eb-bac0-309c2364fdb6','2021-04-25 11:18:56',1,NULL,0,NULL,'2021-05-27 11:47:52'),('063a8612-a5b8-11eb-bac0-309c2364fdb6','1d5f8445-a5b7-11eb-bac0-309c2364fdb6','989b33d8-a5b4-11eb-bac0-309c2364fdb6','2021-04-25 11:18:56',1,NULL,0,NULL,'2021-05-27 11:47:52'),('063a8732-a5b8-11eb-bac0-309c2364fdb6','1d5f8445-a5b7-11eb-bac0-309c2364fdb6','989b3c0a-a5b4-11eb-bac0-309c2364fdb6','2021-04-25 11:18:56',1,NULL,0,NULL,'2021-05-27 11:47:52'),('063a8855-a5b8-11eb-bac0-309c2364fdb6','1d5f8445-a5b7-11eb-bac0-309c2364fdb6','989b5936-a5b4-11eb-bac0-309c2364fdb6','2021-04-25 11:18:56',1,NULL,0,NULL,'2021-05-27 11:47:52'),('063a8997-a5b8-11eb-bac0-309c2364fdb6','1d5f854b-a5b7-11eb-bac0-309c2364fdb6','989ae37c-a5b4-11eb-bac0-309c2364fdb6','2021-04-25 11:18:56',1,NULL,0,NULL,'2021-05-27 11:47:52'),('063a8ab9-a5b8-11eb-bac0-309c2364fdb6','1d5f854b-a5b7-11eb-bac0-309c2364fdb6','989b33d8-a5b4-11eb-bac0-309c2364fdb6','2021-04-25 11:18:56',1,NULL,0,NULL,'2021-05-27 11:47:52'),('063a8bde-a5b8-11eb-bac0-309c2364fdb6','1d5f854b-a5b7-11eb-bac0-309c2364fdb6','989b3c0a-a5b4-11eb-bac0-309c2364fdb6','2021-04-25 11:18:56',1,NULL,0,NULL,'2021-05-27 11:47:52'),('063a8d0a-a5b8-11eb-bac0-309c2364fdb6','1d5f854b-a5b7-11eb-bac0-309c2364fdb6','989b5936-a5b4-11eb-bac0-309c2364fdb6','2021-04-25 11:18:56',1,NULL,0,NULL,'2021-05-27 11:47:52'),('e3dc8c90-f444-11eb-b474-309c2364fdb6','1d5f864e-a5b7-11eb-bac0-309c2364fdb6','989ae37c-a5b4-11eb-bac0-309c2364fdb6','2021-08-03 10:23:48',1,NULL,0,NULL,NULL),('e3de03df-f444-11eb-b474-309c2364fdb6','1d5f864e-a5b7-11eb-bac0-309c2364fdb6','989b33d8-a5b4-11eb-bac0-309c2364fdb6','2021-08-03 10:23:48',1,NULL,0,NULL,NULL),('e3dee0bf-f444-11eb-b474-309c2364fdb6','1d5f864e-a5b7-11eb-bac0-309c2364fdb6','989b3c0a-a5b4-11eb-bac0-309c2364fdb6','2021-08-03 10:23:48',1,NULL,0,NULL,NULL),('e3dfb352-f444-11eb-b474-309c2364fdb6','1d5f864e-a5b7-11eb-bac0-309c2364fdb6','989b5015-a5b4-11eb-bac0-309c2364fdb6','2021-08-03 10:23:48',1,NULL,0,NULL,NULL),('e3e08e47-f444-11eb-b474-309c2364fdb6','1d5f864e-a5b7-11eb-bac0-309c2364fdb6','989b5936-a5b4-11eb-bac0-309c2364fdb6','2021-08-03 10:23:48',1,NULL,0,NULL,NULL);
/*!40000 ALTER TABLE `odbc_driver_version_relation_to_connection_type` ENABLE KEYS */;
UNLOCK TABLES;
/*!50003 SET @saved_cs_client      = @@character_set_client */ ;
/*!50003 SET @saved_cs_results     = @@character_set_results */ ;
/*!50003 SET @saved_col_connection = @@collation_connection */ ;
/*!50003 SET character_set_client  = utf8mb4 */ ;
/*!50003 SET character_set_results = utf8mb4 */ ;
/*!50003 SET collation_connection  = utf8mb4_0900_ai_ci */ ;
/*!50003 SET @saved_sql_mode       = @@sql_mode */ ;
/*!50003 SET sql_mode              = 'STRICT_TRANS_TABLES,NO_ENGINE_SUBSTITUTION' */ ;
DELIMITER ;;
/*!50003 CREATE*/ /*!50017 DEFINER=`rest`@`%`*/ /*!50003 TRIGGER `odbc_driver_version_relation_to_connection_type_BEFORE_INSERT` BEFORE INSERT ON `odbc_driver_version_relation_to_connection_type` FOR EACH ROW BEGIN 	SET new.creation_datetime = NOW();   END */;;
DELIMITER ;
/*!50003 SET sql_mode              = @saved_sql_mode */ ;
/*!50003 SET character_set_client  = @saved_cs_client */ ;
/*!50003 SET character_set_results = @saved_cs_results */ ;
/*!50003 SET collation_connection  = @saved_col_connection */ ;
/*!50003 SET @saved_cs_client      = @@character_set_client */ ;
/*!50003 SET @saved_cs_results     = @@character_set_results */ ;
/*!50003 SET @saved_col_connection = @@collation_connection */ ;
/*!50003 SET character_set_client  = utf8mb4 */ ;
/*!50003 SET character_set_results = utf8mb4 */ ;
/*!50003 SET collation_connection  = utf8mb4_0900_ai_ci */ ;
/*!50003 SET @saved_sql_mode       = @@sql_mode */ ;
/*!50003 SET sql_mode              = 'STRICT_TRANS_TABLES,NO_ENGINE_SUBSTITUTION' */ ;
DELIMITER ;;
/*!50003 CREATE*/ /*!50017 DEFINER=`rest`@`%`*/ /*!50003 TRIGGER `odbc_driver_version_relation_to_connection_type_BEFORE_UPDATE` BEFORE UPDATE ON `odbc_driver_version_relation_to_connection_type` FOR EACH ROW BEGIN 	SET new.changed_datetime = NOW();END */;;
DELIMITER ;
/*!50003 SET sql_mode              = @saved_sql_mode */ ;
/*!50003 SET character_set_client  = @saved_cs_client */ ;
/*!50003 SET character_set_results = @saved_cs_results */ ;
/*!50003 SET collation_connection  = @saved_col_connection */ ;

--
-- Table structure for table `odbc_driver_version_relation_to_connectionstring_values`
--

DROP TABLE IF EXISTS `odbc_driver_version_relation_to_connectionstring_values`;
/*!40101 SET @saved_cs_client     = @@character_set_client */;
/*!50503 SET character_set_client = utf8mb4 */;
CREATE TABLE `odbc_driver_version_relation_to_connectionstring_values` (
  `uuid` varchar(36) NOT NULL,
  `odbc_driver_version_uuid` varchar(36) NOT NULL,
  `connectionstring_values_uuid` varchar(36) NOT NULL,
  `creation_datetime` timestamp NULL DEFAULT CURRENT_TIMESTAMP,
  `active` tinyint NOT NULL DEFAULT '1',
  `activation_datetime` datetime DEFAULT NULL,
  `deleted` tinyint DEFAULT '0',
  `deletion_datetime` datetime DEFAULT NULL,
  `changed_datetime` datetime DEFAULT NULL,
  PRIMARY KEY (`odbc_driver_version_uuid`,`connectionstring_values_uuid`),
  KEY `fk_odbcDriverVersionToConnectionStringValues_idx` (`connectionstring_values_uuid`),
  KEY `fk_odbcDriverVersionToVersion2_idx` (`odbc_driver_version_uuid`),
  CONSTRAINT `fk_odbcDriverVersionToConnectionStringValues` FOREIGN KEY (`connectionstring_values_uuid`) REFERENCES `connectionstring_values` (`uuid`),
  CONSTRAINT `fk_odbcDriverVersionToVersion2` FOREIGN KEY (`odbc_driver_version_uuid`) REFERENCES `odbc_driver_version` (`uuid`)
) ENGINE=InnoDB DEFAULT CHARSET=utf8mb3;
/*!40101 SET character_set_client = @saved_cs_client */;

--
-- Dumping data for table `odbc_driver_version_relation_to_connectionstring_values`
--

LOCK TABLES `odbc_driver_version_relation_to_connectionstring_values` WRITE;
/*!40000 ALTER TABLE `odbc_driver_version_relation_to_connectionstring_values` DISABLE KEYS */;
INSERT INTO `odbc_driver_version_relation_to_connectionstring_values` VALUES ('f768f01e-a5ba-11eb-bac0-309c2364fdb6','1d5f08ed-a5b7-11eb-bac0-309c2364fdb6','eda913fd-a5b4-11eb-bac0-309c2364fdb6','2021-04-25 11:39:59',1,NULL,0,NULL,'2021-05-27 11:47:23'),('f769564c-a5ba-11eb-bac0-309c2364fdb6','1d5f08ed-a5b7-11eb-bac0-309c2364fdb6','eda97394-a5b4-11eb-bac0-309c2364fdb6','2021-04-25 11:39:59',1,NULL,0,NULL,'2021-05-27 11:47:23'),('f7695807-a5ba-11eb-bac0-309c2364fdb6','1d5f08ed-a5b7-11eb-bac0-309c2364fdb6','eda9762d-a5b4-11eb-bac0-309c2364fdb6','2021-04-25 11:39:59',1,NULL,0,NULL,'2021-05-27 11:47:23'),('f769593f-a5ba-11eb-bac0-309c2364fdb6','1d5f08ed-a5b7-11eb-bac0-309c2364fdb6','eda97726-a5b4-11eb-bac0-309c2364fdb6','2021-04-25 11:39:59',1,NULL,0,NULL,'2021-05-27 11:47:23'),('f7695a74-a5ba-11eb-bac0-309c2364fdb6','1d5f08ed-a5b7-11eb-bac0-309c2364fdb6','eda977ff-a5b4-11eb-bac0-309c2364fdb6','2021-04-25 11:39:59',1,NULL,0,NULL,'2021-05-27 11:47:23'),('f7695b9a-a5ba-11eb-bac0-309c2364fdb6','1d5f08ed-a5b7-11eb-bac0-309c2364fdb6','eda978c6-a5b4-11eb-bac0-309c2364fdb6','2021-04-25 11:39:59',1,NULL,0,NULL,'2021-05-27 11:47:23'),('f7695cc2-a5ba-11eb-bac0-309c2364fdb6','1d5f08ed-a5b7-11eb-bac0-309c2364fdb6','eda99d69-a5b4-11eb-bac0-309c2364fdb6','2021-04-25 11:39:59',1,NULL,0,NULL,'2021-05-27 11:47:23'),('f7695dca-a5ba-11eb-bac0-309c2364fdb6','1d5f08ed-a5b7-11eb-bac0-309c2364fdb6','eda99f11-a5b4-11eb-bac0-309c2364fdb6','2021-04-25 11:39:59',1,NULL,0,NULL,'2021-05-27 11:47:23'),('f7695edc-a5ba-11eb-bac0-309c2364fdb6','1d5f08ed-a5b7-11eb-bac0-309c2364fdb6','eda99ff9-a5b4-11eb-bac0-309c2364fdb6','2021-04-25 11:39:59',1,NULL,0,NULL,'2021-05-27 11:47:23'),('f7696003-a5ba-11eb-bac0-309c2364fdb6','1d5f08ed-a5b7-11eb-bac0-309c2364fdb6','eda9a0cc-a5b4-11eb-bac0-309c2364fdb6','2021-04-25 11:39:59',1,NULL,0,NULL,'2021-05-27 11:47:23'),('f769610c-a5ba-11eb-bac0-309c2364fdb6','1d5f08ed-a5b7-11eb-bac0-309c2364fdb6','eda9a1a8-a5b4-11eb-bac0-309c2364fdb6','2021-04-25 11:39:59',1,NULL,0,NULL,'2021-05-27 11:47:23'),('f7696211-a5ba-11eb-bac0-309c2364fdb6','1d5f08ed-a5b7-11eb-bac0-309c2364fdb6','eda9a272-a5b4-11eb-bac0-309c2364fdb6','2021-04-25 11:39:59',1,NULL,0,NULL,'2021-05-27 11:47:23'),('f7696315-a5ba-11eb-bac0-309c2364fdb6','1d5f08ed-a5b7-11eb-bac0-309c2364fdb6','eda9a338-a5b4-11eb-bac0-309c2364fdb6','2021-04-25 11:39:59',1,NULL,0,NULL,'2021-05-27 11:47:23'),('f7696419-a5ba-11eb-bac0-309c2364fdb6','1d5f08ed-a5b7-11eb-bac0-309c2364fdb6','eda9a406-a5b4-11eb-bac0-309c2364fdb6','2021-04-25 11:39:59',1,NULL,0,NULL,'2021-05-27 11:47:23'),('f769651e-a5ba-11eb-bac0-309c2364fdb6','1d5f08ed-a5b7-11eb-bac0-309c2364fdb6','eda9a4ca-a5b4-11eb-bac0-309c2364fdb6','2021-04-25 11:39:59',1,NULL,0,NULL,'2021-05-27 11:47:23'),('f769661d-a5ba-11eb-bac0-309c2364fdb6','1d5f7eb1-a5b7-11eb-bac0-309c2364fdb6','eda913fd-a5b4-11eb-bac0-309c2364fdb6','2021-04-25 11:39:59',1,NULL,0,NULL,'2021-05-27 11:47:23'),('f7696726-a5ba-11eb-bac0-309c2364fdb6','1d5f7eb1-a5b7-11eb-bac0-309c2364fdb6','eda97394-a5b4-11eb-bac0-309c2364fdb6','2021-04-25 11:39:59',1,NULL,0,NULL,'2021-05-27 11:47:23'),('f769682f-a5ba-11eb-bac0-309c2364fdb6','1d5f7eb1-a5b7-11eb-bac0-309c2364fdb6','eda9762d-a5b4-11eb-bac0-309c2364fdb6','2021-04-25 11:39:59',1,NULL,0,NULL,'2021-05-27 11:47:23'),('f769694b-a5ba-11eb-bac0-309c2364fdb6','1d5f7eb1-a5b7-11eb-bac0-309c2364fdb6','eda97726-a5b4-11eb-bac0-309c2364fdb6','2021-04-25 11:39:59',1,NULL,0,NULL,'2021-05-27 11:47:23'),('f7696a55-a5ba-11eb-bac0-309c2364fdb6','1d5f7eb1-a5b7-11eb-bac0-309c2364fdb6','eda977ff-a5b4-11eb-bac0-309c2364fdb6','2021-04-25 11:39:59',1,NULL,0,NULL,'2021-05-27 11:47:23'),('f7696b66-a5ba-11eb-bac0-309c2364fdb6','1d5f7eb1-a5b7-11eb-bac0-309c2364fdb6','eda978c6-a5b4-11eb-bac0-309c2364fdb6','2021-04-25 11:39:59',1,NULL,0,NULL,'2021-05-27 11:47:23'),('f7696c69-a5ba-11eb-bac0-309c2364fdb6','1d5f7eb1-a5b7-11eb-bac0-309c2364fdb6','eda99d69-a5b4-11eb-bac0-309c2364fdb6','2021-04-25 11:39:59',1,NULL,0,NULL,'2021-05-27 11:47:23'),('f7696d74-a5ba-11eb-bac0-309c2364fdb6','1d5f7eb1-a5b7-11eb-bac0-309c2364fdb6','eda99f11-a5b4-11eb-bac0-309c2364fdb6','2021-04-25 11:39:59',1,NULL,0,NULL,'2021-05-27 11:47:23'),('f7696e79-a5ba-11eb-bac0-309c2364fdb6','1d5f7eb1-a5b7-11eb-bac0-309c2364fdb6','eda99ff9-a5b4-11eb-bac0-309c2364fdb6','2021-04-25 11:39:59',1,NULL,0,NULL,'2021-05-27 11:47:23'),('f7696f88-a5ba-11eb-bac0-309c2364fdb6','1d5f7eb1-a5b7-11eb-bac0-309c2364fdb6','eda9a0cc-a5b4-11eb-bac0-309c2364fdb6','2021-04-25 11:39:59',1,NULL,0,NULL,'2021-05-27 11:47:23'),('f76970b8-a5ba-11eb-bac0-309c2364fdb6','1d5f7eb1-a5b7-11eb-bac0-309c2364fdb6','eda9a1a8-a5b4-11eb-bac0-309c2364fdb6','2021-04-25 11:39:59',1,NULL,0,NULL,'2021-05-27 11:47:23'),('f76971bf-a5ba-11eb-bac0-309c2364fdb6','1d5f7eb1-a5b7-11eb-bac0-309c2364fdb6','eda9a272-a5b4-11eb-bac0-309c2364fdb6','2021-04-25 11:39:59',1,NULL,0,NULL,'2021-05-27 11:47:23'),('f76972ef-a5ba-11eb-bac0-309c2364fdb6','1d5f7eb1-a5b7-11eb-bac0-309c2364fdb6','eda9a338-a5b4-11eb-bac0-309c2364fdb6','2021-04-25 11:39:59',1,NULL,0,NULL,'2021-05-27 11:47:23'),('f7697408-a5ba-11eb-bac0-309c2364fdb6','1d5f7eb1-a5b7-11eb-bac0-309c2364fdb6','eda9a406-a5b4-11eb-bac0-309c2364fdb6','2021-04-25 11:39:59',1,NULL,0,NULL,'2021-05-27 11:47:23'),('f7697513-a5ba-11eb-bac0-309c2364fdb6','1d5f7eb1-a5b7-11eb-bac0-309c2364fdb6','eda9a4ca-a5b4-11eb-bac0-309c2364fdb6','2021-04-25 11:39:59',1,NULL,0,NULL,'2021-05-27 11:47:23'),('f769762b-a5ba-11eb-bac0-309c2364fdb6','1d5f80cc-a5b7-11eb-bac0-309c2364fdb6','eda913fd-a5b4-11eb-bac0-309c2364fdb6','2021-04-25 11:39:59',1,NULL,0,NULL,'2021-05-27 11:47:23'),('f7697744-a5ba-11eb-bac0-309c2364fdb6','1d5f80cc-a5b7-11eb-bac0-309c2364fdb6','eda97394-a5b4-11eb-bac0-309c2364fdb6','2021-04-25 11:39:59',1,NULL,0,NULL,'2021-05-27 11:47:23'),('f7697852-a5ba-11eb-bac0-309c2364fdb6','1d5f80cc-a5b7-11eb-bac0-309c2364fdb6','eda9762d-a5b4-11eb-bac0-309c2364fdb6','2021-04-25 11:39:59',1,NULL,0,NULL,'2021-05-27 11:47:23'),('f76979b0-a5ba-11eb-bac0-309c2364fdb6','1d5f80cc-a5b7-11eb-bac0-309c2364fdb6','eda97726-a5b4-11eb-bac0-309c2364fdb6','2021-04-25 11:39:59',1,NULL,0,NULL,'2021-05-27 11:47:23'),('f7697ac2-a5ba-11eb-bac0-309c2364fdb6','1d5f80cc-a5b7-11eb-bac0-309c2364fdb6','eda977ff-a5b4-11eb-bac0-309c2364fdb6','2021-04-25 11:39:59',1,NULL,0,NULL,'2021-05-27 11:47:23'),('f7697bea-a5ba-11eb-bac0-309c2364fdb6','1d5f80cc-a5b7-11eb-bac0-309c2364fdb6','eda978c6-a5b4-11eb-bac0-309c2364fdb6','2021-04-25 11:39:59',1,NULL,0,NULL,'2021-05-27 11:47:23'),('f7697cff-a5ba-11eb-bac0-309c2364fdb6','1d5f80cc-a5b7-11eb-bac0-309c2364fdb6','eda99d69-a5b4-11eb-bac0-309c2364fdb6','2021-04-25 11:39:59',1,NULL,0,NULL,'2021-05-27 11:47:23'),('f7697e08-a5ba-11eb-bac0-309c2364fdb6','1d5f80cc-a5b7-11eb-bac0-309c2364fdb6','eda99f11-a5b4-11eb-bac0-309c2364fdb6','2021-04-25 11:39:59',1,NULL,0,NULL,'2021-05-27 11:47:23'),('f7697f15-a5ba-11eb-bac0-309c2364fdb6','1d5f80cc-a5b7-11eb-bac0-309c2364fdb6','eda99ff9-a5b4-11eb-bac0-309c2364fdb6','2021-04-25 11:39:59',1,NULL,0,NULL,'2021-05-27 11:47:23'),('f7698026-a5ba-11eb-bac0-309c2364fdb6','1d5f80cc-a5b7-11eb-bac0-309c2364fdb6','eda9a0cc-a5b4-11eb-bac0-309c2364fdb6','2021-04-25 11:39:59',1,NULL,0,NULL,'2021-05-27 11:47:23'),('f7698134-a5ba-11eb-bac0-309c2364fdb6','1d5f80cc-a5b7-11eb-bac0-309c2364fdb6','eda9a1a8-a5b4-11eb-bac0-309c2364fdb6','2021-04-25 11:39:59',1,NULL,0,NULL,'2021-05-27 11:47:23'),('f769823f-a5ba-11eb-bac0-309c2364fdb6','1d5f80cc-a5b7-11eb-bac0-309c2364fdb6','eda9a272-a5b4-11eb-bac0-309c2364fdb6','2021-04-25 11:39:59',1,NULL,0,NULL,'2021-05-27 11:47:23'),('f769839d-a5ba-11eb-bac0-309c2364fdb6','1d5f80cc-a5b7-11eb-bac0-309c2364fdb6','eda9a338-a5b4-11eb-bac0-309c2364fdb6','2021-04-25 11:39:59',1,NULL,0,NULL,'2021-05-27 11:47:23'),('f76985aa-a5ba-11eb-bac0-309c2364fdb6','1d5f80cc-a5b7-11eb-bac0-309c2364fdb6','eda9a406-a5b4-11eb-bac0-309c2364fdb6','2021-04-25 11:39:59',1,NULL,0,NULL,'2021-05-27 11:47:23'),('f76986fb-a5ba-11eb-bac0-309c2364fdb6','1d5f80cc-a5b7-11eb-bac0-309c2364fdb6','eda9a4ca-a5b4-11eb-bac0-309c2364fdb6','2021-04-25 11:39:59',1,NULL,0,NULL,'2021-05-27 11:47:23'),('f7698837-a5ba-11eb-bac0-309c2364fdb6','1d5f820d-a5b7-11eb-bac0-309c2364fdb6','eda97a54-a5b4-11eb-bac0-309c2364fdb6','2021-04-25 11:39:59',1,NULL,0,NULL,'2021-05-27 11:47:23'),('f7698981-a5ba-11eb-bac0-309c2364fdb6','1d5f820d-a5b7-11eb-bac0-309c2364fdb6','eda98332-a5b4-11eb-bac0-309c2364fdb6','2021-04-25 11:39:59',1,NULL,0,NULL,'2021-05-27 11:47:23'),('f7698a9b-a5ba-11eb-bac0-309c2364fdb6','1d5f8336-a5b7-11eb-bac0-309c2364fdb6','eda97a54-a5b4-11eb-bac0-309c2364fdb6','2021-04-25 11:39:59',1,NULL,0,NULL,'2021-05-27 11:47:23'),('f7698ba6-a5ba-11eb-bac0-309c2364fdb6','1d5f8336-a5b7-11eb-bac0-309c2364fdb6','eda98332-a5b4-11eb-bac0-309c2364fdb6','2021-04-25 11:39:59',1,NULL,0,NULL,'2021-05-27 11:47:23'),('f7698cad-a5ba-11eb-bac0-309c2364fdb6','1d5f8445-a5b7-11eb-bac0-309c2364fdb6','eda913fd-a5b4-11eb-bac0-309c2364fdb6','2021-04-25 11:39:59',1,NULL,0,NULL,'2021-05-27 11:47:23'),('f7698db4-a5ba-11eb-bac0-309c2364fdb6','1d5f8445-a5b7-11eb-bac0-309c2364fdb6','eda97394-a5b4-11eb-bac0-309c2364fdb6','2021-04-25 11:39:59',1,NULL,0,NULL,'2021-05-27 11:47:23'),('f7698ec0-a5ba-11eb-bac0-309c2364fdb6','1d5f8445-a5b7-11eb-bac0-309c2364fdb6','eda9762d-a5b4-11eb-bac0-309c2364fdb6','2021-04-25 11:39:59',1,NULL,0,NULL,'2021-05-27 11:47:23'),('f7698fcf-a5ba-11eb-bac0-309c2364fdb6','1d5f8445-a5b7-11eb-bac0-309c2364fdb6','eda97726-a5b4-11eb-bac0-309c2364fdb6','2021-04-25 11:39:59',1,NULL,0,NULL,'2021-05-27 11:47:23'),('f769912c-a5ba-11eb-bac0-309c2364fdb6','1d5f8445-a5b7-11eb-bac0-309c2364fdb6','eda977ff-a5b4-11eb-bac0-309c2364fdb6','2021-04-25 11:39:59',1,NULL,0,NULL,'2021-05-27 11:47:23'),('f7699230-a5ba-11eb-bac0-309c2364fdb6','1d5f8445-a5b7-11eb-bac0-309c2364fdb6','eda978c6-a5b4-11eb-bac0-309c2364fdb6','2021-04-25 11:39:59',1,NULL,0,NULL,'2021-05-27 11:47:23'),('f7699337-a5ba-11eb-bac0-309c2364fdb6','1d5f8445-a5b7-11eb-bac0-309c2364fdb6','eda99d69-a5b4-11eb-bac0-309c2364fdb6','2021-04-25 11:39:59',1,NULL,0,NULL,'2021-05-27 11:47:23'),('f7699441-a5ba-11eb-bac0-309c2364fdb6','1d5f8445-a5b7-11eb-bac0-309c2364fdb6','eda99f11-a5b4-11eb-bac0-309c2364fdb6','2021-04-25 11:39:59',1,NULL,0,NULL,'2021-05-27 11:47:23'),('f7699546-a5ba-11eb-bac0-309c2364fdb6','1d5f8445-a5b7-11eb-bac0-309c2364fdb6','eda99ff9-a5b4-11eb-bac0-309c2364fdb6','2021-04-25 11:39:59',1,NULL,0,NULL,'2021-05-27 11:47:23'),('f769964d-a5ba-11eb-bac0-309c2364fdb6','1d5f8445-a5b7-11eb-bac0-309c2364fdb6','eda9a0cc-a5b4-11eb-bac0-309c2364fdb6','2021-04-25 11:39:59',1,NULL,0,NULL,'2021-05-27 11:47:23'),('f7699768-a5ba-11eb-bac0-309c2364fdb6','1d5f8445-a5b7-11eb-bac0-309c2364fdb6','eda9a1a8-a5b4-11eb-bac0-309c2364fdb6','2021-04-25 11:39:59',1,NULL,0,NULL,'2021-05-27 11:47:23'),('f769987f-a5ba-11eb-bac0-309c2364fdb6','1d5f8445-a5b7-11eb-bac0-309c2364fdb6','eda9a272-a5b4-11eb-bac0-309c2364fdb6','2021-04-25 11:39:59',1,NULL,0,NULL,'2021-05-27 11:47:23'),('f7699989-a5ba-11eb-bac0-309c2364fdb6','1d5f8445-a5b7-11eb-bac0-309c2364fdb6','eda9a338-a5b4-11eb-bac0-309c2364fdb6','2021-04-25 11:39:59',1,NULL,0,NULL,'2021-05-27 11:47:23'),('f7699a8f-a5ba-11eb-bac0-309c2364fdb6','1d5f8445-a5b7-11eb-bac0-309c2364fdb6','eda9a406-a5b4-11eb-bac0-309c2364fdb6','2021-04-25 11:39:59',1,NULL,0,NULL,'2021-05-27 11:47:23'),('f7699b99-a5ba-11eb-bac0-309c2364fdb6','1d5f8445-a5b7-11eb-bac0-309c2364fdb6','eda9a4ca-a5b4-11eb-bac0-309c2364fdb6','2021-04-25 11:39:59',1,NULL,0,NULL,'2021-05-27 11:47:23'),('f7699ca9-a5ba-11eb-bac0-309c2364fdb6','1d5f854b-a5b7-11eb-bac0-309c2364fdb6','eda913fd-a5b4-11eb-bac0-309c2364fdb6','2021-04-25 11:39:59',1,NULL,0,NULL,'2021-05-27 11:47:23'),('f7699dba-a5ba-11eb-bac0-309c2364fdb6','1d5f854b-a5b7-11eb-bac0-309c2364fdb6','eda97394-a5b4-11eb-bac0-309c2364fdb6','2021-04-25 11:39:59',1,NULL,0,NULL,'2021-05-27 11:47:23'),('f7699ec4-a5ba-11eb-bac0-309c2364fdb6','1d5f854b-a5b7-11eb-bac0-309c2364fdb6','eda9762d-a5b4-11eb-bac0-309c2364fdb6','2021-04-25 11:39:59',1,NULL,0,NULL,'2021-05-27 11:47:23'),('f7699fc8-a5ba-11eb-bac0-309c2364fdb6','1d5f854b-a5b7-11eb-bac0-309c2364fdb6','eda97726-a5b4-11eb-bac0-309c2364fdb6','2021-04-25 11:39:59',1,NULL,0,NULL,'2021-05-27 11:47:23'),('f769a0f9-a5ba-11eb-bac0-309c2364fdb6','1d5f854b-a5b7-11eb-bac0-309c2364fdb6','eda977ff-a5b4-11eb-bac0-309c2364fdb6','2021-04-25 11:39:59',1,NULL,0,NULL,'2021-05-27 11:47:23'),('f769a204-a5ba-11eb-bac0-309c2364fdb6','1d5f854b-a5b7-11eb-bac0-309c2364fdb6','eda978c6-a5b4-11eb-bac0-309c2364fdb6','2021-04-25 11:39:59',1,NULL,0,NULL,'2021-05-27 11:47:23'),('f769a347-a5ba-11eb-bac0-309c2364fdb6','1d5f854b-a5b7-11eb-bac0-309c2364fdb6','eda99d69-a5b4-11eb-bac0-309c2364fdb6','2021-04-25 11:39:59',1,NULL,0,NULL,'2021-05-27 11:47:23'),('f769a45a-a5ba-11eb-bac0-309c2364fdb6','1d5f854b-a5b7-11eb-bac0-309c2364fdb6','eda99f11-a5b4-11eb-bac0-309c2364fdb6','2021-04-25 11:39:59',1,NULL,0,NULL,'2021-05-27 11:47:23'),('f769a56a-a5ba-11eb-bac0-309c2364fdb6','1d5f854b-a5b7-11eb-bac0-309c2364fdb6','eda99ff9-a5b4-11eb-bac0-309c2364fdb6','2021-04-25 11:39:59',1,NULL,0,NULL,'2021-05-27 11:47:23'),('f769a673-a5ba-11eb-bac0-309c2364fdb6','1d5f854b-a5b7-11eb-bac0-309c2364fdb6','eda9a0cc-a5b4-11eb-bac0-309c2364fdb6','2021-04-25 11:39:59',1,NULL,0,NULL,'2021-05-27 11:47:23'),('f769a780-a5ba-11eb-bac0-309c2364fdb6','1d5f854b-a5b7-11eb-bac0-309c2364fdb6','eda9a1a8-a5b4-11eb-bac0-309c2364fdb6','2021-04-25 11:39:59',1,NULL,0,NULL,'2021-05-27 11:47:23'),('f769a888-a5ba-11eb-bac0-309c2364fdb6','1d5f854b-a5b7-11eb-bac0-309c2364fdb6','eda9a272-a5b4-11eb-bac0-309c2364fdb6','2021-04-25 11:39:59',1,NULL,0,NULL,'2021-05-27 11:47:23'),('f769a999-a5ba-11eb-bac0-309c2364fdb6','1d5f854b-a5b7-11eb-bac0-309c2364fdb6','eda9a338-a5b4-11eb-bac0-309c2364fdb6','2021-04-25 11:39:59',1,NULL,0,NULL,'2021-05-27 11:47:23'),('f769aaa3-a5ba-11eb-bac0-309c2364fdb6','1d5f854b-a5b7-11eb-bac0-309c2364fdb6','eda9a406-a5b4-11eb-bac0-309c2364fdb6','2021-04-25 11:39:59',1,NULL,0,NULL,'2021-05-27 11:47:23'),('f769abb2-a5ba-11eb-bac0-309c2364fdb6','1d5f854b-a5b7-11eb-bac0-309c2364fdb6','eda9a4ca-a5b4-11eb-bac0-309c2364fdb6','2021-04-25 11:39:59',1,NULL,0,NULL,'2021-05-27 11:47:23'),('f769acc9-a5ba-11eb-bac0-309c2364fdb6','1d5f864e-a5b7-11eb-bac0-309c2364fdb6','eda913fd-a5b4-11eb-bac0-309c2364fdb6','2021-04-25 11:39:59',1,NULL,0,NULL,'2021-05-27 11:47:23'),('f769add3-a5ba-11eb-bac0-309c2364fdb6','1d5f864e-a5b7-11eb-bac0-309c2364fdb6','eda97394-a5b4-11eb-bac0-309c2364fdb6','2021-04-25 11:39:59',1,NULL,0,NULL,'2021-05-27 11:47:23'),('f769aedb-a5ba-11eb-bac0-309c2364fdb6','1d5f864e-a5b7-11eb-bac0-309c2364fdb6','eda9762d-a5b4-11eb-bac0-309c2364fdb6','2021-04-25 11:39:59',1,NULL,0,NULL,'2021-05-27 11:47:23'),('f769afed-a5ba-11eb-bac0-309c2364fdb6','1d5f864e-a5b7-11eb-bac0-309c2364fdb6','eda97726-a5b4-11eb-bac0-309c2364fdb6','2021-04-25 11:39:59',1,NULL,0,NULL,'2021-05-27 11:47:23'),('f769b0fb-a5ba-11eb-bac0-309c2364fdb6','1d5f864e-a5b7-11eb-bac0-309c2364fdb6','eda977ff-a5b4-11eb-bac0-309c2364fdb6','2021-04-25 11:39:59',1,NULL,0,NULL,'2021-05-27 11:47:23'),('f769b20b-a5ba-11eb-bac0-309c2364fdb6','1d5f864e-a5b7-11eb-bac0-309c2364fdb6','eda978c6-a5b4-11eb-bac0-309c2364fdb6','2021-04-25 11:39:59',1,NULL,0,NULL,'2021-05-27 11:47:23'),('f769b314-a5ba-11eb-bac0-309c2364fdb6','1d5f864e-a5b7-11eb-bac0-309c2364fdb6','eda99d69-a5b4-11eb-bac0-309c2364fdb6','2021-04-25 11:39:59',1,NULL,0,NULL,'2021-05-27 11:47:23'),('f769b425-a5ba-11eb-bac0-309c2364fdb6','1d5f864e-a5b7-11eb-bac0-309c2364fdb6','eda99f11-a5b4-11eb-bac0-309c2364fdb6','2021-04-25 11:39:59',1,NULL,0,NULL,'2021-05-27 11:47:23'),('f769b53b-a5ba-11eb-bac0-309c2364fdb6','1d5f864e-a5b7-11eb-bac0-309c2364fdb6','eda99ff9-a5b4-11eb-bac0-309c2364fdb6','2021-04-25 11:39:59',1,NULL,0,NULL,'2021-05-27 11:47:23'),('f769b651-a5ba-11eb-bac0-309c2364fdb6','1d5f864e-a5b7-11eb-bac0-309c2364fdb6','eda9a0cc-a5b4-11eb-bac0-309c2364fdb6','2021-04-25 11:39:59',1,NULL,0,NULL,'2021-05-27 11:47:23'),('f769b77a-a5ba-11eb-bac0-309c2364fdb6','1d5f864e-a5b7-11eb-bac0-309c2364fdb6','eda9a1a8-a5b4-11eb-bac0-309c2364fdb6','2021-04-25 11:39:59',1,NULL,0,NULL,'2021-05-27 11:47:23'),('f769b886-a5ba-11eb-bac0-309c2364fdb6','1d5f864e-a5b7-11eb-bac0-309c2364fdb6','eda9a272-a5b4-11eb-bac0-309c2364fdb6','2021-04-25 11:39:59',1,NULL,0,NULL,'2021-05-27 11:47:23'),('f769b9d6-a5ba-11eb-bac0-309c2364fdb6','1d5f864e-a5b7-11eb-bac0-309c2364fdb6','eda9a338-a5b4-11eb-bac0-309c2364fdb6','2021-04-25 11:39:59',1,NULL,0,NULL,'2021-05-27 11:47:23'),('f769baed-a5ba-11eb-bac0-309c2364fdb6','1d5f864e-a5b7-11eb-bac0-309c2364fdb6','eda9a406-a5b4-11eb-bac0-309c2364fdb6','2021-04-25 11:39:59',1,NULL,0,NULL,'2021-05-27 11:47:23'),('f769bbf9-a5ba-11eb-bac0-309c2364fdb6','1d5f864e-a5b7-11eb-bac0-309c2364fdb6','eda9a4ca-a5b4-11eb-bac0-309c2364fdb6','2021-04-25 11:39:59',1,NULL,0,NULL,'2021-05-27 11:47:23'),('d7ed2484-f1fe-11eb-ad62-309c2364fdb6','254d6dee-f1f7-11eb-ad62-309c2364fdb6','eda9a4ca-a5b4-11eb-bac0-309c2364fdb6','2021-07-31 12:57:26',1,NULL,0,NULL,NULL);
/*!40000 ALTER TABLE `odbc_driver_version_relation_to_connectionstring_values` ENABLE KEYS */;
UNLOCK TABLES;
/*!50003 SET @saved_cs_client      = @@character_set_client */ ;
/*!50003 SET @saved_cs_results     = @@character_set_results */ ;
/*!50003 SET @saved_col_connection = @@collation_connection */ ;
/*!50003 SET character_set_client  = utf8mb4 */ ;
/*!50003 SET character_set_results = utf8mb4 */ ;
/*!50003 SET collation_connection  = utf8mb4_0900_ai_ci */ ;
/*!50003 SET @saved_sql_mode       = @@sql_mode */ ;
/*!50003 SET sql_mode              = 'STRICT_TRANS_TABLES,NO_ENGINE_SUBSTITUTION' */ ;
DELIMITER ;;
/*!50003 CREATE*/ /*!50017 DEFINER=`root`@`localhost`*/ /*!50003 TRIGGER `odbc_driver_version_csv_BEFORE_INSERT` BEFORE INSERT ON `odbc_driver_version_relation_to_connectionstring_values` FOR EACH ROW BEGIN

	SET new.creation_datetime = NOW();
    
END */;;
DELIMITER ;
/*!50003 SET sql_mode              = @saved_sql_mode */ ;
/*!50003 SET character_set_client  = @saved_cs_client */ ;
/*!50003 SET character_set_results = @saved_cs_results */ ;
/*!50003 SET collation_connection  = @saved_col_connection */ ;
/*!50003 SET @saved_cs_client      = @@character_set_client */ ;
/*!50003 SET @saved_cs_results     = @@character_set_results */ ;
/*!50003 SET @saved_col_connection = @@collation_connection */ ;
/*!50003 SET character_set_client  = utf8mb4 */ ;
/*!50003 SET character_set_results = utf8mb4 */ ;
/*!50003 SET collation_connection  = utf8mb4_0900_ai_ci */ ;
/*!50003 SET @saved_sql_mode       = @@sql_mode */ ;
/*!50003 SET sql_mode              = 'STRICT_TRANS_TABLES,NO_ENGINE_SUBSTITUTION' */ ;
DELIMITER ;;
/*!50003 CREATE*/ /*!50017 DEFINER=`root`@`localhost`*/ /*!50003 TRIGGER `odbc_driver_version_csv_BEFORE_UPDATE` BEFORE UPDATE ON `odbc_driver_version_relation_to_connectionstring_values` FOR EACH ROW BEGIN

	SET new.changed_datetime = NOW();
END */;;
DELIMITER ;
/*!50003 SET sql_mode              = @saved_sql_mode */ ;
/*!50003 SET character_set_client  = @saved_cs_client */ ;
/*!50003 SET character_set_results = @saved_cs_results */ ;
/*!50003 SET collation_connection  = @saved_col_connection */ ;

--
-- Table structure for table `operating_system`
--

DROP TABLE IF EXISTS `operating_system`;
/*!40101 SET @saved_cs_client     = @@character_set_client */;
/*!50503 SET character_set_client = utf8mb4 */;
CREATE TABLE `operating_system` (
  `uuid` varchar(36) NOT NULL,
  `name` varchar(90) DEFAULT NULL,
  `creation_datetime` timestamp NULL DEFAULT CURRENT_TIMESTAMP,
  `active` tinyint NOT NULL DEFAULT '1',
  `activation_datetime` datetime DEFAULT NULL,
  `deleted` tinyint DEFAULT '0',
  `deletion_datetime` datetime DEFAULT NULL,
  `changed_datetime` datetime DEFAULT NULL,
  PRIMARY KEY (`uuid`)
) ENGINE=InnoDB DEFAULT CHARSET=utf8mb3;
/*!40101 SET character_set_client = @saved_cs_client */;

--
-- Dumping data for table `operating_system`
--

LOCK TABLES `operating_system` WRITE;
/*!40000 ALTER TABLE `operating_system` DISABLE KEYS */;
INSERT INTO `operating_system` VALUES ('3feb0b44-a5b5-11eb-bac0-309c2364fdb6','Linux x64','2021-04-25 10:59:04',1,NULL,0,NULL,'2021-06-08 19:46:20'),('3feb26c5-a5b5-11eb-bac0-309c2364fdb6','Mac OS x64','2021-04-25 10:59:04',1,NULL,0,NULL,'2021-06-08 19:46:20'),('3feb2832-a5b5-11eb-bac0-309c2364fdb6','Windows x64','2021-04-25 10:59:04',1,NULL,0,NULL,'2021-06-08 19:46:20'),('6f190273-c881-11eb-a494-309c2364fdb6','Linux x86','2021-06-08 17:46:20',1,NULL,0,NULL,'2021-05-27 11:46:17'),('6f1917b7-c881-11eb-a494-309c2364fdb6','Mac OS x86','2021-06-08 17:46:20',1,NULL,0,NULL,'2021-05-27 11:46:17'),('6f192049-c881-11eb-a494-309c2364fdb6','Windows x86','2021-06-08 17:46:20',1,NULL,0,NULL,'2021-05-27 11:46:17');
/*!40000 ALTER TABLE `operating_system` ENABLE KEYS */;
UNLOCK TABLES;
/*!50003 SET @saved_cs_client      = @@character_set_client */ ;
/*!50003 SET @saved_cs_results     = @@character_set_results */ ;
/*!50003 SET @saved_col_connection = @@collation_connection */ ;
/*!50003 SET character_set_client  = utf8mb4 */ ;
/*!50003 SET character_set_results = utf8mb4 */ ;
/*!50003 SET collation_connection  = utf8mb4_0900_ai_ci */ ;
/*!50003 SET @saved_sql_mode       = @@sql_mode */ ;
/*!50003 SET sql_mode              = 'STRICT_TRANS_TABLES,NO_ENGINE_SUBSTITUTION' */ ;
DELIMITER ;;
/*!50003 CREATE*/ /*!50017 DEFINER=`rest`@`%`*/ /*!50003 TRIGGER `operating_system_BEFORE_INSERT` BEFORE INSERT ON `operating_system` FOR EACH ROW BEGIN 	SET new.creation_datetime = NOW();   END */;;
DELIMITER ;
/*!50003 SET sql_mode              = @saved_sql_mode */ ;
/*!50003 SET character_set_client  = @saved_cs_client */ ;
/*!50003 SET character_set_results = @saved_cs_results */ ;
/*!50003 SET collation_connection  = @saved_col_connection */ ;
/*!50003 SET @saved_cs_client      = @@character_set_client */ ;
/*!50003 SET @saved_cs_results     = @@character_set_results */ ;
/*!50003 SET @saved_col_connection = @@collation_connection */ ;
/*!50003 SET character_set_client  = utf8mb4 */ ;
/*!50003 SET character_set_results = utf8mb4 */ ;
/*!50003 SET collation_connection  = utf8mb4_0900_ai_ci */ ;
/*!50003 SET @saved_sql_mode       = @@sql_mode */ ;
/*!50003 SET sql_mode              = 'STRICT_TRANS_TABLES,NO_ENGINE_SUBSTITUTION' */ ;
DELIMITER ;;
/*!50003 CREATE*/ /*!50017 DEFINER=`rest`@`%`*/ /*!50003 TRIGGER `operating_system_BEFORE_UPDATE` BEFORE UPDATE ON `operating_system` FOR EACH ROW BEGIN 	SET new.changed_datetime = NOW();END */;;
DELIMITER ;
/*!50003 SET sql_mode              = @saved_sql_mode */ ;
/*!50003 SET character_set_client  = @saved_cs_client */ ;
/*!50003 SET character_set_results = @saved_cs_results */ ;
/*!50003 SET collation_connection  = @saved_col_connection */ ;

--
-- Table structure for table `relationship_type`
--

DROP TABLE IF EXISTS `relationship_type`;
/*!40101 SET @saved_cs_client     = @@character_set_client */;
/*!50503 SET character_set_client = utf8mb4 */;
CREATE TABLE `relationship_type` (
  `uuid` varchar(36) NOT NULL,
  `name` varchar(128) NOT NULL,
  `creation_datetime` timestamp NULL DEFAULT CURRENT_TIMESTAMP,
  `active` tinyint NOT NULL DEFAULT '1',
  `activation_datetime` datetime DEFAULT NULL,
  `deleted` tinyint DEFAULT '0',
  `deletion_datetime` datetime DEFAULT NULL,
  `changed_datetime` datetime DEFAULT NULL,
  PRIMARY KEY (`uuid`)
) ENGINE=InnoDB DEFAULT CHARSET=utf8mb3;
/*!40101 SET character_set_client = @saved_cs_client */;

--
-- Dumping data for table `relationship_type`
--

LOCK TABLES `relationship_type` WRITE;
/*!40000 ALTER TABLE `relationship_type` DISABLE KEYS */;
INSERT INTO `relationship_type` VALUES ('04b690c3-5050-11ec-9b15-d8bbc10f2ae0','1','2021-11-28 13:35:33',1,NULL,0,NULL,NULL),('093cf365-5050-11ec-9b15-d8bbc10f2ae0','n','2021-11-28 13:35:33',1,NULL,0,NULL,NULL),('0c89cb72-5050-11ec-9b15-d8bbc10f2ae0','m','2021-11-28 13:35:33',1,NULL,0,NULL,NULL);
/*!40000 ALTER TABLE `relationship_type` ENABLE KEYS */;
UNLOCK TABLES;

--
-- Table structure for table `role`
--

DROP TABLE IF EXISTS `role`;
/*!40101 SET @saved_cs_client     = @@character_set_client */;
/*!50503 SET character_set_client = utf8mb4 */;
CREATE TABLE `role` (
  `uuid` varchar(36) NOT NULL,
  `name` varchar(45) NOT NULL,
  `description` varchar(128) NOT NULL,
  `creation_datetime` timestamp NULL DEFAULT CURRENT_TIMESTAMP,
  `active` tinyint NOT NULL DEFAULT '1',
  `activation_datetime` datetime DEFAULT NULL,
  `deleted` tinyint DEFAULT '0',
  `deletion_datetime` datetime DEFAULT NULL,
  `changed_datetime` datetime DEFAULT NULL,
  `max_request_per_hour` int NOT NULL DEFAULT '200',
  `max_time_after_request_in_ms` int NOT NULL DEFAULT '1000',
  PRIMARY KEY (`uuid`)
) ENGINE=InnoDB DEFAULT CHARSET=utf8mb3;
/*!40101 SET character_set_client = @saved_cs_client */;

--
-- Dumping data for table `role`
--

LOCK TABLES `role` WRITE;
/*!40000 ALTER TABLE `role` DISABLE KEYS */;
INSERT INTO `role` VALUES ('2a9e2014-1ca4-11ec-a4a4-d8bbc10f2ae0','root','Root Role','2021-09-23 19:26:37',1,NULL,0,NULL,NULL,200,1000),('4c155424-a5b5-11eb-bac0-309c2364fdb6','Admin','Adminrole','2021-04-25 10:59:24',1,NULL,0,NULL,'2021-05-27 11:46:02',-1,-1),('4c15b437-a5b5-11eb-bac0-309c2364fdb6','User','Userrole','2021-04-25 10:59:24',1,NULL,0,NULL,'2021-05-27 11:46:02',-1,-1),('79e083c6-2f31-11ec-a420-d8bbc10f2ae0','anonymous','Root Role','2021-10-17 10:03:28',1,NULL,0,NULL,NULL,200,1000);
/*!40000 ALTER TABLE `role` ENABLE KEYS */;
UNLOCK TABLES;
/*!50003 SET @saved_cs_client      = @@character_set_client */ ;
/*!50003 SET @saved_cs_results     = @@character_set_results */ ;
/*!50003 SET @saved_col_connection = @@collation_connection */ ;
/*!50003 SET character_set_client  = utf8mb4 */ ;
/*!50003 SET character_set_results = utf8mb4 */ ;
/*!50003 SET collation_connection  = utf8mb4_0900_ai_ci */ ;
/*!50003 SET @saved_sql_mode       = @@sql_mode */ ;
/*!50003 SET sql_mode              = 'STRICT_TRANS_TABLES,NO_ENGINE_SUBSTITUTION' */ ;
DELIMITER ;;
/*!50003 CREATE*/ /*!50017 DEFINER=`rest`@`%`*/ /*!50003 TRIGGER `role_BEFORE_INSERT` BEFORE INSERT ON `role` FOR EACH ROW BEGIN 	SET new.creation_datetime = NOW();   END */;;
DELIMITER ;
/*!50003 SET sql_mode              = @saved_sql_mode */ ;
/*!50003 SET character_set_client  = @saved_cs_client */ ;
/*!50003 SET character_set_results = @saved_cs_results */ ;
/*!50003 SET collation_connection  = @saved_col_connection */ ;
/*!50003 SET @saved_cs_client      = @@character_set_client */ ;
/*!50003 SET @saved_cs_results     = @@character_set_results */ ;
/*!50003 SET @saved_col_connection = @@collation_connection */ ;
/*!50003 SET character_set_client  = utf8mb4 */ ;
/*!50003 SET character_set_results = utf8mb4 */ ;
/*!50003 SET collation_connection  = utf8mb4_0900_ai_ci */ ;
/*!50003 SET @saved_sql_mode       = @@sql_mode */ ;
/*!50003 SET sql_mode              = 'STRICT_TRANS_TABLES,NO_ENGINE_SUBSTITUTION' */ ;
DELIMITER ;;
/*!50003 CREATE*/ /*!50017 DEFINER=`rest`@`%`*/ /*!50003 TRIGGER `role_BEFORE_UPDATE` BEFORE UPDATE ON `role` FOR EACH ROW BEGIN 	SET new.changed_datetime = NOW();END */;;
DELIMITER ;
/*!50003 SET sql_mode              = @saved_sql_mode */ ;
/*!50003 SET character_set_client  = @saved_cs_client */ ;
/*!50003 SET character_set_results = @saved_cs_results */ ;
/*!50003 SET collation_connection  = @saved_col_connection */ ;

--
-- Table structure for table `role_relation_to_controller_action_relation_to_http_method`
--

DROP TABLE IF EXISTS `role_relation_to_controller_action_relation_to_http_method`;
/*!40101 SET @saved_cs_client     = @@character_set_client */;
/*!50503 SET character_set_client = utf8mb4 */;
CREATE TABLE `role_relation_to_controller_action_relation_to_http_method` (
  `uuid` varchar(36) NOT NULL,
  `controller_action_relation_to_http_method_uuid` varchar(36) NOT NULL,
  `role_uuid` varchar(36) NOT NULL,
  `creation_datetime` timestamp NULL DEFAULT CURRENT_TIMESTAMP,
  `active` tinyint NOT NULL DEFAULT '1',
  `activation_datetime` datetime DEFAULT NULL,
  `deleted` tinyint DEFAULT '0',
  `deletion_datetime` datetime DEFAULT NULL,
  `changed_datetime` datetime DEFAULT NULL,
  PRIMARY KEY (`controller_action_relation_to_http_method_uuid`,`role_uuid`)
) ENGINE=InnoDB DEFAULT CHARSET=utf8mb3;
/*!40101 SET character_set_client = @saved_cs_client */;

--
-- Dumping data for table `role_relation_to_controller_action_relation_to_http_method`
--

LOCK TABLES `role_relation_to_controller_action_relation_to_http_method` WRITE;
/*!40000 ALTER TABLE `role_relation_to_controller_action_relation_to_http_method` DISABLE KEYS */;
INSERT INTO `role_relation_to_controller_action_relation_to_http_method` VALUES ('1e209300-2e7d-11ec-a420-d8bbc10f2ae0','1e1ef3bd-2e7d-11ec-a420-d8bbc10f2ae0','2a9e2014-1ca4-11ec-a4a4-d8bbc10f2ae0','2021-10-16 12:32:25',1,NULL,0,NULL,NULL),('7a8842fa-2f31-11ec-a420-d8bbc10f2ae0','7a875376-2f31-11ec-a420-d8bbc10f2ae0','2a9e2014-1ca4-11ec-a4a4-d8bbc10f2ae0','2021-10-17 10:03:29',1,NULL,0,NULL,NULL),('7a8af937-2f31-11ec-a420-d8bbc10f2ae0','7a89f5f7-2f31-11ec-a420-d8bbc10f2ae0','2a9e2014-1ca4-11ec-a4a4-d8bbc10f2ae0','2021-10-17 10:03:29',1,NULL,0,NULL,NULL),('856d8aec-3a56-11ec-ac86-d8bbc10f2ae0','856c94be-3a56-11ec-ac86-d8bbc10f2ae0','2a9e2014-1ca4-11ec-a4a4-d8bbc10f2ae0','2021-10-31 14:26:22',1,NULL,0,NULL,NULL),('9457cfc1-2de9-11ec-ba94-d8bbc10f2ae0','9456cbbe-2de9-11ec-ba94-d8bbc10f2ae0','2a9e2014-1ca4-11ec-a4a4-d8bbc10f2ae0','2021-10-15 18:56:18',1,NULL,0,NULL,NULL),('9ff5959e-2dda-11ec-ba94-d8bbc10f2ae0','9ff477c0-2dda-11ec-ba94-d8bbc10f2ae0','2a9e2014-1ca4-11ec-a4a4-d8bbc10f2ae0','2021-10-15 17:09:15',1,NULL,0,NULL,NULL),('9ff81c54-2dda-11ec-ba94-d8bbc10f2ae0','9ff753e1-2dda-11ec-ba94-d8bbc10f2ae0','2a9e2014-1ca4-11ec-a4a4-d8bbc10f2ae0','2021-10-15 17:09:15',1,NULL,0,NULL,NULL),('9ffa8c60-2dda-11ec-ba94-d8bbc10f2ae0','9ff9c177-2dda-11ec-ba94-d8bbc10f2ae0','2a9e2014-1ca4-11ec-a4a4-d8bbc10f2ae0','2021-10-15 17:09:15',1,NULL,0,NULL,NULL),('9ffd02fc-2dda-11ec-ba94-d8bbc10f2ae0','9ffc3a30-2dda-11ec-ba94-d8bbc10f2ae0','2a9e2014-1ca4-11ec-a4a4-d8bbc10f2ae0','2021-10-15 17:09:15',1,NULL,0,NULL,NULL),('a611b760-1fb9-11ec-b836-d8bbc10f2ae0','a6109b97-1fb9-11ec-b836-d8bbc10f2ae0','2a9e2014-1ca4-11ec-a4a4-d8bbc10f2ae0','2021-09-27 17:37:55',1,NULL,0,NULL,NULL),('a6148bed-1fb9-11ec-b836-d8bbc10f2ae0','a613a566-1fb9-11ec-b836-d8bbc10f2ae0','2a9e2014-1ca4-11ec-a4a4-d8bbc10f2ae0','2021-09-27 17:37:55',1,NULL,0,NULL,NULL),('d1957945-1ca8-11ec-a4a4-d8bbc10f2ae0','c7d02cce-1ca8-11ec-a4a4-d8bbc10f2ae0','2a9e2014-1ca4-11ec-a4a4-d8bbc10f2ae0','2021-09-23 19:59:53',1,NULL,0,NULL,NULL),('d80214eb-1ca8-11ec-a4a4-d8bbc10f2ae0','d7feda0f-1ca8-11ec-a4a4-d8bbc10f2ae0','2a9e2014-1ca4-11ec-a4a4-d8bbc10f2ae0','2021-09-23 20:00:04',1,NULL,0,NULL,NULL),('e24fadc9-1ca8-11ec-a4a4-d8bbc10f2ae0','e24e992d-1ca8-11ec-a4a4-d8bbc10f2ae0','2a9e2014-1ca4-11ec-a4a4-d8bbc10f2ae0','2021-09-23 20:00:21',1,NULL,0,NULL,NULL),('e2523857-1ca8-11ec-a4a4-d8bbc10f2ae0','e251587b-1ca8-11ec-a4a4-d8bbc10f2ae0','2a9e2014-1ca4-11ec-a4a4-d8bbc10f2ae0','2021-09-23 20:00:21',1,NULL,0,NULL,NULL),('e254cbba-1ca8-11ec-a4a4-d8bbc10f2ae0','e253f678-1ca8-11ec-a4a4-d8bbc10f2ae0','2a9e2014-1ca4-11ec-a4a4-d8bbc10f2ae0','2021-09-23 20:00:21',1,NULL,0,NULL,NULL),('e2566f7c-1ca8-11ec-a4a4-d8bbc10f2ae0','e255989e-1ca8-11ec-a4a4-d8bbc10f2ae0','2a9e2014-1ca4-11ec-a4a4-d8bbc10f2ae0','2021-09-23 20:00:21',1,NULL,0,NULL,NULL),('e258de83-1ca8-11ec-a4a4-d8bbc10f2ae0','e2580b49-1ca8-11ec-a4a4-d8bbc10f2ae0','2a9e2014-1ca4-11ec-a4a4-d8bbc10f2ae0','2021-09-23 20:00:21',1,NULL,0,NULL,NULL),('e25b473d-1ca8-11ec-a4a4-d8bbc10f2ae0','e25a7f30-1ca8-11ec-a4a4-d8bbc10f2ae0','2a9e2014-1ca4-11ec-a4a4-d8bbc10f2ae0','2021-09-23 20:00:21',1,NULL,0,NULL,NULL),('e9eb0005-1caa-11ec-a4a4-d8bbc10f2ae0','e9e9ddc1-1caa-11ec-a4a4-d8bbc10f2ae0','2a9e2014-1ca4-11ec-a4a4-d8bbc10f2ae0','2021-09-23 20:14:53',1,NULL,0,NULL,NULL),('e9ed24ed-1caa-11ec-a4a4-d8bbc10f2ae0','e9ec0d19-1caa-11ec-a4a4-d8bbc10f2ae0','2a9e2014-1ca4-11ec-a4a4-d8bbc10f2ae0','2021-09-23 20:14:53',1,NULL,0,NULL,NULL),('e9efbab6-1caa-11ec-a4a4-d8bbc10f2ae0','e9eee89a-1caa-11ec-a4a4-d8bbc10f2ae0','2a9e2014-1ca4-11ec-a4a4-d8bbc10f2ae0','2021-09-23 20:14:53',1,NULL,0,NULL,NULL),('e9f244aa-1caa-11ec-a4a4-d8bbc10f2ae0','e9f166cb-1caa-11ec-a4a4-d8bbc10f2ae0','2a9e2014-1ca4-11ec-a4a4-d8bbc10f2ae0','2021-09-23 20:14:53',1,NULL,0,NULL,NULL),('e9f4ffcb-1caa-11ec-a4a4-d8bbc10f2ae0','e9f41a10-1caa-11ec-a4a4-d8bbc10f2ae0','2a9e2014-1ca4-11ec-a4a4-d8bbc10f2ae0','2021-09-23 20:14:53',1,NULL,0,NULL,NULL),('e9f6c87c-1caa-11ec-a4a4-d8bbc10f2ae0','e9f5eea9-1caa-11ec-a4a4-d8bbc10f2ae0','2a9e2014-1ca4-11ec-a4a4-d8bbc10f2ae0','2021-09-23 20:14:53',1,NULL,0,NULL,NULL),('e9f979e7-1caa-11ec-a4a4-d8bbc10f2ae0','e9f89163-1caa-11ec-a4a4-d8bbc10f2ae0','2a9e2014-1ca4-11ec-a4a4-d8bbc10f2ae0','2021-09-23 20:14:53',1,NULL,0,NULL,NULL),('e9fc070b-1caa-11ec-a4a4-d8bbc10f2ae0','e9fb256a-1caa-11ec-a4a4-d8bbc10f2ae0','2a9e2014-1ca4-11ec-a4a4-d8bbc10f2ae0','2021-09-23 20:14:53',1,NULL,0,NULL,NULL),('ea00863d-1caa-11ec-a4a4-d8bbc10f2ae0','e9ff9165-1caa-11ec-a4a4-d8bbc10f2ae0','2a9e2014-1ca4-11ec-a4a4-d8bbc10f2ae0','2021-09-23 20:14:53',1,NULL,0,NULL,NULL),('ea023a40-1caa-11ec-a4a4-d8bbc10f2ae0','ea0168c9-1caa-11ec-a4a4-d8bbc10f2ae0','2a9e2014-1ca4-11ec-a4a4-d8bbc10f2ae0','2021-09-23 20:14:53',1,NULL,0,NULL,NULL),('ea04db11-1caa-11ec-a4a4-d8bbc10f2ae0','ea03e23d-1caa-11ec-a4a4-d8bbc10f2ae0','2a9e2014-1ca4-11ec-a4a4-d8bbc10f2ae0','2021-09-23 20:14:53',1,NULL,0,NULL,NULL),('ea077789-1caa-11ec-a4a4-d8bbc10f2ae0','ea068f01-1caa-11ec-a4a4-d8bbc10f2ae0','2a9e2014-1ca4-11ec-a4a4-d8bbc10f2ae0','2021-09-23 20:14:53',1,NULL,0,NULL,NULL),('ea0a3f23-1caa-11ec-a4a4-d8bbc10f2ae0','ea094501-1caa-11ec-a4a4-d8bbc10f2ae0','2a9e2014-1ca4-11ec-a4a4-d8bbc10f2ae0','2021-09-23 20:14:53',1,NULL,0,NULL,NULL),('ea0bf352-1caa-11ec-a4a4-d8bbc10f2ae0','ea0b16d3-1caa-11ec-a4a4-d8bbc10f2ae0','2a9e2014-1ca4-11ec-a4a4-d8bbc10f2ae0','2021-09-23 20:14:53',1,NULL,0,NULL,NULL),('ea0e9b5f-1caa-11ec-a4a4-d8bbc10f2ae0','ea0db41a-1caa-11ec-a4a4-d8bbc10f2ae0','2a9e2014-1ca4-11ec-a4a4-d8bbc10f2ae0','2021-09-23 20:14:53',1,NULL,0,NULL,NULL),('ea1131b0-1caa-11ec-a4a4-d8bbc10f2ae0','ea10542d-1caa-11ec-a4a4-d8bbc10f2ae0','2a9e2014-1ca4-11ec-a4a4-d8bbc10f2ae0','2021-09-23 20:14:53',1,NULL,0,NULL,NULL),('ea15f456-1caa-11ec-a4a4-d8bbc10f2ae0','ea151448-1caa-11ec-a4a4-d8bbc10f2ae0','2a9e2014-1ca4-11ec-a4a4-d8bbc10f2ae0','2021-09-23 20:14:53',1,NULL,0,NULL,NULL),('ea18450d-1caa-11ec-a4a4-d8bbc10f2ae0','ea173ef7-1caa-11ec-a4a4-d8bbc10f2ae0','2a9e2014-1ca4-11ec-a4a4-d8bbc10f2ae0','2021-09-23 20:14:53',1,NULL,0,NULL,NULL),('ea1af27b-1caa-11ec-a4a4-d8bbc10f2ae0','ea1a0bcf-1caa-11ec-a4a4-d8bbc10f2ae0','2a9e2014-1ca4-11ec-a4a4-d8bbc10f2ae0','2021-09-23 20:14:53',1,NULL,0,NULL,NULL),('ea1da686-1caa-11ec-a4a4-d8bbc10f2ae0','ea1cb72c-1caa-11ec-a4a4-d8bbc10f2ae0','2a9e2014-1ca4-11ec-a4a4-d8bbc10f2ae0','2021-09-23 20:14:53',1,NULL,0,NULL,NULL),('ea2066f2-1caa-11ec-a4a4-d8bbc10f2ae0','ea1f874a-1caa-11ec-a4a4-d8bbc10f2ae0','2a9e2014-1ca4-11ec-a4a4-d8bbc10f2ae0','2021-09-23 20:14:53',1,NULL,0,NULL,NULL),('ea22250a-1caa-11ec-a4a4-d8bbc10f2ae0','ea21309b-1caa-11ec-a4a4-d8bbc10f2ae0','2a9e2014-1ca4-11ec-a4a4-d8bbc10f2ae0','2021-09-23 20:14:53',1,NULL,0,NULL,NULL),('ea24f56f-1caa-11ec-a4a4-d8bbc10f2ae0','ea241f49-1caa-11ec-a4a4-d8bbc10f2ae0','2a9e2014-1ca4-11ec-a4a4-d8bbc10f2ae0','2021-09-23 20:14:53',1,NULL,0,NULL,NULL),('ea276f62-1caa-11ec-a4a4-d8bbc10f2ae0','ea269bd7-1caa-11ec-a4a4-d8bbc10f2ae0','2a9e2014-1ca4-11ec-a4a4-d8bbc10f2ae0','2021-09-23 20:14:54',1,NULL,0,NULL,NULL),('ea2b78ae-1caa-11ec-a4a4-d8bbc10f2ae0','ea2aade5-1caa-11ec-a4a4-d8bbc10f2ae0','2a9e2014-1ca4-11ec-a4a4-d8bbc10f2ae0','2021-09-23 20:14:54',1,NULL,0,NULL,NULL),('ea2d0e2f-1caa-11ec-a4a4-d8bbc10f2ae0','ea2c47b5-1caa-11ec-a4a4-d8bbc10f2ae0','2a9e2014-1ca4-11ec-a4a4-d8bbc10f2ae0','2021-09-23 20:14:54',1,NULL,0,NULL,NULL),('ea2f73c9-1caa-11ec-a4a4-d8bbc10f2ae0','ea2e9c74-1caa-11ec-a4a4-d8bbc10f2ae0','2a9e2014-1ca4-11ec-a4a4-d8bbc10f2ae0','2021-09-23 20:14:54',1,NULL,0,NULL,NULL),('ea324284-1caa-11ec-a4a4-d8bbc10f2ae0','ea315548-1caa-11ec-a4a4-d8bbc10f2ae0','2a9e2014-1ca4-11ec-a4a4-d8bbc10f2ae0','2021-09-23 20:14:54',1,NULL,0,NULL,NULL),('ea34c5a0-1caa-11ec-a4a4-d8bbc10f2ae0','ea33fe81-1caa-11ec-a4a4-d8bbc10f2ae0','2a9e2014-1ca4-11ec-a4a4-d8bbc10f2ae0','2021-09-23 20:14:54',1,NULL,0,NULL,NULL),('ea364f71-1caa-11ec-a4a4-d8bbc10f2ae0','ea358785-1caa-11ec-a4a4-d8bbc10f2ae0','2a9e2014-1ca4-11ec-a4a4-d8bbc10f2ae0','2021-09-23 20:14:54',1,NULL,0,NULL,NULL),('ea392757-1caa-11ec-a4a4-d8bbc10f2ae0','ea385ecb-1caa-11ec-a4a4-d8bbc10f2ae0','2a9e2014-1ca4-11ec-a4a4-d8bbc10f2ae0','2021-09-23 20:14:54',1,NULL,0,NULL,NULL),('ea3b6bf1-1caa-11ec-a4a4-d8bbc10f2ae0','ea3aa956-1caa-11ec-a4a4-d8bbc10f2ae0','2a9e2014-1ca4-11ec-a4a4-d8bbc10f2ae0','2021-09-23 20:14:54',1,NULL,0,NULL,NULL),('ea3f7f32-1caa-11ec-a4a4-d8bbc10f2ae0','ea3eb028-1caa-11ec-a4a4-d8bbc10f2ae0','2a9e2014-1ca4-11ec-a4a4-d8bbc10f2ae0','2021-09-23 20:14:54',1,NULL,0,NULL,NULL),('ea410dea-1caa-11ec-a4a4-d8bbc10f2ae0','ea4045f4-1caa-11ec-a4a4-d8bbc10f2ae0','2a9e2014-1ca4-11ec-a4a4-d8bbc10f2ae0','2021-09-23 20:14:54',1,NULL,0,NULL,NULL),('ea434fdc-1caa-11ec-a4a4-d8bbc10f2ae0','ea42926e-1caa-11ec-a4a4-d8bbc10f2ae0','2a9e2014-1ca4-11ec-a4a4-d8bbc10f2ae0','2021-09-23 20:14:54',1,NULL,0,NULL,NULL),('ea458b5a-1caa-11ec-a4a4-d8bbc10f2ae0','ea44ca4b-1caa-11ec-a4a4-d8bbc10f2ae0','2a9e2014-1ca4-11ec-a4a4-d8bbc10f2ae0','2021-09-23 20:14:54',1,NULL,0,NULL,NULL),('ea47d892-1caa-11ec-a4a4-d8bbc10f2ae0','ea470ed9-1caa-11ec-a4a4-d8bbc10f2ae0','2a9e2014-1ca4-11ec-a4a4-d8bbc10f2ae0','2021-09-23 20:14:54',1,NULL,0,NULL,NULL),('ea495889-1caa-11ec-a4a4-d8bbc10f2ae0','ea4895fe-1caa-11ec-a4a4-d8bbc10f2ae0','2a9e2014-1ca4-11ec-a4a4-d8bbc10f2ae0','2021-09-23 20:14:54',1,NULL,0,NULL,NULL),('ea4c8921-1caa-11ec-a4a4-d8bbc10f2ae0','ea4b64b2-1caa-11ec-a4a4-d8bbc10f2ae0','2a9e2014-1ca4-11ec-a4a4-d8bbc10f2ae0','2021-09-23 20:14:54',1,NULL,0,NULL,NULL),('ea507f90-1caa-11ec-a4a4-d8bbc10f2ae0','ea4f2dca-1caa-11ec-a4a4-d8bbc10f2ae0','2a9e2014-1ca4-11ec-a4a4-d8bbc10f2ae0','2021-09-23 20:14:54',1,NULL,0,NULL,NULL),('ea5519f8-1caa-11ec-a4a4-d8bbc10f2ae0','ea545a24-1caa-11ec-a4a4-d8bbc10f2ae0','2a9e2014-1ca4-11ec-a4a4-d8bbc10f2ae0','2021-09-23 20:14:54',1,NULL,0,NULL,NULL),('ea56926f-1caa-11ec-a4a4-d8bbc10f2ae0','ea55d59d-1caa-11ec-a4a4-d8bbc10f2ae0','2a9e2014-1ca4-11ec-a4a4-d8bbc10f2ae0','2021-09-23 20:14:54',1,NULL,0,NULL,NULL),('ea58cc89-1caa-11ec-a4a4-d8bbc10f2ae0','ea5812dd-1caa-11ec-a4a4-d8bbc10f2ae0','2a9e2014-1ca4-11ec-a4a4-d8bbc10f2ae0','2021-09-23 20:14:54',1,NULL,0,NULL,NULL),('ea5af5fa-1caa-11ec-a4a4-d8bbc10f2ae0','ea5a3ece-1caa-11ec-a4a4-d8bbc10f2ae0','2a9e2014-1ca4-11ec-a4a4-d8bbc10f2ae0','2021-09-23 20:14:54',1,NULL,0,NULL,NULL),('ea5d50a0-1caa-11ec-a4a4-d8bbc10f2ae0','ea5c8bfa-1caa-11ec-a4a4-d8bbc10f2ae0','2a9e2014-1ca4-11ec-a4a4-d8bbc10f2ae0','2021-09-23 20:14:54',1,NULL,0,NULL,NULL),('ea5edfa9-1caa-11ec-a4a4-d8bbc10f2ae0','ea5e10f5-1caa-11ec-a4a4-d8bbc10f2ae0','2a9e2014-1ca4-11ec-a4a4-d8bbc10f2ae0','2021-09-23 20:14:54',1,NULL,0,NULL,NULL),('ea611a27-1caa-11ec-a4a4-d8bbc10f2ae0','ea605886-1caa-11ec-a4a4-d8bbc10f2ae0','2a9e2014-1ca4-11ec-a4a4-d8bbc10f2ae0','2021-09-23 20:14:54',1,NULL,0,NULL,NULL),('ea635b29-1caa-11ec-a4a4-d8bbc10f2ae0','ea6298e5-1caa-11ec-a4a4-d8bbc10f2ae0','2a9e2014-1ca4-11ec-a4a4-d8bbc10f2ae0','2021-09-23 20:14:54',1,NULL,0,NULL,NULL),('ea6774bc-1caa-11ec-a4a4-d8bbc10f2ae0','ea66b7cd-1caa-11ec-a4a4-d8bbc10f2ae0','2a9e2014-1ca4-11ec-a4a4-d8bbc10f2ae0','2021-09-23 20:14:54',1,NULL,0,NULL,NULL),('ea68e738-1caa-11ec-a4a4-d8bbc10f2ae0','ea682b74-1caa-11ec-a4a4-d8bbc10f2ae0','2a9e2014-1ca4-11ec-a4a4-d8bbc10f2ae0','2021-09-23 20:14:54',1,NULL,0,NULL,NULL),('ea6b1d78-1caa-11ec-a4a4-d8bbc10f2ae0','ea6a5ec4-1caa-11ec-a4a4-d8bbc10f2ae0','2a9e2014-1ca4-11ec-a4a4-d8bbc10f2ae0','2021-09-23 20:14:54',1,NULL,0,NULL,NULL),('ea6d5d0f-1caa-11ec-a4a4-d8bbc10f2ae0','ea6ca1c6-1caa-11ec-a4a4-d8bbc10f2ae0','2a9e2014-1ca4-11ec-a4a4-d8bbc10f2ae0','2021-09-23 20:14:54',1,NULL,0,NULL,NULL),('ea6edf36-1caa-11ec-a4a4-d8bbc10f2ae0','ea6e24a5-1caa-11ec-a4a4-d8bbc10f2ae0','2a9e2014-1ca4-11ec-a4a4-d8bbc10f2ae0','2021-09-23 20:14:54',1,NULL,0,NULL,NULL),('ea711cbc-1caa-11ec-a4a4-d8bbc10f2ae0','ea705e0e-1caa-11ec-a4a4-d8bbc10f2ae0','2a9e2014-1ca4-11ec-a4a4-d8bbc10f2ae0','2021-09-23 20:14:54',1,NULL,0,NULL,NULL),('ea7350e6-1caa-11ec-a4a4-d8bbc10f2ae0','ea728f7e-1caa-11ec-a4a4-d8bbc10f2ae0','2a9e2014-1ca4-11ec-a4a4-d8bbc10f2ae0','2021-09-23 20:14:54',1,NULL,0,NULL,NULL),('ea759051-1caa-11ec-a4a4-d8bbc10f2ae0','ea74ce61-1caa-11ec-a4a4-d8bbc10f2ae0','2a9e2014-1ca4-11ec-a4a4-d8bbc10f2ae0','2021-09-23 20:14:54',1,NULL,0,NULL,NULL),('ea771c7e-1caa-11ec-a4a4-d8bbc10f2ae0','ea7651c7-1caa-11ec-a4a4-d8bbc10f2ae0','2a9e2014-1ca4-11ec-a4a4-d8bbc10f2ae0','2021-09-23 20:14:54',1,NULL,0,NULL,NULL),('ea79acf9-1caa-11ec-a4a4-d8bbc10f2ae0','ea78ec5a-1caa-11ec-a4a4-d8bbc10f2ae0','2a9e2014-1ca4-11ec-a4a4-d8bbc10f2ae0','2021-09-23 20:14:54',1,NULL,0,NULL,NULL),('ea7bda8c-1caa-11ec-a4a4-d8bbc10f2ae0','ea7b2149-1caa-11ec-a4a4-d8bbc10f2ae0','2a9e2014-1ca4-11ec-a4a4-d8bbc10f2ae0','2021-09-23 20:14:54',1,NULL,0,NULL,NULL),('ea7faff1-1caa-11ec-a4a4-d8bbc10f2ae0','ea7ef0ec-1caa-11ec-a4a4-d8bbc10f2ae0','2a9e2014-1ca4-11ec-a4a4-d8bbc10f2ae0','2021-09-23 20:14:54',1,NULL,0,NULL,NULL),('ea8130cc-1caa-11ec-a4a4-d8bbc10f2ae0','ea80751f-1caa-11ec-a4a4-d8bbc10f2ae0','2a9e2014-1ca4-11ec-a4a4-d8bbc10f2ae0','2021-09-23 20:14:54',1,NULL,0,NULL,NULL),('ea8370df-1caa-11ec-a4a4-d8bbc10f2ae0','ea829e09-1caa-11ec-a4a4-d8bbc10f2ae0','2a9e2014-1ca4-11ec-a4a4-d8bbc10f2ae0','2021-09-23 20:14:54',1,NULL,0,NULL,NULL),('ea85c43f-1caa-11ec-a4a4-d8bbc10f2ae0','ea84fc25-1caa-11ec-a4a4-d8bbc10f2ae0','2a9e2014-1ca4-11ec-a4a4-d8bbc10f2ae0','2021-09-23 20:14:54',1,NULL,0,NULL,NULL),('ea880aa7-1caa-11ec-a4a4-d8bbc10f2ae0','ea8742de-1caa-11ec-a4a4-d8bbc10f2ae0','2a9e2014-1ca4-11ec-a4a4-d8bbc10f2ae0','2021-09-23 20:14:54',1,NULL,0,NULL,NULL),('ea89961a-1caa-11ec-a4a4-d8bbc10f2ae0','ea88cff5-1caa-11ec-a4a4-d8bbc10f2ae0','2a9e2014-1ca4-11ec-a4a4-d8bbc10f2ae0','2021-09-23 20:14:54',1,NULL,0,NULL,NULL),('ea8bd184-1caa-11ec-a4a4-d8bbc10f2ae0','ea8b0e86-1caa-11ec-a4a4-d8bbc10f2ae0','2a9e2014-1ca4-11ec-a4a4-d8bbc10f2ae0','2021-09-23 20:14:54',1,NULL,0,NULL,NULL),('ea8e03e1-1caa-11ec-a4a4-d8bbc10f2ae0','ea8d4664-1caa-11ec-a4a4-d8bbc10f2ae0','2a9e2014-1ca4-11ec-a4a4-d8bbc10f2ae0','2021-09-23 20:14:54',1,NULL,0,NULL,NULL),('ea92133c-1caa-11ec-a4a4-d8bbc10f2ae0','ea915cfc-1caa-11ec-a4a4-d8bbc10f2ae0','2a9e2014-1ca4-11ec-a4a4-d8bbc10f2ae0','2021-09-23 20:14:54',1,NULL,0,NULL,NULL),('ea9432f3-1caa-11ec-a4a4-d8bbc10f2ae0','ea9379e4-1caa-11ec-a4a4-d8bbc10f2ae0','2a9e2014-1ca4-11ec-a4a4-d8bbc10f2ae0','2021-09-23 20:14:54',1,NULL,0,NULL,NULL),('ea9666b7-1caa-11ec-a4a4-d8bbc10f2ae0','ea95ab1c-1caa-11ec-a4a4-d8bbc10f2ae0','2a9e2014-1ca4-11ec-a4a4-d8bbc10f2ae0','2021-09-23 20:14:54',1,NULL,0,NULL,NULL),('ea992395-1caa-11ec-a4a4-d8bbc10f2ae0','ea9869f3-1caa-11ec-a4a4-d8bbc10f2ae0','2a9e2014-1ca4-11ec-a4a4-d8bbc10f2ae0','2021-09-23 20:14:54',1,NULL,0,NULL,NULL),('ea9aa323-1caa-11ec-a4a4-d8bbc10f2ae0','ea99df8c-1caa-11ec-a4a4-d8bbc10f2ae0','2a9e2014-1ca4-11ec-a4a4-d8bbc10f2ae0','2021-09-23 20:14:54',1,NULL,0,NULL,NULL),('ea9ce9e0-1caa-11ec-a4a4-d8bbc10f2ae0','ea9c292d-1caa-11ec-a4a4-d8bbc10f2ae0','2a9e2014-1ca4-11ec-a4a4-d8bbc10f2ae0','2021-09-23 20:14:54',1,NULL,0,NULL,NULL),('ea9f2898-1caa-11ec-a4a4-d8bbc10f2ae0','ea9e6bf6-1caa-11ec-a4a4-d8bbc10f2ae0','2a9e2014-1ca4-11ec-a4a4-d8bbc10f2ae0','2021-09-23 20:14:54',1,NULL,0,NULL,NULL),('eaa169ff-1caa-11ec-a4a4-d8bbc10f2ae0','eaa0acda-1caa-11ec-a4a4-d8bbc10f2ae0','2a9e2014-1ca4-11ec-a4a4-d8bbc10f2ae0','2021-09-23 20:14:54',1,NULL,0,NULL,NULL),('eaa2e399-1caa-11ec-a4a4-d8bbc10f2ae0','eaa227fa-1caa-11ec-a4a4-d8bbc10f2ae0','2a9e2014-1ca4-11ec-a4a4-d8bbc10f2ae0','2021-09-23 20:14:54',1,NULL,0,NULL,NULL),('eaa5123d-1caa-11ec-a4a4-d8bbc10f2ae0','eaa4571e-1caa-11ec-a4a4-d8bbc10f2ae0','2a9e2014-1ca4-11ec-a4a4-d8bbc10f2ae0','2021-09-23 20:14:54',1,NULL,0,NULL,NULL),('eaa8e40f-1caa-11ec-a4a4-d8bbc10f2ae0','eaa81bfb-1caa-11ec-a4a4-d8bbc10f2ae0','2a9e2014-1ca4-11ec-a4a4-d8bbc10f2ae0','2021-09-23 20:14:54',1,NULL,0,NULL,NULL),('eaaa584d-1caa-11ec-a4a4-d8bbc10f2ae0','eaa993eb-1caa-11ec-a4a4-d8bbc10f2ae0','2a9e2014-1ca4-11ec-a4a4-d8bbc10f2ae0','2021-09-23 20:14:54',1,NULL,0,NULL,NULL),('eaac6f0b-1caa-11ec-a4a4-d8bbc10f2ae0','eaabbe2f-1caa-11ec-a4a4-d8bbc10f2ae0','2a9e2014-1ca4-11ec-a4a4-d8bbc10f2ae0','2021-09-23 20:14:54',1,NULL,0,NULL,NULL),('eaae7351-1caa-11ec-a4a4-d8bbc10f2ae0','eaadc43b-1caa-11ec-a4a4-d8bbc10f2ae0','2a9e2014-1ca4-11ec-a4a4-d8bbc10f2ae0','2021-09-23 20:14:54',1,NULL,0,NULL,NULL),('eab0a962-1caa-11ec-a4a4-d8bbc10f2ae0','eaafe679-1caa-11ec-a4a4-d8bbc10f2ae0','2a9e2014-1ca4-11ec-a4a4-d8bbc10f2ae0','2021-09-23 20:14:54',1,NULL,0,NULL,NULL),('eab22185-1caa-11ec-a4a4-d8bbc10f2ae0','eab16bea-1caa-11ec-a4a4-d8bbc10f2ae0','2a9e2014-1ca4-11ec-a4a4-d8bbc10f2ae0','2021-09-23 20:14:54',1,NULL,0,NULL,NULL),('eab465e5-1caa-11ec-a4a4-d8bbc10f2ae0','eab3a337-1caa-11ec-a4a4-d8bbc10f2ae0','2a9e2014-1ca4-11ec-a4a4-d8bbc10f2ae0','2021-09-23 20:14:54',1,NULL,0,NULL,NULL),('eab69857-1caa-11ec-a4a4-d8bbc10f2ae0','eab5d679-1caa-11ec-a4a4-d8bbc10f2ae0','2a9e2014-1ca4-11ec-a4a4-d8bbc10f2ae0','2021-09-23 20:14:54',1,NULL,0,NULL,NULL),('eaba6e5f-1caa-11ec-a4a4-d8bbc10f2ae0','eab99be7-1caa-11ec-a4a4-d8bbc10f2ae0','2a9e2014-1ca4-11ec-a4a4-d8bbc10f2ae0','2021-09-23 20:14:54',1,NULL,0,NULL,NULL),('eabbf274-1caa-11ec-a4a4-d8bbc10f2ae0','eabb2e46-1caa-11ec-a4a4-d8bbc10f2ae0','2a9e2014-1ca4-11ec-a4a4-d8bbc10f2ae0','2021-09-23 20:14:54',1,NULL,0,NULL,NULL),('eabe325e-1caa-11ec-a4a4-d8bbc10f2ae0','eabd6df8-1caa-11ec-a4a4-d8bbc10f2ae0','2a9e2014-1ca4-11ec-a4a4-d8bbc10f2ae0','2021-09-23 20:14:54',1,NULL,0,NULL,NULL),('eac06d72-1caa-11ec-a4a4-d8bbc10f2ae0','eabfa5e8-1caa-11ec-a4a4-d8bbc10f2ae0','2a9e2014-1ca4-11ec-a4a4-d8bbc10f2ae0','2021-09-23 20:14:55',1,NULL,0,NULL,NULL),('eac2c7fd-1caa-11ec-a4a4-d8bbc10f2ae0','eac1d793-1caa-11ec-a4a4-d8bbc10f2ae0','2a9e2014-1ca4-11ec-a4a4-d8bbc10f2ae0','2021-09-23 20:14:55',1,NULL,0,NULL,NULL),('eac43f1b-1caa-11ec-a4a4-d8bbc10f2ae0','eac388e4-1caa-11ec-a4a4-d8bbc10f2ae0','2a9e2014-1ca4-11ec-a4a4-d8bbc10f2ae0','2021-09-23 20:14:55',1,NULL,0,NULL,NULL),('eac669f4-1caa-11ec-a4a4-d8bbc10f2ae0','eac5aad2-1caa-11ec-a4a4-d8bbc10f2ae0','2a9e2014-1ca4-11ec-a4a4-d8bbc10f2ae0','2021-09-23 20:14:55',1,NULL,0,NULL,NULL),('eac89f39-1caa-11ec-a4a4-d8bbc10f2ae0','eac7d39a-1caa-11ec-a4a4-d8bbc10f2ae0','2a9e2014-1ca4-11ec-a4a4-d8bbc10f2ae0','2021-09-23 20:14:55',1,NULL,0,NULL,NULL),('eacc7e0e-1caa-11ec-a4a4-d8bbc10f2ae0','eacbb08f-1caa-11ec-a4a4-d8bbc10f2ae0','2a9e2014-1ca4-11ec-a4a4-d8bbc10f2ae0','2021-09-23 20:14:55',1,NULL,0,NULL,NULL),('eace99cb-1caa-11ec-a4a4-d8bbc10f2ae0','eacde512-1caa-11ec-a4a4-d8bbc10f2ae0','2a9e2014-1ca4-11ec-a4a4-d8bbc10f2ae0','2021-09-23 20:14:55',1,NULL,0,NULL,NULL),('ead00d6a-1caa-11ec-a4a4-d8bbc10f2ae0','eacf54f1-1caa-11ec-a4a4-d8bbc10f2ae0','2a9e2014-1ca4-11ec-a4a4-d8bbc10f2ae0','2021-09-23 20:14:55',1,NULL,0,NULL,NULL),('ead5f9a4-1caa-11ec-a4a4-d8bbc10f2ae0','ead53c4d-1caa-11ec-a4a4-d8bbc10f2ae0','2a9e2014-1ca4-11ec-a4a4-d8bbc10f2ae0','2021-09-23 20:14:55',1,NULL,0,NULL,NULL),('ead82d3c-1caa-11ec-a4a4-d8bbc10f2ae0','ead774a0-1caa-11ec-a4a4-d8bbc10f2ae0','2a9e2014-1ca4-11ec-a4a4-d8bbc10f2ae0','2021-09-23 20:14:55',1,NULL,0,NULL,NULL),('eada510e-1caa-11ec-a4a4-d8bbc10f2ae0','ead99967-1caa-11ec-a4a4-d8bbc10f2ae0','2a9e2014-1ca4-11ec-a4a4-d8bbc10f2ae0','2021-09-23 20:14:55',1,NULL,0,NULL,NULL),('eadbe506-1caa-11ec-a4a4-d8bbc10f2ae0','eadb1566-1caa-11ec-a4a4-d8bbc10f2ae0','2a9e2014-1ca4-11ec-a4a4-d8bbc10f2ae0','2021-09-23 20:14:55',1,NULL,0,NULL,NULL),('eade17c3-1caa-11ec-a4a4-d8bbc10f2ae0','eadd5bf4-1caa-11ec-a4a4-d8bbc10f2ae0','2a9e2014-1ca4-11ec-a4a4-d8bbc10f2ae0','2021-09-23 20:14:55',1,NULL,0,NULL,NULL),('eae1e6e3-1caa-11ec-a4a4-d8bbc10f2ae0','eae125fa-1caa-11ec-a4a4-d8bbc10f2ae0','2a9e2014-1ca4-11ec-a4a4-d8bbc10f2ae0','2021-09-23 20:14:55',1,NULL,0,NULL,NULL),('eae5a757-1caa-11ec-a4a4-d8bbc10f2ae0','eae2b1f4-1caa-11ec-a4a4-d8bbc10f2ae0','2a9e2014-1ca4-11ec-a4a4-d8bbc10f2ae0','2021-09-23 20:14:55',1,NULL,0,NULL,NULL),('eae966b0-1caa-11ec-a4a4-d8bbc10f2ae0','eae8a729-1caa-11ec-a4a4-d8bbc10f2ae0','2a9e2014-1ca4-11ec-a4a4-d8bbc10f2ae0','2021-09-23 20:14:55',1,NULL,0,NULL,NULL),('eaeb8da0-1caa-11ec-a4a4-d8bbc10f2ae0','eaead315-1caa-11ec-a4a4-d8bbc10f2ae0','2a9e2014-1ca4-11ec-a4a4-d8bbc10f2ae0','2021-09-23 20:14:55',1,NULL,0,NULL,NULL),('eaedd45d-1caa-11ec-a4a4-d8bbc10f2ae0','eaed055f-1caa-11ec-a4a4-d8bbc10f2ae0','2a9e2014-1ca4-11ec-a4a4-d8bbc10f2ae0','2021-09-23 20:14:55',1,NULL,0,NULL,NULL),('eaef55e2-1caa-11ec-a4a4-d8bbc10f2ae0','eaee9a47-1caa-11ec-a4a4-d8bbc10f2ae0','2a9e2014-1ca4-11ec-a4a4-d8bbc10f2ae0','2021-09-23 20:14:55',1,NULL,0,NULL,NULL),('eaf19d61-1caa-11ec-a4a4-d8bbc10f2ae0','eaf0ca57-1caa-11ec-a4a4-d8bbc10f2ae0','2a9e2014-1ca4-11ec-a4a4-d8bbc10f2ae0','2021-09-23 20:14:55',1,NULL,0,NULL,NULL),('eaf498ca-1caa-11ec-a4a4-d8bbc10f2ae0','eaf30e60-1caa-11ec-a4a4-d8bbc10f2ae0','2a9e2014-1ca4-11ec-a4a4-d8bbc10f2ae0','2021-09-23 20:14:55',1,NULL,0,NULL,NULL),('eaf84ec0-1caa-11ec-a4a4-d8bbc10f2ae0','eaf79d9d-1caa-11ec-a4a4-d8bbc10f2ae0','2a9e2014-1ca4-11ec-a4a4-d8bbc10f2ae0','2021-09-23 20:14:55',1,NULL,0,NULL,NULL),('eaf9c0db-1caa-11ec-a4a4-d8bbc10f2ae0','eaf90b15-1caa-11ec-a4a4-d8bbc10f2ae0','2a9e2014-1ca4-11ec-a4a4-d8bbc10f2ae0','2021-09-23 20:14:55',1,NULL,0,NULL,NULL),('eafbed29-1caa-11ec-a4a4-d8bbc10f2ae0','eafb3285-1caa-11ec-a4a4-d8bbc10f2ae0','2a9e2014-1ca4-11ec-a4a4-d8bbc10f2ae0','2021-09-23 20:14:55',1,NULL,0,NULL,NULL),('eafe321e-1caa-11ec-a4a4-d8bbc10f2ae0','eafd7da9-1caa-11ec-a4a4-d8bbc10f2ae0','2a9e2014-1ca4-11ec-a4a4-d8bbc10f2ae0','2021-09-23 20:14:55',1,NULL,0,NULL,NULL),('eb00571c-1caa-11ec-a4a4-d8bbc10f2ae0','eaffa11b-1caa-11ec-a4a4-d8bbc10f2ae0','2a9e2014-1ca4-11ec-a4a4-d8bbc10f2ae0','2021-09-23 20:14:55',1,NULL,0,NULL,NULL),('eb01ce8a-1caa-11ec-a4a4-d8bbc10f2ae0','eb011527-1caa-11ec-a4a4-d8bbc10f2ae0','2a9e2014-1ca4-11ec-a4a4-d8bbc10f2ae0','2021-09-23 20:14:55',1,NULL,0,NULL,NULL),('eb03f49a-1caa-11ec-a4a4-d8bbc10f2ae0','eb03359e-1caa-11ec-a4a4-d8bbc10f2ae0','2a9e2014-1ca4-11ec-a4a4-d8bbc10f2ae0','2021-09-23 20:14:55',1,NULL,0,NULL,NULL),('eb0619eb-1caa-11ec-a4a4-d8bbc10f2ae0','eb05676d-1caa-11ec-a4a4-d8bbc10f2ae0','2a9e2014-1ca4-11ec-a4a4-d8bbc10f2ae0','2021-09-23 20:14:55',1,NULL,0,NULL,NULL),('eb0a00c8-1caa-11ec-a4a4-d8bbc10f2ae0','eb0943ab-1caa-11ec-a4a4-d8bbc10f2ae0','2a9e2014-1ca4-11ec-a4a4-d8bbc10f2ae0','2021-09-23 20:14:55',1,NULL,0,NULL,NULL),('eb0b739c-1caa-11ec-a4a4-d8bbc10f2ae0','eb0ac0e5-1caa-11ec-a4a4-d8bbc10f2ae0','2a9e2014-1ca4-11ec-a4a4-d8bbc10f2ae0','2021-09-23 20:14:55',1,NULL,0,NULL,NULL),('eb0d949a-1caa-11ec-a4a4-d8bbc10f2ae0','eb0ce26b-1caa-11ec-a4a4-d8bbc10f2ae0','2a9e2014-1ca4-11ec-a4a4-d8bbc10f2ae0','2021-09-23 20:14:55',1,NULL,0,NULL,NULL),('eb0fc18c-1caa-11ec-a4a4-d8bbc10f2ae0','eb0f0a5f-1caa-11ec-a4a4-d8bbc10f2ae0','2a9e2014-1ca4-11ec-a4a4-d8bbc10f2ae0','2021-09-23 20:14:55',1,NULL,0,NULL,NULL),('eb11f311-1caa-11ec-a4a4-d8bbc10f2ae0','eb113526-1caa-11ec-a4a4-d8bbc10f2ae0','2a9e2014-1ca4-11ec-a4a4-d8bbc10f2ae0','2021-09-23 20:14:55',1,NULL,0,NULL,NULL),('eb136cdb-1caa-11ec-a4a4-d8bbc10f2ae0','eb12b014-1caa-11ec-a4a4-d8bbc10f2ae0','2a9e2014-1ca4-11ec-a4a4-d8bbc10f2ae0','2021-09-23 20:14:55',1,NULL,0,NULL,NULL),('eb15c2cf-1caa-11ec-a4a4-d8bbc10f2ae0','eb14fd60-1caa-11ec-a4a4-d8bbc10f2ae0','2a9e2014-1ca4-11ec-a4a4-d8bbc10f2ae0','2021-09-23 20:14:55',1,NULL,0,NULL,NULL),('eb17f1c6-1caa-11ec-a4a4-d8bbc10f2ae0','eb1737c9-1caa-11ec-a4a4-d8bbc10f2ae0','2a9e2014-1ca4-11ec-a4a4-d8bbc10f2ae0','2021-09-23 20:14:55',1,NULL,0,NULL,NULL),('eb1b994c-1caa-11ec-a4a4-d8bbc10f2ae0','eb1ae4c1-1caa-11ec-a4a4-d8bbc10f2ae0','2a9e2014-1ca4-11ec-a4a4-d8bbc10f2ae0','2021-09-23 20:14:55',1,NULL,0,NULL,NULL),('eb1d156a-1caa-11ec-a4a4-d8bbc10f2ae0','eb1c5752-1caa-11ec-a4a4-d8bbc10f2ae0','2a9e2014-1ca4-11ec-a4a4-d8bbc10f2ae0','2021-09-23 20:14:55',1,NULL,0,NULL,NULL),('eb23609f-1caa-11ec-a4a4-d8bbc10f2ae0','eb22a37b-1caa-11ec-a4a4-d8bbc10f2ae0','2a9e2014-1ca4-11ec-a4a4-d8bbc10f2ae0','2021-09-23 20:14:55',1,NULL,0,NULL,NULL),('eb256dfc-1caa-11ec-a4a4-d8bbc10f2ae0','eb24c810-1caa-11ec-a4a4-d8bbc10f2ae0','2a9e2014-1ca4-11ec-a4a4-d8bbc10f2ae0','2021-09-23 20:14:55',1,NULL,0,NULL,NULL),('eb27868d-1caa-11ec-a4a4-d8bbc10f2ae0','eb26d6b4-1caa-11ec-a4a4-d8bbc10f2ae0','2a9e2014-1ca4-11ec-a4a4-d8bbc10f2ae0','2021-09-23 20:14:55',1,NULL,0,NULL,NULL),('eb28e0d9-1caa-11ec-a4a4-d8bbc10f2ae0','eb2833ee-1caa-11ec-a4a4-d8bbc10f2ae0','2a9e2014-1ca4-11ec-a4a4-d8bbc10f2ae0','2021-09-23 20:14:55',1,NULL,0,NULL,NULL),('eb2b20ad-1caa-11ec-a4a4-d8bbc10f2ae0','eb2a3a9e-1caa-11ec-a4a4-d8bbc10f2ae0','2a9e2014-1ca4-11ec-a4a4-d8bbc10f2ae0','2021-09-23 20:14:55',1,NULL,0,NULL,NULL),('eb2d3fe7-1caa-11ec-a4a4-d8bbc10f2ae0','eb2c8930-1caa-11ec-a4a4-d8bbc10f2ae0','2a9e2014-1ca4-11ec-a4a4-d8bbc10f2ae0','2021-09-23 20:14:55',1,NULL,0,NULL,NULL),('eb30e5e5-1caa-11ec-a4a4-d8bbc10f2ae0','eb30354f-1caa-11ec-a4a4-d8bbc10f2ae0','2a9e2014-1ca4-11ec-a4a4-d8bbc10f2ae0','2021-09-23 20:14:55',1,NULL,0,NULL,NULL),('eb324c8e-1caa-11ec-a4a4-d8bbc10f2ae0','eb31a5a3-1caa-11ec-a4a4-d8bbc10f2ae0','2a9e2014-1ca4-11ec-a4a4-d8bbc10f2ae0','2021-09-23 20:14:55',1,NULL,0,NULL,NULL),('eb346697-1caa-11ec-a4a4-d8bbc10f2ae0','eb33b815-1caa-11ec-a4a4-d8bbc10f2ae0','2a9e2014-1ca4-11ec-a4a4-d8bbc10f2ae0','2021-09-23 20:14:55',1,NULL,0,NULL,NULL),('eb36653b-1caa-11ec-a4a4-d8bbc10f2ae0','eb35bb51-1caa-11ec-a4a4-d8bbc10f2ae0','2a9e2014-1ca4-11ec-a4a4-d8bbc10f2ae0','2021-09-23 20:14:55',1,NULL,0,NULL,NULL),('eb3867cc-1caa-11ec-a4a4-d8bbc10f2ae0','eb37bfe3-1caa-11ec-a4a4-d8bbc10f2ae0','2a9e2014-1ca4-11ec-a4a4-d8bbc10f2ae0','2021-09-23 20:14:55',1,NULL,0,NULL,NULL),('eb39ca54-1caa-11ec-a4a4-d8bbc10f2ae0','eb391d00-1caa-11ec-a4a4-d8bbc10f2ae0','2a9e2014-1ca4-11ec-a4a4-d8bbc10f2ae0','2021-09-23 20:14:55',1,NULL,0,NULL,NULL),('eb3bdeb9-1caa-11ec-a4a4-d8bbc10f2ae0','eb3b30e3-1caa-11ec-a4a4-d8bbc10f2ae0','2a9e2014-1ca4-11ec-a4a4-d8bbc10f2ae0','2021-09-23 20:14:55',1,NULL,0,NULL,NULL),('eb3de626-1caa-11ec-a4a4-d8bbc10f2ae0','eb3d3821-1caa-11ec-a4a4-d8bbc10f2ae0','2a9e2014-1ca4-11ec-a4a4-d8bbc10f2ae0','2021-09-23 20:14:55',1,NULL,0,NULL,NULL),('eb41684e-1caa-11ec-a4a4-d8bbc10f2ae0','eb40b8a8-1caa-11ec-a4a4-d8bbc10f2ae0','2a9e2014-1ca4-11ec-a4a4-d8bbc10f2ae0','2021-09-23 20:14:55',1,NULL,0,NULL,NULL),('eb42d18e-1caa-11ec-a4a4-d8bbc10f2ae0','eb421afd-1caa-11ec-a4a4-d8bbc10f2ae0','2a9e2014-1ca4-11ec-a4a4-d8bbc10f2ae0','2021-09-23 20:14:55',1,NULL,0,NULL,NULL),('eb44c6fd-1caa-11ec-a4a4-d8bbc10f2ae0','eb44228f-1caa-11ec-a4a4-d8bbc10f2ae0','2a9e2014-1ca4-11ec-a4a4-d8bbc10f2ae0','2021-09-23 20:14:55',1,NULL,0,NULL,NULL),('eb46d5d9-1caa-11ec-a4a4-d8bbc10f2ae0','eb462882-1caa-11ec-a4a4-d8bbc10f2ae0','2a9e2014-1ca4-11ec-a4a4-d8bbc10f2ae0','2021-09-23 20:14:55',1,NULL,0,NULL,NULL),('eb48da15-1caa-11ec-a4a4-d8bbc10f2ae0','eb482910-1caa-11ec-a4a4-d8bbc10f2ae0','2a9e2014-1ca4-11ec-a4a4-d8bbc10f2ae0','2021-09-23 20:14:55',1,NULL,0,NULL,NULL),('eb4a3274-1caa-11ec-a4a4-d8bbc10f2ae0','eb498871-1caa-11ec-a4a4-d8bbc10f2ae0','2a9e2014-1ca4-11ec-a4a4-d8bbc10f2ae0','2021-09-23 20:14:55',1,NULL,0,NULL,NULL),('eb4c2e1f-1caa-11ec-a4a4-d8bbc10f2ae0','eb4b8011-1caa-11ec-a4a4-d8bbc10f2ae0','2a9e2014-1ca4-11ec-a4a4-d8bbc10f2ae0','2021-09-23 20:14:55',1,NULL,0,NULL,NULL),('eb4e27d3-1caa-11ec-a4a4-d8bbc10f2ae0','eb4d7820-1caa-11ec-a4a4-d8bbc10f2ae0','2a9e2014-1ca4-11ec-a4a4-d8bbc10f2ae0','2021-09-23 20:14:55',1,NULL,0,NULL,NULL),('eb51af0a-1caa-11ec-a4a4-d8bbc10f2ae0','eb50f12a-1caa-11ec-a4a4-d8bbc10f2ae0','2a9e2014-1ca4-11ec-a4a4-d8bbc10f2ae0','2021-09-23 20:14:55',1,NULL,0,NULL,NULL),('eb531061-1caa-11ec-a4a4-d8bbc10f2ae0','eb52665b-1caa-11ec-a4a4-d8bbc10f2ae0','2a9e2014-1ca4-11ec-a4a4-d8bbc10f2ae0','2021-09-23 20:14:55',1,NULL,0,NULL,NULL),('eb552528-1caa-11ec-a4a4-d8bbc10f2ae0','eb5474ff-1caa-11ec-a4a4-d8bbc10f2ae0','2a9e2014-1ca4-11ec-a4a4-d8bbc10f2ae0','2021-09-23 20:14:55',1,NULL,0,NULL,NULL),('eb5734c8-1caa-11ec-a4a4-d8bbc10f2ae0','eb568f78-1caa-11ec-a4a4-d8bbc10f2ae0','2a9e2014-1ca4-11ec-a4a4-d8bbc10f2ae0','2021-09-23 20:14:56',1,NULL,0,NULL,NULL),('eb596984-1caa-11ec-a4a4-d8bbc10f2ae0','eb588c97-1caa-11ec-a4a4-d8bbc10f2ae0','2a9e2014-1ca4-11ec-a4a4-d8bbc10f2ae0','2021-09-23 20:14:56',1,NULL,0,NULL,NULL),('eb5ad919-1caa-11ec-a4a4-d8bbc10f2ae0','eb5a17e3-1caa-11ec-a4a4-d8bbc10f2ae0','2a9e2014-1ca4-11ec-a4a4-d8bbc10f2ae0','2021-09-23 20:14:56',1,NULL,0,NULL,NULL),('eb5cdcb4-1caa-11ec-a4a4-d8bbc10f2ae0','eb5c3153-1caa-11ec-a4a4-d8bbc10f2ae0','2a9e2014-1ca4-11ec-a4a4-d8bbc10f2ae0','2021-09-23 20:14:56',1,NULL,0,NULL,NULL),('eb5ee08b-1caa-11ec-a4a4-d8bbc10f2ae0','eb5e382e-1caa-11ec-a4a4-d8bbc10f2ae0','2a9e2014-1ca4-11ec-a4a4-d8bbc10f2ae0','2021-09-23 20:14:56',1,NULL,0,NULL,NULL),('eb6267a5-1caa-11ec-a4a4-d8bbc10f2ae0','eb61b97a-1caa-11ec-a4a4-d8bbc10f2ae0','2a9e2014-1ca4-11ec-a4a4-d8bbc10f2ae0','2021-09-23 20:14:56',1,NULL,0,NULL,NULL),('eb63c553-1caa-11ec-a4a4-d8bbc10f2ae0','eb631976-1caa-11ec-a4a4-d8bbc10f2ae0','2a9e2014-1ca4-11ec-a4a4-d8bbc10f2ae0','2021-09-23 20:14:56',1,NULL,0,NULL,NULL),('eb65c843-1caa-11ec-a4a4-d8bbc10f2ae0','eb652295-1caa-11ec-a4a4-d8bbc10f2ae0','2a9e2014-1ca4-11ec-a4a4-d8bbc10f2ae0','2021-09-23 20:14:56',1,NULL,0,NULL,NULL),('eb6809d4-1caa-11ec-a4a4-d8bbc10f2ae0','eb67325a-1caa-11ec-a4a4-d8bbc10f2ae0','2a9e2014-1ca4-11ec-a4a4-d8bbc10f2ae0','2021-09-23 20:14:56',1,NULL,0,NULL,NULL),('eb6a16b6-1caa-11ec-a4a4-d8bbc10f2ae0','eb69662b-1caa-11ec-a4a4-d8bbc10f2ae0','2a9e2014-1ca4-11ec-a4a4-d8bbc10f2ae0','2021-09-23 20:14:56',1,NULL,0,NULL,NULL),('eb6b7afb-1caa-11ec-a4a4-d8bbc10f2ae0','eb6ad1b5-1caa-11ec-a4a4-d8bbc10f2ae0','2a9e2014-1ca4-11ec-a4a4-d8bbc10f2ae0','2021-09-23 20:14:56',1,NULL,0,NULL,NULL),('eb6d7a74-1caa-11ec-a4a4-d8bbc10f2ae0','eb6cd3c6-1caa-11ec-a4a4-d8bbc10f2ae0','2a9e2014-1ca4-11ec-a4a4-d8bbc10f2ae0','2021-09-23 20:14:56',1,NULL,0,NULL,NULL),('eb6f84bd-1caa-11ec-a4a4-d8bbc10f2ae0','eb6ed743-1caa-11ec-a4a4-d8bbc10f2ae0','2a9e2014-1ca4-11ec-a4a4-d8bbc10f2ae0','2021-09-23 20:14:56',1,NULL,0,NULL,NULL),('eb73443b-1caa-11ec-a4a4-d8bbc10f2ae0','eb729a5e-1caa-11ec-a4a4-d8bbc10f2ae0','2a9e2014-1ca4-11ec-a4a4-d8bbc10f2ae0','2021-09-23 20:14:56',1,NULL,0,NULL,NULL),('eb753e2f-1caa-11ec-a4a4-d8bbc10f2ae0','eb74917e-1caa-11ec-a4a4-d8bbc10f2ae0','2a9e2014-1ca4-11ec-a4a4-d8bbc10f2ae0','2021-09-23 20:14:56',1,NULL,0,NULL,NULL),('eb774e0e-1caa-11ec-a4a4-d8bbc10f2ae0','eb769b56-1caa-11ec-a4a4-d8bbc10f2ae0','2a9e2014-1ca4-11ec-a4a4-d8bbc10f2ae0','2021-09-23 20:14:56',1,NULL,0,NULL,NULL),('eb78a834-1caa-11ec-a4a4-d8bbc10f2ae0','eb77fcef-1caa-11ec-a4a4-d8bbc10f2ae0','2a9e2014-1ca4-11ec-a4a4-d8bbc10f2ae0','2021-09-23 20:14:56',1,NULL,0,NULL,NULL),('eb7aa03f-1caa-11ec-a4a4-d8bbc10f2ae0','eb79fb2b-1caa-11ec-a4a4-d8bbc10f2ae0','2a9e2014-1ca4-11ec-a4a4-d8bbc10f2ae0','2021-09-23 20:14:56',1,NULL,0,NULL,NULL),('eb7d8b1d-1caa-11ec-a4a4-d8bbc10f2ae0','eb7c7c9e-1caa-11ec-a4a4-d8bbc10f2ae0','2a9e2014-1ca4-11ec-a4a4-d8bbc10f2ae0','2021-09-23 20:14:56',1,NULL,0,NULL,NULL),('eb80820e-1caa-11ec-a4a4-d8bbc10f2ae0','eb7fd377-1caa-11ec-a4a4-d8bbc10f2ae0','2a9e2014-1ca4-11ec-a4a4-d8bbc10f2ae0','2021-09-23 20:14:56',1,NULL,0,NULL,NULL),('eb81e189-1caa-11ec-a4a4-d8bbc10f2ae0','eb813394-1caa-11ec-a4a4-d8bbc10f2ae0','2a9e2014-1ca4-11ec-a4a4-d8bbc10f2ae0','2021-09-23 20:14:56',1,NULL,0,NULL,NULL),('eb83efe1-1caa-11ec-a4a4-d8bbc10f2ae0','eb833de1-1caa-11ec-a4a4-d8bbc10f2ae0','2a9e2014-1ca4-11ec-a4a4-d8bbc10f2ae0','2021-09-23 20:14:56',1,NULL,0,NULL,NULL),('eb861d97-1caa-11ec-a4a4-d8bbc10f2ae0','eb8571f7-1caa-11ec-a4a4-d8bbc10f2ae0','2a9e2014-1ca4-11ec-a4a4-d8bbc10f2ae0','2021-09-23 20:14:56',1,NULL,0,NULL,NULL),('eb89be25-1caa-11ec-a4a4-d8bbc10f2ae0','eb89053f-1caa-11ec-a4a4-d8bbc10f2ae0','2a9e2014-1ca4-11ec-a4a4-d8bbc10f2ae0','2021-09-23 20:14:56',1,NULL,0,NULL,NULL),('eb8b1ef1-1caa-11ec-a4a4-d8bbc10f2ae0','eb8a70e5-1caa-11ec-a4a4-d8bbc10f2ae0','2a9e2014-1ca4-11ec-a4a4-d8bbc10f2ae0','2021-09-23 20:14:56',1,NULL,0,NULL,NULL),('eb8d56c3-1caa-11ec-a4a4-d8bbc10f2ae0','eb8c9cfd-1caa-11ec-a4a4-d8bbc10f2ae0','2a9e2014-1ca4-11ec-a4a4-d8bbc10f2ae0','2021-09-23 20:14:56',1,NULL,0,NULL,NULL),('eb8f6b37-1caa-11ec-a4a4-d8bbc10f2ae0','eb8ec069-1caa-11ec-a4a4-d8bbc10f2ae0','2a9e2014-1ca4-11ec-a4a4-d8bbc10f2ae0','2021-09-23 20:14:56',1,NULL,0,NULL,NULL),('eb918682-1caa-11ec-a4a4-d8bbc10f2ae0','eb90ca58-1caa-11ec-a4a4-d8bbc10f2ae0','2a9e2014-1ca4-11ec-a4a4-d8bbc10f2ae0','2021-09-23 20:14:56',1,NULL,0,NULL,NULL),('eb92dbcd-1caa-11ec-a4a4-d8bbc10f2ae0','eb922e4c-1caa-11ec-a4a4-d8bbc10f2ae0','2a9e2014-1ca4-11ec-a4a4-d8bbc10f2ae0','2021-09-23 20:14:56',1,NULL,0,NULL,NULL),('eb94e4e3-1caa-11ec-a4a4-d8bbc10f2ae0','eb94301d-1caa-11ec-a4a4-d8bbc10f2ae0','2a9e2014-1ca4-11ec-a4a4-d8bbc10f2ae0','2021-09-23 20:14:56',1,NULL,0,NULL,NULL),('eb96ece8-1caa-11ec-a4a4-d8bbc10f2ae0','eb963f4a-1caa-11ec-a4a4-d8bbc10f2ae0','2a9e2014-1ca4-11ec-a4a4-d8bbc10f2ae0','2021-09-23 20:14:56',1,NULL,0,NULL,NULL),('eb9a7596-1caa-11ec-a4a4-d8bbc10f2ae0','eb99c997-1caa-11ec-a4a4-d8bbc10f2ae0','2a9e2014-1ca4-11ec-a4a4-d8bbc10f2ae0','2021-09-23 20:14:56',1,NULL,0,NULL,NULL),('eb9bd4f0-1caa-11ec-a4a4-d8bbc10f2ae0','eb9b203e-1caa-11ec-a4a4-d8bbc10f2ae0','2a9e2014-1ca4-11ec-a4a4-d8bbc10f2ae0','2021-09-23 20:14:56',1,NULL,0,NULL,NULL),('eb9df566-1caa-11ec-a4a4-d8bbc10f2ae0','eb9d457a-1caa-11ec-a4a4-d8bbc10f2ae0','2a9e2014-1ca4-11ec-a4a4-d8bbc10f2ae0','2021-09-23 20:14:56',1,NULL,0,NULL,NULL),('eba0404d-1caa-11ec-a4a4-d8bbc10f2ae0','eb9f849b-1caa-11ec-a4a4-d8bbc10f2ae0','2a9e2014-1ca4-11ec-a4a4-d8bbc10f2ae0','2021-09-23 20:14:56',1,NULL,0,NULL,NULL),('eba26973-1caa-11ec-a4a4-d8bbc10f2ae0','eba1aefa-1caa-11ec-a4a4-d8bbc10f2ae0','2a9e2014-1ca4-11ec-a4a4-d8bbc10f2ae0','2021-09-23 20:14:56',1,NULL,0,NULL,NULL),('eba48866-1caa-11ec-a4a4-d8bbc10f2ae0','eba3d1ad-1caa-11ec-a4a4-d8bbc10f2ae0','2a9e2014-1ca4-11ec-a4a4-d8bbc10f2ae0','2021-09-23 20:14:56',1,NULL,0,NULL,NULL),('eba5f1ea-1caa-11ec-a4a4-d8bbc10f2ae0','eba53b5b-1caa-11ec-a4a4-d8bbc10f2ae0','2a9e2014-1ca4-11ec-a4a4-d8bbc10f2ae0','2021-09-23 20:14:56',1,NULL,0,NULL,NULL),('eba819c2-1caa-11ec-a4a4-d8bbc10f2ae0','eba75157-1caa-11ec-a4a4-d8bbc10f2ae0','2a9e2014-1ca4-11ec-a4a4-d8bbc10f2ae0','2021-09-23 20:14:56',1,NULL,0,NULL,NULL),('ebaa3013-1caa-11ec-a4a4-d8bbc10f2ae0','eba97bd1-1caa-11ec-a4a4-d8bbc10f2ae0','2a9e2014-1ca4-11ec-a4a4-d8bbc10f2ae0','2021-09-23 20:14:56',1,NULL,0,NULL,NULL),('ebadbfb8-1caa-11ec-a4a4-d8bbc10f2ae0','ebad0b52-1caa-11ec-a4a4-d8bbc10f2ae0','2a9e2014-1ca4-11ec-a4a4-d8bbc10f2ae0','2021-09-23 20:14:56',1,NULL,0,NULL,NULL),('ebaf1799-1caa-11ec-a4a4-d8bbc10f2ae0','ebae67ea-1caa-11ec-a4a4-d8bbc10f2ae0','2a9e2014-1ca4-11ec-a4a4-d8bbc10f2ae0','2021-09-23 20:14:56',1,NULL,0,NULL,NULL),('ebb10631-1caa-11ec-a4a4-d8bbc10f2ae0','ebb06576-1caa-11ec-a4a4-d8bbc10f2ae0','2a9e2014-1ca4-11ec-a4a4-d8bbc10f2ae0','2021-09-23 20:14:56',1,NULL,0,NULL,NULL),('ebb315f9-1caa-11ec-a4a4-d8bbc10f2ae0','ebb25d67-1caa-11ec-a4a4-d8bbc10f2ae0','2a9e2014-1ca4-11ec-a4a4-d8bbc10f2ae0','2021-09-23 20:14:56',1,NULL,0,NULL,NULL),('ebb53025-1caa-11ec-a4a4-d8bbc10f2ae0','ebb48964-1caa-11ec-a4a4-d8bbc10f2ae0','2a9e2014-1ca4-11ec-a4a4-d8bbc10f2ae0','2021-09-23 20:14:56',1,NULL,0,NULL,NULL),('ebb6c07d-1caa-11ec-a4a4-d8bbc10f2ae0','ebb5e0a5-1caa-11ec-a4a4-d8bbc10f2ae0','2a9e2014-1ca4-11ec-a4a4-d8bbc10f2ae0','2021-09-23 20:14:56',1,NULL,0,NULL,NULL),('ebb8d71b-1caa-11ec-a4a4-d8bbc10f2ae0','ebb8267f-1caa-11ec-a4a4-d8bbc10f2ae0','2a9e2014-1ca4-11ec-a4a4-d8bbc10f2ae0','2021-09-23 20:14:56',1,NULL,0,NULL,NULL),('ebbadbe1-1caa-11ec-a4a4-d8bbc10f2ae0','ebba3045-1caa-11ec-a4a4-d8bbc10f2ae0','2a9e2014-1ca4-11ec-a4a4-d8bbc10f2ae0','2021-09-23 20:14:56',1,NULL,0,NULL,NULL),('ebbe6a37-1caa-11ec-a4a4-d8bbc10f2ae0','ebbda5a1-1caa-11ec-a4a4-d8bbc10f2ae0','2a9e2014-1ca4-11ec-a4a4-d8bbc10f2ae0','2021-09-23 20:14:56',1,NULL,0,NULL,NULL),('ebbfc693-1caa-11ec-a4a4-d8bbc10f2ae0','ebbf1fff-1caa-11ec-a4a4-d8bbc10f2ae0','2a9e2014-1ca4-11ec-a4a4-d8bbc10f2ae0','2021-09-23 20:14:56',1,NULL,0,NULL,NULL),('ebc1dd00-1caa-11ec-a4a4-d8bbc10f2ae0','ebc12a9a-1caa-11ec-a4a4-d8bbc10f2ae0','2a9e2014-1ca4-11ec-a4a4-d8bbc10f2ae0','2021-09-23 20:14:56',1,NULL,0,NULL,NULL),('ebc3e098-1caa-11ec-a4a4-d8bbc10f2ae0','ebc338c3-1caa-11ec-a4a4-d8bbc10f2ae0','2a9e2014-1ca4-11ec-a4a4-d8bbc10f2ae0','2021-09-23 20:14:56',1,NULL,0,NULL,NULL),('ebc5d874-1caa-11ec-a4a4-d8bbc10f2ae0','ebc526b9-1caa-11ec-a4a4-d8bbc10f2ae0','2a9e2014-1ca4-11ec-a4a4-d8bbc10f2ae0','2021-09-23 20:14:56',1,NULL,0,NULL,NULL),('ebc72c6f-1caa-11ec-a4a4-d8bbc10f2ae0','ebc6812c-1caa-11ec-a4a4-d8bbc10f2ae0','2a9e2014-1ca4-11ec-a4a4-d8bbc10f2ae0','2021-09-23 20:14:56',1,NULL,0,NULL,NULL),('ebc961b9-1caa-11ec-a4a4-d8bbc10f2ae0','ebc89acb-1caa-11ec-a4a4-d8bbc10f2ae0','2a9e2014-1ca4-11ec-a4a4-d8bbc10f2ae0','2021-09-23 20:14:56',1,NULL,0,NULL,NULL),('ebcb72a5-1caa-11ec-a4a4-d8bbc10f2ae0','ebcac704-1caa-11ec-a4a4-d8bbc10f2ae0','2a9e2014-1ca4-11ec-a4a4-d8bbc10f2ae0','2021-09-23 20:14:56',1,NULL,0,NULL,NULL),('ed82509a-1ca8-11ec-a4a4-d8bbc10f2ae0','ed81696d-1ca8-11ec-a4a4-d8bbc10f2ae0','2a9e2014-1ca4-11ec-a4a4-d8bbc10f2ae0','2021-09-23 20:00:40',1,NULL,0,NULL,NULL),('ed83f36d-1ca8-11ec-a4a4-d8bbc10f2ae0','ed8327d6-1ca8-11ec-a4a4-d8bbc10f2ae0','2a9e2014-1ca4-11ec-a4a4-d8bbc10f2ae0','2021-09-23 20:00:40',1,NULL,0,NULL,NULL),('ed8648f1-1ca8-11ec-a4a4-d8bbc10f2ae0','ed8581b7-1ca8-11ec-a4a4-d8bbc10f2ae0','2a9e2014-1ca4-11ec-a4a4-d8bbc10f2ae0','2021-09-23 20:00:40',1,NULL,0,NULL,NULL),('ed88b176-1ca8-11ec-a4a4-d8bbc10f2ae0','ed87eda8-1ca8-11ec-a4a4-d8bbc10f2ae0','2a9e2014-1ca4-11ec-a4a4-d8bbc10f2ae0','2021-09-23 20:00:40',1,NULL,0,NULL,NULL),('ed8b00b5-1ca8-11ec-a4a4-d8bbc10f2ae0','ed8a3e2d-1ca8-11ec-a4a4-d8bbc10f2ae0','2a9e2014-1ca4-11ec-a4a4-d8bbc10f2ae0','2021-09-23 20:00:40',1,NULL,0,NULL,NULL),('ed8ca0e2-1ca8-11ec-a4a4-d8bbc10f2ae0','ed8bcf88-1ca8-11ec-a4a4-d8bbc10f2ae0','2a9e2014-1ca4-11ec-a4a4-d8bbc10f2ae0','2021-09-23 20:00:40',1,NULL,0,NULL,NULL),('ed8eebcc-1ca8-11ec-a4a4-d8bbc10f2ae0','ed8e2d66-1ca8-11ec-a4a4-d8bbc10f2ae0','2a9e2014-1ca4-11ec-a4a4-d8bbc10f2ae0','2021-09-23 20:00:40',1,NULL,0,NULL,NULL),('ed912e69-1ca8-11ec-a4a4-d8bbc10f2ae0','ed90704a-1ca8-11ec-a4a4-d8bbc10f2ae0','2a9e2014-1ca4-11ec-a4a4-d8bbc10f2ae0','2021-09-23 20:00:40',1,NULL,0,NULL,NULL),('ed9531ab-1ca8-11ec-a4a4-d8bbc10f2ae0','ed946b99-1ca8-11ec-a4a4-d8bbc10f2ae0','2a9e2014-1ca4-11ec-a4a4-d8bbc10f2ae0','2021-09-23 20:00:40',1,NULL,0,NULL,NULL),('ed96b080-1ca8-11ec-a4a4-d8bbc10f2ae0','ed95f0d5-1ca8-11ec-a4a4-d8bbc10f2ae0','2a9e2014-1ca4-11ec-a4a4-d8bbc10f2ae0','2021-09-23 20:00:40',1,NULL,0,NULL,NULL),('ed9913d8-1ca8-11ec-a4a4-d8bbc10f2ae0','ed983857-1ca8-11ec-a4a4-d8bbc10f2ae0','2a9e2014-1ca4-11ec-a4a4-d8bbc10f2ae0','2021-09-23 20:00:40',1,NULL,0,NULL,NULL),('ed9b6bba-1ca8-11ec-a4a4-d8bbc10f2ae0','ed9aa6a4-1ca8-11ec-a4a4-d8bbc10f2ae0','2a9e2014-1ca4-11ec-a4a4-d8bbc10f2ae0','2021-09-23 20:00:40',1,NULL,0,NULL,NULL),('ed9db57c-1ca8-11ec-a4a4-d8bbc10f2ae0','ed9cef67-1ca8-11ec-a4a4-d8bbc10f2ae0','2a9e2014-1ca4-11ec-a4a4-d8bbc10f2ae0','2021-09-23 20:00:40',1,NULL,0,NULL,NULL),('ed9f3d30-1ca8-11ec-a4a4-d8bbc10f2ae0','ed9e7439-1ca8-11ec-a4a4-d8bbc10f2ae0','2a9e2014-1ca4-11ec-a4a4-d8bbc10f2ae0','2021-09-23 20:00:40',1,NULL,0,NULL,NULL),('eda18e72-1ca8-11ec-a4a4-d8bbc10f2ae0','eda0c734-1ca8-11ec-a4a4-d8bbc10f2ae0','2a9e2014-1ca4-11ec-a4a4-d8bbc10f2ae0','2021-09-23 20:00:40',1,NULL,0,NULL,NULL),('eda502cb-1ca8-11ec-a4a4-d8bbc10f2ae0','eda3234e-1ca8-11ec-a4a4-d8bbc10f2ae0','2a9e2014-1ca4-11ec-a4a4-d8bbc10f2ae0','2021-09-23 20:00:40',1,NULL,0,NULL,NULL),('edaa0303-1ca8-11ec-a4a4-d8bbc10f2ae0','eda934fb-1ca8-11ec-a4a4-d8bbc10f2ae0','2a9e2014-1ca4-11ec-a4a4-d8bbc10f2ae0','2021-09-23 20:00:40',1,NULL,0,NULL,NULL),('edab8d15-1ca8-11ec-a4a4-d8bbc10f2ae0','edaac870-1ca8-11ec-a4a4-d8bbc10f2ae0','2a9e2014-1ca4-11ec-a4a4-d8bbc10f2ae0','2021-09-23 20:00:40',1,NULL,0,NULL,NULL),('edade6fc-1ca8-11ec-a4a4-d8bbc10f2ae0','edad16d6-1ca8-11ec-a4a4-d8bbc10f2ae0','2a9e2014-1ca4-11ec-a4a4-d8bbc10f2ae0','2021-09-23 20:00:40',1,NULL,0,NULL,NULL),('edb0250a-1ca8-11ec-a4a4-d8bbc10f2ae0','edaf5b45-1ca8-11ec-a4a4-d8bbc10f2ae0','2a9e2014-1ca4-11ec-a4a4-d8bbc10f2ae0','2021-09-23 20:00:40',1,NULL,0,NULL,NULL),('edb26a13-1ca8-11ec-a4a4-d8bbc10f2ae0','edb1a819-1ca8-11ec-a4a4-d8bbc10f2ae0','2a9e2014-1ca4-11ec-a4a4-d8bbc10f2ae0','2021-09-23 20:00:40',1,NULL,0,NULL,NULL),('edb3e9f9-1ca8-11ec-a4a4-d8bbc10f2ae0','edb32b57-1ca8-11ec-a4a4-d8bbc10f2ae0','2a9e2014-1ca4-11ec-a4a4-d8bbc10f2ae0','2021-09-23 20:00:40',1,NULL,0,NULL,NULL),('edb63bf3-1ca8-11ec-a4a4-d8bbc10f2ae0','edb571b2-1ca8-11ec-a4a4-d8bbc10f2ae0','2a9e2014-1ca4-11ec-a4a4-d8bbc10f2ae0','2021-09-23 20:00:40',1,NULL,0,NULL,NULL),('edb88cf8-1ca8-11ec-a4a4-d8bbc10f2ae0','edb7c02a-1ca8-11ec-a4a4-d8bbc10f2ae0','2a9e2014-1ca4-11ec-a4a4-d8bbc10f2ae0','2021-09-23 20:00:41',1,NULL,0,NULL,NULL),('edbcd583-1ca8-11ec-a4a4-d8bbc10f2ae0','edbc19a9-1ca8-11ec-a4a4-d8bbc10f2ae0','2a9e2014-1ca4-11ec-a4a4-d8bbc10f2ae0','2021-09-23 20:00:41',1,NULL,0,NULL,NULL),('edbe68ac-1ca8-11ec-a4a4-d8bbc10f2ae0','edbda354-1ca8-11ec-a4a4-d8bbc10f2ae0','2a9e2014-1ca4-11ec-a4a4-d8bbc10f2ae0','2021-09-23 20:00:41',1,NULL,0,NULL,NULL),('edc0ad24-1ca8-11ec-a4a4-d8bbc10f2ae0','edbfe894-1ca8-11ec-a4a4-d8bbc10f2ae0','2a9e2014-1ca4-11ec-a4a4-d8bbc10f2ae0','2021-09-23 20:00:41',1,NULL,0,NULL,NULL),('edc2f2d0-1ca8-11ec-a4a4-d8bbc10f2ae0','edc22ebd-1ca8-11ec-a4a4-d8bbc10f2ae0','2a9e2014-1ca4-11ec-a4a4-d8bbc10f2ae0','2021-09-23 20:00:41',1,NULL,0,NULL,NULL),('edc53ead-1ca8-11ec-a4a4-d8bbc10f2ae0','edc4824c-1ca8-11ec-a4a4-d8bbc10f2ae0','2a9e2014-1ca4-11ec-a4a4-d8bbc10f2ae0','2021-09-23 20:00:41',1,NULL,0,NULL,NULL),('edc6be7d-1ca8-11ec-a4a4-d8bbc10f2ae0','edc5fa74-1ca8-11ec-a4a4-d8bbc10f2ae0','2a9e2014-1ca4-11ec-a4a4-d8bbc10f2ae0','2021-09-23 20:00:41',1,NULL,0,NULL,NULL),('edc91009-1ca8-11ec-a4a4-d8bbc10f2ae0','edc84ef3-1ca8-11ec-a4a4-d8bbc10f2ae0','2a9e2014-1ca4-11ec-a4a4-d8bbc10f2ae0','2021-09-23 20:00:41',1,NULL,0,NULL,NULL),('edcb4b74-1ca8-11ec-a4a4-d8bbc10f2ae0','edca8894-1ca8-11ec-a4a4-d8bbc10f2ae0','2a9e2014-1ca4-11ec-a4a4-d8bbc10f2ae0','2021-09-23 20:00:41',1,NULL,0,NULL,NULL),('edcf00f1-1ca8-11ec-a4a4-d8bbc10f2ae0','edce3f96-1ca8-11ec-a4a4-d8bbc10f2ae0','2a9e2014-1ca4-11ec-a4a4-d8bbc10f2ae0','2021-09-23 20:00:41',1,NULL,0,NULL,NULL),('edd07d04-1ca8-11ec-a4a4-d8bbc10f2ae0','edcfb553-1ca8-11ec-a4a4-d8bbc10f2ae0','2a9e2014-1ca4-11ec-a4a4-d8bbc10f2ae0','2021-09-23 20:00:41',1,NULL,0,NULL,NULL),('edd2b2e6-1ca8-11ec-a4a4-d8bbc10f2ae0','edd1f412-1ca8-11ec-a4a4-d8bbc10f2ae0','2a9e2014-1ca4-11ec-a4a4-d8bbc10f2ae0','2021-09-23 20:00:41',1,NULL,0,NULL,NULL),('edd4f9ab-1ca8-11ec-a4a4-d8bbc10f2ae0','edd439a2-1ca8-11ec-a4a4-d8bbc10f2ae0','2a9e2014-1ca4-11ec-a4a4-d8bbc10f2ae0','2021-09-23 20:00:41',1,NULL,0,NULL,NULL),('edd734a3-1ca8-11ec-a4a4-d8bbc10f2ae0','edd66c82-1ca8-11ec-a4a4-d8bbc10f2ae0','2a9e2014-1ca4-11ec-a4a4-d8bbc10f2ae0','2021-09-23 20:00:41',1,NULL,0,NULL,NULL),('edd8a631-1ca8-11ec-a4a4-d8bbc10f2ae0','edd7ed1a-1ca8-11ec-a4a4-d8bbc10f2ae0','2a9e2014-1ca4-11ec-a4a4-d8bbc10f2ae0','2021-09-23 20:00:41',1,NULL,0,NULL,NULL),('eddad606-1ca8-11ec-a4a4-d8bbc10f2ae0','edda1eeb-1ca8-11ec-a4a4-d8bbc10f2ae0','2a9e2014-1ca4-11ec-a4a4-d8bbc10f2ae0','2021-09-23 20:00:41',1,NULL,0,NULL,NULL),('eddd02ad-1ca8-11ec-a4a4-d8bbc10f2ae0','eddc467d-1ca8-11ec-a4a4-d8bbc10f2ae0','2a9e2014-1ca4-11ec-a4a4-d8bbc10f2ae0','2021-09-23 20:00:41',1,NULL,0,NULL,NULL),('ede12776-1ca8-11ec-a4a4-d8bbc10f2ae0','ede06bb4-1ca8-11ec-a4a4-d8bbc10f2ae0','2a9e2014-1ca4-11ec-a4a4-d8bbc10f2ae0','2021-09-23 20:00:41',1,NULL,0,NULL,NULL),('ede2a94e-1ca8-11ec-a4a4-d8bbc10f2ae0','ede1e971-1ca8-11ec-a4a4-d8bbc10f2ae0','2a9e2014-1ca4-11ec-a4a4-d8bbc10f2ae0','2021-09-23 20:00:41',1,NULL,0,NULL,NULL),('ede4f2ce-1ca8-11ec-a4a4-d8bbc10f2ae0','ede42ce1-1ca8-11ec-a4a4-d8bbc10f2ae0','2a9e2014-1ca4-11ec-a4a4-d8bbc10f2ae0','2021-09-23 20:00:41',1,NULL,0,NULL,NULL),('ede72039-1ca8-11ec-a4a4-d8bbc10f2ae0','ede65f2e-1ca8-11ec-a4a4-d8bbc10f2ae0','2a9e2014-1ca4-11ec-a4a4-d8bbc10f2ae0','2021-09-23 20:00:41',1,NULL,0,NULL,NULL),('ede89bb9-1ca8-11ec-a4a4-d8bbc10f2ae0','ede7df62-1ca8-11ec-a4a4-d8bbc10f2ae0','2a9e2014-1ca4-11ec-a4a4-d8bbc10f2ae0','2021-09-23 20:00:41',1,NULL,0,NULL,NULL),('edead5fc-1ca8-11ec-a4a4-d8bbc10f2ae0','edea1912-1ca8-11ec-a4a4-d8bbc10f2ae0','2a9e2014-1ca4-11ec-a4a4-d8bbc10f2ae0','2021-09-23 20:00:41',1,NULL,0,NULL,NULL),('eded0b84-1ca8-11ec-a4a4-d8bbc10f2ae0','edec4c31-1ca8-11ec-a4a4-d8bbc10f2ae0','2a9e2014-1ca4-11ec-a4a4-d8bbc10f2ae0','2021-09-23 20:00:41',1,NULL,0,NULL,NULL),('edef4c9a-1ca8-11ec-a4a4-d8bbc10f2ae0','edee8791-1ca8-11ec-a4a4-d8bbc10f2ae0','2a9e2014-1ca4-11ec-a4a4-d8bbc10f2ae0','2021-09-23 20:00:41',1,NULL,0,NULL,NULL),('edf0ce27-1ca8-11ec-a4a4-d8bbc10f2ae0','edf011b2-1ca8-11ec-a4a4-d8bbc10f2ae0','2a9e2014-1ca4-11ec-a4a4-d8bbc10f2ae0','2021-09-23 20:00:41',1,NULL,0,NULL,NULL),('edf2ea0e-1ca8-11ec-a4a4-d8bbc10f2ae0','edf233e8-1ca8-11ec-a4a4-d8bbc10f2ae0','2a9e2014-1ca4-11ec-a4a4-d8bbc10f2ae0','2021-09-23 20:00:41',1,NULL,0,NULL,NULL),('edf52897-1ca8-11ec-a4a4-d8bbc10f2ae0','edf468c5-1ca8-11ec-a4a4-d8bbc10f2ae0','2a9e2014-1ca4-11ec-a4a4-d8bbc10f2ae0','2021-09-23 20:00:41',1,NULL,0,NULL,NULL),('edf8f2fa-1ca8-11ec-a4a4-d8bbc10f2ae0','edf83703-1ca8-11ec-a4a4-d8bbc10f2ae0','2a9e2014-1ca4-11ec-a4a4-d8bbc10f2ae0','2021-09-23 20:00:41',1,NULL,0,NULL,NULL),('edfa7242-1ca8-11ec-a4a4-d8bbc10f2ae0','edf9b1a2-1ca8-11ec-a4a4-d8bbc10f2ae0','2a9e2014-1ca4-11ec-a4a4-d8bbc10f2ae0','2021-09-23 20:00:41',1,NULL,0,NULL,NULL),('edfcaa41-1ca8-11ec-a4a4-d8bbc10f2ae0','edfbe4ff-1ca8-11ec-a4a4-d8bbc10f2ae0','2a9e2014-1ca4-11ec-a4a4-d8bbc10f2ae0','2021-09-23 20:00:41',1,NULL,0,NULL,NULL),('edfeee6a-1ca8-11ec-a4a4-d8bbc10f2ae0','edfe2aef-1ca8-11ec-a4a4-d8bbc10f2ae0','2a9e2014-1ca4-11ec-a4a4-d8bbc10f2ae0','2021-09-23 20:00:41',1,NULL,0,NULL,NULL),('ee011fc9-1ca8-11ec-a4a4-d8bbc10f2ae0','ee006481-1ca8-11ec-a4a4-d8bbc10f2ae0','2a9e2014-1ca4-11ec-a4a4-d8bbc10f2ae0','2021-09-23 20:00:41',1,NULL,0,NULL,NULL),('ee029b04-1ca8-11ec-a4a4-d8bbc10f2ae0','ee01dd79-1ca8-11ec-a4a4-d8bbc10f2ae0','2a9e2014-1ca4-11ec-a4a4-d8bbc10f2ae0','2021-09-23 20:00:41',1,NULL,0,NULL,NULL),('ee04d4df-1ca8-11ec-a4a4-d8bbc10f2ae0','ee041e1f-1ca8-11ec-a4a4-d8bbc10f2ae0','2a9e2014-1ca4-11ec-a4a4-d8bbc10f2ae0','2021-09-23 20:00:41',1,NULL,0,NULL,NULL),('ee07045c-1ca8-11ec-a4a4-d8bbc10f2ae0','ee064714-1ca8-11ec-a4a4-d8bbc10f2ae0','2a9e2014-1ca4-11ec-a4a4-d8bbc10f2ae0','2021-09-23 20:00:41',1,NULL,0,NULL,NULL),('ee0aed94-1ca8-11ec-a4a4-d8bbc10f2ae0','ee0a2e3d-1ca8-11ec-a4a4-d8bbc10f2ae0','2a9e2014-1ca4-11ec-a4a4-d8bbc10f2ae0','2021-09-23 20:00:41',1,NULL,0,NULL,NULL),('ee0d1e63-1ca8-11ec-a4a4-d8bbc10f2ae0','ee0c6181-1ca8-11ec-a4a4-d8bbc10f2ae0','2a9e2014-1ca4-11ec-a4a4-d8bbc10f2ae0','2021-09-23 20:00:41',1,NULL,0,NULL,NULL),('ee0f5d4e-1ca8-11ec-a4a4-d8bbc10f2ae0','ee0e9e16-1ca8-11ec-a4a4-d8bbc10f2ae0','2a9e2014-1ca4-11ec-a4a4-d8bbc10f2ae0','2021-09-23 20:00:41',1,NULL,0,NULL,NULL),('ee11ab26-1ca8-11ec-a4a4-d8bbc10f2ae0','ee10ea72-1ca8-11ec-a4a4-d8bbc10f2ae0','2a9e2014-1ca4-11ec-a4a4-d8bbc10f2ae0','2021-09-23 20:00:41',1,NULL,0,NULL,NULL),('ee132fc1-1ca8-11ec-a4a4-d8bbc10f2ae0','ee12675e-1ca8-11ec-a4a4-d8bbc10f2ae0','2a9e2014-1ca4-11ec-a4a4-d8bbc10f2ae0','2021-09-23 20:00:41',1,NULL,0,NULL,NULL),('ee154eb7-1ca8-11ec-a4a4-d8bbc10f2ae0','ee149621-1ca8-11ec-a4a4-d8bbc10f2ae0','2a9e2014-1ca4-11ec-a4a4-d8bbc10f2ae0','2021-09-23 20:00:41',1,NULL,0,NULL,NULL),('ee17b168-1ca8-11ec-a4a4-d8bbc10f2ae0','ee16e63e-1ca8-11ec-a4a4-d8bbc10f2ae0','2a9e2014-1ca4-11ec-a4a4-d8bbc10f2ae0','2021-09-23 20:00:41',1,NULL,0,NULL,NULL),('ee19e848-1ca8-11ec-a4a4-d8bbc10f2ae0','ee192b1c-1ca8-11ec-a4a4-d8bbc10f2ae0','2a9e2014-1ca4-11ec-a4a4-d8bbc10f2ae0','2021-09-23 20:00:41',1,NULL,0,NULL,NULL),('ee1b78be-1ca8-11ec-a4a4-d8bbc10f2ae0','ee1aae4c-1ca8-11ec-a4a4-d8bbc10f2ae0','2a9e2014-1ca4-11ec-a4a4-d8bbc10f2ae0','2021-09-23 20:00:41',1,NULL,0,NULL,NULL),('ee1dbdf8-1ca8-11ec-a4a4-d8bbc10f2ae0','ee1cfb59-1ca8-11ec-a4a4-d8bbc10f2ae0','2a9e2014-1ca4-11ec-a4a4-d8bbc10f2ae0','2021-09-23 20:00:41',1,NULL,0,NULL,NULL),('ee21934b-1ca8-11ec-a4a4-d8bbc10f2ae0','ee20c912-1ca8-11ec-a4a4-d8bbc10f2ae0','2a9e2014-1ca4-11ec-a4a4-d8bbc10f2ae0','2021-09-23 20:00:41',1,NULL,0,NULL,NULL),('ee230f57-1ca8-11ec-a4a4-d8bbc10f2ae0','ee2250a0-1ca8-11ec-a4a4-d8bbc10f2ae0','2a9e2014-1ca4-11ec-a4a4-d8bbc10f2ae0','2021-09-23 20:00:41',1,NULL,0,NULL,NULL),('ee2576e2-1ca8-11ec-a4a4-d8bbc10f2ae0','ee24b459-1ca8-11ec-a4a4-d8bbc10f2ae0','2a9e2014-1ca4-11ec-a4a4-d8bbc10f2ae0','2021-09-23 20:00:41',1,NULL,0,NULL,NULL),('ee27c553-1ca8-11ec-a4a4-d8bbc10f2ae0','ee26fffb-1ca8-11ec-a4a4-d8bbc10f2ae0','2a9e2014-1ca4-11ec-a4a4-d8bbc10f2ae0','2021-09-23 20:00:41',1,NULL,0,NULL,NULL),('ee2a0b36-1ca8-11ec-a4a4-d8bbc10f2ae0','ee294c9c-1ca8-11ec-a4a4-d8bbc10f2ae0','2a9e2014-1ca4-11ec-a4a4-d8bbc10f2ae0','2021-09-23 20:00:41',1,NULL,0,NULL,NULL),('ee2b7693-1ca8-11ec-a4a4-d8bbc10f2ae0','ee2ac102-1ca8-11ec-a4a4-d8bbc10f2ae0','2a9e2014-1ca4-11ec-a4a4-d8bbc10f2ae0','2021-09-23 20:00:41',1,NULL,0,NULL,NULL),('ee2d9b20-1ca8-11ec-a4a4-d8bbc10f2ae0','ee2cdec2-1ca8-11ec-a4a4-d8bbc10f2ae0','2a9e2014-1ca4-11ec-a4a4-d8bbc10f2ae0','2021-09-23 20:00:41',1,NULL,0,NULL,NULL),('ee2fb50d-1ca8-11ec-a4a4-d8bbc10f2ae0','ee2efad7-1ca8-11ec-a4a4-d8bbc10f2ae0','2a9e2014-1ca4-11ec-a4a4-d8bbc10f2ae0','2021-09-23 20:00:41',1,NULL,0,NULL,NULL),('ee3378b7-1ca8-11ec-a4a4-d8bbc10f2ae0','ee32c308-1ca8-11ec-a4a4-d8bbc10f2ae0','2a9e2014-1ca4-11ec-a4a4-d8bbc10f2ae0','2021-09-23 20:00:41',1,NULL,0,NULL,NULL),('ee3510c0-1ca8-11ec-a4a4-d8bbc10f2ae0','ee34409b-1ca8-11ec-a4a4-d8bbc10f2ae0','2a9e2014-1ca4-11ec-a4a4-d8bbc10f2ae0','2021-09-23 20:00:41',1,NULL,0,NULL,NULL),('ee374a9c-1ca8-11ec-a4a4-d8bbc10f2ae0','ee3689c6-1ca8-11ec-a4a4-d8bbc10f2ae0','2a9e2014-1ca4-11ec-a4a4-d8bbc10f2ae0','2021-09-23 20:00:41',1,NULL,0,NULL,NULL),('ee398220-1ca8-11ec-a4a4-d8bbc10f2ae0','ee38bc6f-1ca8-11ec-a4a4-d8bbc10f2ae0','2a9e2014-1ca4-11ec-a4a4-d8bbc10f2ae0','2021-09-23 20:00:41',1,NULL,0,NULL,NULL),('ee3d3647-1ca8-11ec-a4a4-d8bbc10f2ae0','ee3afbd2-1ca8-11ec-a4a4-d8bbc10f2ae0','2a9e2014-1ca4-11ec-a4a4-d8bbc10f2ae0','2021-09-23 20:00:41',1,NULL,0,NULL,NULL),('ee3f1ec3-1ca8-11ec-a4a4-d8bbc10f2ae0','ee3e5a95-1ca8-11ec-a4a4-d8bbc10f2ae0','2a9e2014-1ca4-11ec-a4a4-d8bbc10f2ae0','2021-09-23 20:00:41',1,NULL,0,NULL,NULL),('ee41945b-1ca8-11ec-a4a4-d8bbc10f2ae0','ee40ce78-1ca8-11ec-a4a4-d8bbc10f2ae0','2a9e2014-1ca4-11ec-a4a4-d8bbc10f2ae0','2021-09-23 20:00:41',1,NULL,0,NULL,NULL),('ee43d33e-1ca8-11ec-a4a4-d8bbc10f2ae0','ee43159c-1ca8-11ec-a4a4-d8bbc10f2ae0','2a9e2014-1ca4-11ec-a4a4-d8bbc10f2ae0','2021-09-23 20:00:41',1,NULL,0,NULL,NULL),('ee47abb8-1ca8-11ec-a4a4-d8bbc10f2ae0','ee46f102-1ca8-11ec-a4a4-d8bbc10f2ae0','2a9e2014-1ca4-11ec-a4a4-d8bbc10f2ae0','2021-09-23 20:00:41',1,NULL,0,NULL,NULL),('ee49fc18-1ca8-11ec-a4a4-d8bbc10f2ae0','ee49325d-1ca8-11ec-a4a4-d8bbc10f2ae0','2a9e2014-1ca4-11ec-a4a4-d8bbc10f2ae0','2021-09-23 20:00:41',1,NULL,0,NULL,NULL),('ee4b7f22-1ca8-11ec-a4a4-d8bbc10f2ae0','ee4abba4-1ca8-11ec-a4a4-d8bbc10f2ae0','2a9e2014-1ca4-11ec-a4a4-d8bbc10f2ae0','2021-09-23 20:00:41',1,NULL,0,NULL,NULL),('ee4db836-1ca8-11ec-a4a4-d8bbc10f2ae0','ee4cfe13-1ca8-11ec-a4a4-d8bbc10f2ae0','2a9e2014-1ca4-11ec-a4a4-d8bbc10f2ae0','2021-09-23 20:00:41',1,NULL,0,NULL,NULL),('ee4fccd6-1ca8-11ec-a4a4-d8bbc10f2ae0','ee4f1ed2-1ca8-11ec-a4a4-d8bbc10f2ae0','2a9e2014-1ca4-11ec-a4a4-d8bbc10f2ae0','2021-09-23 20:00:41',1,NULL,0,NULL,NULL),('ee520f2a-1ca8-11ec-a4a4-d8bbc10f2ae0','ee514b85-1ca8-11ec-a4a4-d8bbc10f2ae0','2a9e2014-1ca4-11ec-a4a4-d8bbc10f2ae0','2021-09-23 20:00:42',1,NULL,0,NULL,NULL),('ee5382fd-1ca8-11ec-a4a4-d8bbc10f2ae0','ee52ca3e-1ca8-11ec-a4a4-d8bbc10f2ae0','2a9e2014-1ca4-11ec-a4a4-d8bbc10f2ae0','2021-09-23 20:00:42',1,NULL,0,NULL,NULL),('ee55bcfb-1ca8-11ec-a4a4-d8bbc10f2ae0','ee54f768-1ca8-11ec-a4a4-d8bbc10f2ae0','2a9e2014-1ca4-11ec-a4a4-d8bbc10f2ae0','2021-09-23 20:00:42',1,NULL,0,NULL,NULL),('ee59628e-1ca8-11ec-a4a4-d8bbc10f2ae0','ee58a52a-1ca8-11ec-a4a4-d8bbc10f2ae0','2a9e2014-1ca4-11ec-a4a4-d8bbc10f2ae0','2021-09-23 20:00:42',1,NULL,0,NULL,NULL),('ee5ad412-1ca8-11ec-a4a4-d8bbc10f2ae0','ee5a225b-1ca8-11ec-a4a4-d8bbc10f2ae0','2a9e2014-1ca4-11ec-a4a4-d8bbc10f2ae0','2021-09-23 20:00:42',1,NULL,0,NULL,NULL),('ee5cf55b-1ca8-11ec-a4a4-d8bbc10f2ae0','ee5c3b5e-1ca8-11ec-a4a4-d8bbc10f2ae0','2a9e2014-1ca4-11ec-a4a4-d8bbc10f2ae0','2021-09-23 20:00:42',1,NULL,0,NULL,NULL),('ee5f110e-1ca8-11ec-a4a4-d8bbc10f2ae0','ee5e608c-1ca8-11ec-a4a4-d8bbc10f2ae0','2a9e2014-1ca4-11ec-a4a4-d8bbc10f2ae0','2021-09-23 20:00:42',1,NULL,0,NULL,NULL),('ee6121b9-1ca8-11ec-a4a4-d8bbc10f2ae0','ee60729c-1ca8-11ec-a4a4-d8bbc10f2ae0','2a9e2014-1ca4-11ec-a4a4-d8bbc10f2ae0','2021-09-23 20:00:42',1,NULL,0,NULL,NULL),('ee628ff0-1ca8-11ec-a4a4-d8bbc10f2ae0','ee61d3e1-1ca8-11ec-a4a4-d8bbc10f2ae0','2a9e2014-1ca4-11ec-a4a4-d8bbc10f2ae0','2021-09-23 20:00:42',1,NULL,0,NULL,NULL),('ee64b6bf-1ca8-11ec-a4a4-d8bbc10f2ae0','ee63feb2-1ca8-11ec-a4a4-d8bbc10f2ae0','2a9e2014-1ca4-11ec-a4a4-d8bbc10f2ae0','2021-09-23 20:00:42',1,NULL,0,NULL,NULL),('ee676bb0-1ca8-11ec-a4a4-d8bbc10f2ae0','ee661af7-1ca8-11ec-a4a4-d8bbc10f2ae0','2a9e2014-1ca4-11ec-a4a4-d8bbc10f2ae0','2021-09-23 20:00:42',1,NULL,0,NULL,NULL),('ee6af95e-1ca8-11ec-a4a4-d8bbc10f2ae0','ee6a4b9f-1ca8-11ec-a4a4-d8bbc10f2ae0','2a9e2014-1ca4-11ec-a4a4-d8bbc10f2ae0','2021-09-23 20:00:42',1,NULL,0,NULL,NULL),('ee6c6057-1ca8-11ec-a4a4-d8bbc10f2ae0','ee6ba432-1ca8-11ec-a4a4-d8bbc10f2ae0','2a9e2014-1ca4-11ec-a4a4-d8bbc10f2ae0','2021-09-23 20:00:42',1,NULL,0,NULL,NULL),('ee6e71c1-1ca8-11ec-a4a4-d8bbc10f2ae0','ee6dbac6-1ca8-11ec-a4a4-d8bbc10f2ae0','2a9e2014-1ca4-11ec-a4a4-d8bbc10f2ae0','2021-09-23 20:00:42',1,NULL,0,NULL,NULL),('ee70b4c7-1ca8-11ec-a4a4-d8bbc10f2ae0','ee7005cb-1ca8-11ec-a4a4-d8bbc10f2ae0','2a9e2014-1ca4-11ec-a4a4-d8bbc10f2ae0','2021-09-23 20:00:42',1,NULL,0,NULL,NULL),('ee72c264-1ca8-11ec-a4a4-d8bbc10f2ae0','ee720a68-1ca8-11ec-a4a4-d8bbc10f2ae0','2a9e2014-1ca4-11ec-a4a4-d8bbc10f2ae0','2021-09-23 20:00:42',1,NULL,0,NULL,NULL),('ee742848-1ca8-11ec-a4a4-d8bbc10f2ae0','ee737d55-1ca8-11ec-a4a4-d8bbc10f2ae0','2a9e2014-1ca4-11ec-a4a4-d8bbc10f2ae0','2021-09-23 20:00:42',1,NULL,0,NULL,NULL),('ee764155-1ca8-11ec-a4a4-d8bbc10f2ae0','ee7594a4-1ca8-11ec-a4a4-d8bbc10f2ae0','2a9e2014-1ca4-11ec-a4a4-d8bbc10f2ae0','2021-09-23 20:00:42',1,NULL,0,NULL,NULL),('ee78624d-1ca8-11ec-a4a4-d8bbc10f2ae0','ee77b358-1ca8-11ec-a4a4-d8bbc10f2ae0','2a9e2014-1ca4-11ec-a4a4-d8bbc10f2ae0','2021-09-23 20:00:42',1,NULL,0,NULL,NULL),('ee7bdf4c-1ca8-11ec-a4a4-d8bbc10f2ae0','ee7b2dad-1ca8-11ec-a4a4-d8bbc10f2ae0','2a9e2014-1ca4-11ec-a4a4-d8bbc10f2ae0','2021-09-23 20:00:42',1,NULL,0,NULL,NULL),('ee7d58d8-1ca8-11ec-a4a4-d8bbc10f2ae0','ee7c9963-1ca8-11ec-a4a4-d8bbc10f2ae0','2a9e2014-1ca4-11ec-a4a4-d8bbc10f2ae0','2021-09-23 20:00:42',1,NULL,0,NULL,NULL),('ee7f7a1b-1ca8-11ec-a4a4-d8bbc10f2ae0','ee7eba1f-1ca8-11ec-a4a4-d8bbc10f2ae0','2a9e2014-1ca4-11ec-a4a4-d8bbc10f2ae0','2021-09-23 20:00:42',1,NULL,0,NULL,NULL),('ee819011-1ca8-11ec-a4a4-d8bbc10f2ae0','ee80dd44-1ca8-11ec-a4a4-d8bbc10f2ae0','2a9e2014-1ca4-11ec-a4a4-d8bbc10f2ae0','2021-09-23 20:00:42',1,NULL,0,NULL,NULL),('ee8b82c0-1ca8-11ec-a4a4-d8bbc10f2ae0','ee8aba6a-1ca8-11ec-a4a4-d8bbc10f2ae0','2a9e2014-1ca4-11ec-a4a4-d8bbc10f2ae0','2021-09-23 20:00:42',1,NULL,0,NULL,NULL),('ee8ce701-1ca8-11ec-a4a4-d8bbc10f2ae0','ee8c3403-1ca8-11ec-a4a4-d8bbc10f2ae0','2a9e2014-1ca4-11ec-a4a4-d8bbc10f2ae0','2021-09-23 20:00:42',1,NULL,0,NULL,NULL),('ee8ee3ab-1ca8-11ec-a4a4-d8bbc10f2ae0','ee8e35ff-1ca8-11ec-a4a4-d8bbc10f2ae0','2a9e2014-1ca4-11ec-a4a4-d8bbc10f2ae0','2021-09-23 20:00:42',1,NULL,0,NULL,NULL),('ee90dda7-1ca8-11ec-a4a4-d8bbc10f2ae0','ee903455-1ca8-11ec-a4a4-d8bbc10f2ae0','2a9e2014-1ca4-11ec-a4a4-d8bbc10f2ae0','2021-09-23 20:00:42',1,NULL,0,NULL,NULL),('ee946c49-1ca8-11ec-a4a4-d8bbc10f2ae0','ee93c527-1ca8-11ec-a4a4-d8bbc10f2ae0','2a9e2014-1ca4-11ec-a4a4-d8bbc10f2ae0','2021-09-23 20:00:42',1,NULL,0,NULL,NULL),('ee95c384-1ca8-11ec-a4a4-d8bbc10f2ae0','ee951b28-1ca8-11ec-a4a4-d8bbc10f2ae0','2a9e2014-1ca4-11ec-a4a4-d8bbc10f2ae0','2021-09-23 20:00:42',1,NULL,0,NULL,NULL),('ee97b83a-1ca8-11ec-a4a4-d8bbc10f2ae0','ee970c95-1ca8-11ec-a4a4-d8bbc10f2ae0','2a9e2014-1ca4-11ec-a4a4-d8bbc10f2ae0','2021-09-23 20:00:42',1,NULL,0,NULL,NULL),('ee99ac81-1ca8-11ec-a4a4-d8bbc10f2ae0','ee990497-1ca8-11ec-a4a4-d8bbc10f2ae0','2a9e2014-1ca4-11ec-a4a4-d8bbc10f2ae0','2021-09-23 20:00:42',1,NULL,0,NULL,NULL),('ee9bb2d2-1ca8-11ec-a4a4-d8bbc10f2ae0','ee9b05f5-1ca8-11ec-a4a4-d8bbc10f2ae0','2a9e2014-1ca4-11ec-a4a4-d8bbc10f2ae0','2021-09-23 20:00:42',1,NULL,0,NULL,NULL),('ee9d1e23-1ca8-11ec-a4a4-d8bbc10f2ae0','ee9c61b2-1ca8-11ec-a4a4-d8bbc10f2ae0','2a9e2014-1ca4-11ec-a4a4-d8bbc10f2ae0','2021-09-23 20:00:42',1,NULL,0,NULL,NULL),('ee9f3773-1ca8-11ec-a4a4-d8bbc10f2ae0','ee9e71e9-1ca8-11ec-a4a4-d8bbc10f2ae0','2a9e2014-1ca4-11ec-a4a4-d8bbc10f2ae0','2021-09-23 20:00:42',1,NULL,0,NULL,NULL),('eea13755-1ca8-11ec-a4a4-d8bbc10f2ae0','eea083db-1ca8-11ec-a4a4-d8bbc10f2ae0','2a9e2014-1ca4-11ec-a4a4-d8bbc10f2ae0','2021-09-23 20:00:42',1,NULL,0,NULL,NULL),('eea490d1-1ca8-11ec-a4a4-d8bbc10f2ae0','eea3e6ff-1ca8-11ec-a4a4-d8bbc10f2ae0','2a9e2014-1ca4-11ec-a4a4-d8bbc10f2ae0','2021-09-23 20:00:42',1,NULL,0,NULL,NULL),('eea5f1a3-1ca8-11ec-a4a4-d8bbc10f2ae0','eea535b5-1ca8-11ec-a4a4-d8bbc10f2ae0','2a9e2014-1ca4-11ec-a4a4-d8bbc10f2ae0','2021-09-23 20:00:42',1,NULL,0,NULL,NULL),('eea8102c-1ca8-11ec-a4a4-d8bbc10f2ae0','eea7591c-1ca8-11ec-a4a4-d8bbc10f2ae0','2a9e2014-1ca4-11ec-a4a4-d8bbc10f2ae0','2021-09-23 20:00:42',1,NULL,0,NULL,NULL),('eeaa0bbf-1ca8-11ec-a4a4-d8bbc10f2ae0','eea95434-1ca8-11ec-a4a4-d8bbc10f2ae0','2a9e2014-1ca4-11ec-a4a4-d8bbc10f2ae0','2021-09-23 20:00:42',1,NULL,0,NULL,NULL),('eeabfbfb-1ca8-11ec-a4a4-d8bbc10f2ae0','eeab5465-1ca8-11ec-a4a4-d8bbc10f2ae0','2a9e2014-1ca4-11ec-a4a4-d8bbc10f2ae0','2021-09-23 20:00:42',1,NULL,0,NULL,NULL),('eead539f-1ca8-11ec-a4a4-d8bbc10f2ae0','eeacaed7-1ca8-11ec-a4a4-d8bbc10f2ae0','2a9e2014-1ca4-11ec-a4a4-d8bbc10f2ae0','2021-09-23 20:00:42',1,NULL,0,NULL,NULL),('eeaf4dfb-1ca8-11ec-a4a4-d8bbc10f2ae0','eeaea609-1ca8-11ec-a4a4-d8bbc10f2ae0','2a9e2014-1ca4-11ec-a4a4-d8bbc10f2ae0','2021-09-23 20:00:42',1,NULL,0,NULL,NULL),('eeb14d99-1ca8-11ec-a4a4-d8bbc10f2ae0','eeb0a1aa-1ca8-11ec-a4a4-d8bbc10f2ae0','2a9e2014-1ca4-11ec-a4a4-d8bbc10f2ae0','2021-09-23 20:00:42',1,NULL,0,NULL,NULL),('eeb4d3f0-1ca8-11ec-a4a4-d8bbc10f2ae0','eeb428ed-1ca8-11ec-a4a4-d8bbc10f2ae0','2a9e2014-1ca4-11ec-a4a4-d8bbc10f2ae0','2021-09-23 20:00:42',1,NULL,0,NULL,NULL),('eeb63489-1ca8-11ec-a4a4-d8bbc10f2ae0','eeb58200-1ca8-11ec-a4a4-d8bbc10f2ae0','2a9e2014-1ca4-11ec-a4a4-d8bbc10f2ae0','2021-09-23 20:00:42',1,NULL,0,NULL,NULL),('eeb82eb0-1ca8-11ec-a4a4-d8bbc10f2ae0','eeb78681-1ca8-11ec-a4a4-d8bbc10f2ae0','2a9e2014-1ca4-11ec-a4a4-d8bbc10f2ae0','2021-09-23 20:00:42',1,NULL,0,NULL,NULL),('eeba339d-1ca8-11ec-a4a4-d8bbc10f2ae0','eeb98376-1ca8-11ec-a4a4-d8bbc10f2ae0','2a9e2014-1ca4-11ec-a4a4-d8bbc10f2ae0','2021-09-23 20:00:42',1,NULL,0,NULL,NULL),('eebc4afd-1ca8-11ec-a4a4-d8bbc10f2ae0','eebb99d9-1ca8-11ec-a4a4-d8bbc10f2ae0','2a9e2014-1ca4-11ec-a4a4-d8bbc10f2ae0','2021-09-23 20:00:42',1,NULL,0,NULL,NULL),('eebdc939-1ca8-11ec-a4a4-d8bbc10f2ae0','eebd0282-1ca8-11ec-a4a4-d8bbc10f2ae0','2a9e2014-1ca4-11ec-a4a4-d8bbc10f2ae0','2021-09-23 20:00:42',1,NULL,0,NULL,NULL),('eebfdeb4-1ca8-11ec-a4a4-d8bbc10f2ae0','eebf294a-1ca8-11ec-a4a4-d8bbc10f2ae0','2a9e2014-1ca4-11ec-a4a4-d8bbc10f2ae0','2021-09-23 20:00:42',1,NULL,0,NULL,NULL),('eec1e5c6-1ca8-11ec-a4a4-d8bbc10f2ae0','eec13731-1ca8-11ec-a4a4-d8bbc10f2ae0','2a9e2014-1ca4-11ec-a4a4-d8bbc10f2ae0','2021-09-23 20:00:42',1,NULL,0,NULL,NULL),('eec565d6-1ca8-11ec-a4a4-d8bbc10f2ae0','eec4b06b-1ca8-11ec-a4a4-d8bbc10f2ae0','2a9e2014-1ca4-11ec-a4a4-d8bbc10f2ae0','2021-09-23 20:00:42',1,NULL,0,NULL,NULL),('eec6c7f1-1ca8-11ec-a4a4-d8bbc10f2ae0','eec616ff-1ca8-11ec-a4a4-d8bbc10f2ae0','2a9e2014-1ca4-11ec-a4a4-d8bbc10f2ae0','2021-09-23 20:00:42',1,NULL,0,NULL,NULL),('eec90b8b-1ca8-11ec-a4a4-d8bbc10f2ae0','eec85a79-1ca8-11ec-a4a4-d8bbc10f2ae0','2a9e2014-1ca4-11ec-a4a4-d8bbc10f2ae0','2021-09-23 20:00:42',1,NULL,0,NULL,NULL),('eecb31d9-1ca8-11ec-a4a4-d8bbc10f2ae0','eeca77c2-1ca8-11ec-a4a4-d8bbc10f2ae0','2a9e2014-1ca4-11ec-a4a4-d8bbc10f2ae0','2021-09-23 20:00:42',1,NULL,0,NULL,NULL),('eecd4796-1ca8-11ec-a4a4-d8bbc10f2ae0','eecc9647-1ca8-11ec-a4a4-d8bbc10f2ae0','2a9e2014-1ca4-11ec-a4a4-d8bbc10f2ae0','2021-09-23 20:00:42',1,NULL,0,NULL,NULL),('eeceb1cc-1ca8-11ec-a4a4-d8bbc10f2ae0','eecdf5aa-1ca8-11ec-a4a4-d8bbc10f2ae0','2a9e2014-1ca4-11ec-a4a4-d8bbc10f2ae0','2021-09-23 20:00:42',1,NULL,0,NULL,NULL),('eed0b8ce-1ca8-11ec-a4a4-d8bbc10f2ae0','eed00a0b-1ca8-11ec-a4a4-d8bbc10f2ae0','2a9e2014-1ca4-11ec-a4a4-d8bbc10f2ae0','2021-09-23 20:00:42',1,NULL,0,NULL,NULL),('eed2c93a-1ca8-11ec-a4a4-d8bbc10f2ae0','eed213f0-1ca8-11ec-a4a4-d8bbc10f2ae0','2a9e2014-1ca4-11ec-a4a4-d8bbc10f2ae0','2021-09-23 20:00:42',1,NULL,0,NULL,NULL),('eed7fd52-1ca8-11ec-a4a4-d8bbc10f2ae0','eed6a9f4-1ca8-11ec-a4a4-d8bbc10f2ae0','2a9e2014-1ca4-11ec-a4a4-d8bbc10f2ae0','2021-09-23 20:00:42',1,NULL,0,NULL,NULL),('eeda1353-1ca8-11ec-a4a4-d8bbc10f2ae0','eed95f2b-1ca8-11ec-a4a4-d8bbc10f2ae0','2a9e2014-1ca4-11ec-a4a4-d8bbc10f2ae0','2021-09-23 20:00:42',1,NULL,0,NULL,NULL),('eedc4197-1ca8-11ec-a4a4-d8bbc10f2ae0','eedb8986-1ca8-11ec-a4a4-d8bbc10f2ae0','2a9e2014-1ca4-11ec-a4a4-d8bbc10f2ae0','2021-09-23 20:00:42',1,NULL,0,NULL,NULL),('eede6135-1ca8-11ec-a4a4-d8bbc10f2ae0','eedd9c2f-1ca8-11ec-a4a4-d8bbc10f2ae0','2a9e2014-1ca4-11ec-a4a4-d8bbc10f2ae0','2021-09-23 20:00:42',1,NULL,0,NULL,NULL),('eee08b10-1ca8-11ec-a4a4-d8bbc10f2ae0','eedfce42-1ca8-11ec-a4a4-d8bbc10f2ae0','2a9e2014-1ca4-11ec-a4a4-d8bbc10f2ae0','2021-09-23 20:00:42',1,NULL,0,NULL,NULL),('eee1f023-1ca8-11ec-a4a4-d8bbc10f2ae0','eee13f13-1ca8-11ec-a4a4-d8bbc10f2ae0','2a9e2014-1ca4-11ec-a4a4-d8bbc10f2ae0','2021-09-23 20:00:42',1,NULL,0,NULL,NULL),('eee40951-1ca8-11ec-a4a4-d8bbc10f2ae0','eee357c6-1ca8-11ec-a4a4-d8bbc10f2ae0','2a9e2014-1ca4-11ec-a4a4-d8bbc10f2ae0','2021-09-23 20:00:42',1,NULL,0,NULL,NULL),('eee6376b-1ca8-11ec-a4a4-d8bbc10f2ae0','eee57130-1ca8-11ec-a4a4-d8bbc10f2ae0','2a9e2014-1ca4-11ec-a4a4-d8bbc10f2ae0','2021-09-23 20:00:42',1,NULL,0,NULL,NULL),('eee9d426-1ca8-11ec-a4a4-d8bbc10f2ae0','eee92b79-1ca8-11ec-a4a4-d8bbc10f2ae0','2a9e2014-1ca4-11ec-a4a4-d8bbc10f2ae0','2021-09-23 20:00:43',1,NULL,0,NULL,NULL),('eeebd7af-1ca8-11ec-a4a4-d8bbc10f2ae0','eeeb255e-1ca8-11ec-a4a4-d8bbc10f2ae0','2a9e2014-1ca4-11ec-a4a4-d8bbc10f2ae0','2021-09-23 20:00:43',1,NULL,0,NULL,NULL),('eeee1bfa-1ca8-11ec-a4a4-d8bbc10f2ae0','eeed6b11-1ca8-11ec-a4a4-d8bbc10f2ae0','2a9e2014-1ca4-11ec-a4a4-d8bbc10f2ae0','2021-09-23 20:00:43',1,NULL,0,NULL,NULL),('eeef8cd7-1ca8-11ec-a4a4-d8bbc10f2ae0','eeeeddaa-1ca8-11ec-a4a4-d8bbc10f2ae0','2a9e2014-1ca4-11ec-a4a4-d8bbc10f2ae0','2021-09-23 20:00:43',1,NULL,0,NULL,NULL),('eef1c5c4-1ca8-11ec-a4a4-d8bbc10f2ae0','eef100d9-1ca8-11ec-a4a4-d8bbc10f2ae0','2a9e2014-1ca4-11ec-a4a4-d8bbc10f2ae0','2021-09-23 20:00:43',1,NULL,0,NULL,NULL),('eef3c525-1ca8-11ec-a4a4-d8bbc10f2ae0','eef31b8b-1ca8-11ec-a4a4-d8bbc10f2ae0','2a9e2014-1ca4-11ec-a4a4-d8bbc10f2ae0','2021-09-23 20:00:43',1,NULL,0,NULL,NULL),('eef5c66a-1ca8-11ec-a4a4-d8bbc10f2ae0','eef51622-1ca8-11ec-a4a4-d8bbc10f2ae0','2a9e2014-1ca4-11ec-a4a4-d8bbc10f2ae0','2021-09-23 20:00:43',1,NULL,0,NULL,NULL),('eef7228d-1ca8-11ec-a4a4-d8bbc10f2ae0','eef67296-1ca8-11ec-a4a4-d8bbc10f2ae0','2a9e2014-1ca4-11ec-a4a4-d8bbc10f2ae0','2021-09-23 20:00:43',1,NULL,0,NULL,NULL),('eef92bc2-1ca8-11ec-a4a4-d8bbc10f2ae0','eef87ee8-1ca8-11ec-a4a4-d8bbc10f2ae0','2a9e2014-1ca4-11ec-a4a4-d8bbc10f2ae0','2021-09-23 20:00:43',1,NULL,0,NULL,NULL),('eefb394a-1ca8-11ec-a4a4-d8bbc10f2ae0','eefa811d-1ca8-11ec-a4a4-d8bbc10f2ae0','2a9e2014-1ca4-11ec-a4a4-d8bbc10f2ae0','2021-09-23 20:00:43',1,NULL,0,NULL,NULL),('eefec6cc-1ca8-11ec-a4a4-d8bbc10f2ae0','eefe17fd-1ca8-11ec-a4a4-d8bbc10f2ae0','2a9e2014-1ca4-11ec-a4a4-d8bbc10f2ae0','2021-09-23 20:00:43',1,NULL,0,NULL,NULL),('ef001f60-1ca8-11ec-a4a4-d8bbc10f2ae0','eeff775e-1ca8-11ec-a4a4-d8bbc10f2ae0','2a9e2014-1ca4-11ec-a4a4-d8bbc10f2ae0','2021-09-23 20:00:43',1,NULL,0,NULL,NULL),('ef02299b-1ca8-11ec-a4a4-d8bbc10f2ae0','ef0171cc-1ca8-11ec-a4a4-d8bbc10f2ae0','2a9e2014-1ca4-11ec-a4a4-d8bbc10f2ae0','2021-09-23 20:00:43',1,NULL,0,NULL,NULL),('ef042f94-1ca8-11ec-a4a4-d8bbc10f2ae0','ef038899-1ca8-11ec-a4a4-d8bbc10f2ae0','2a9e2014-1ca4-11ec-a4a4-d8bbc10f2ae0','2021-09-23 20:00:43',1,NULL,0,NULL,NULL),('ef062a9c-1ca8-11ec-a4a4-d8bbc10f2ae0','ef057ba7-1ca8-11ec-a4a4-d8bbc10f2ae0','2a9e2014-1ca4-11ec-a4a4-d8bbc10f2ae0','2021-09-23 20:00:43',1,NULL,0,NULL,NULL),('ef078894-1ca8-11ec-a4a4-d8bbc10f2ae0','ef06d458-1ca8-11ec-a4a4-d8bbc10f2ae0','2a9e2014-1ca4-11ec-a4a4-d8bbc10f2ae0','2021-09-23 20:00:43',1,NULL,0,NULL,NULL),('ef099cd1-1ca8-11ec-a4a4-d8bbc10f2ae0','ef08f364-1ca8-11ec-a4a4-d8bbc10f2ae0','2a9e2014-1ca4-11ec-a4a4-d8bbc10f2ae0','2021-09-23 20:00:43',1,NULL,0,NULL,NULL),('ef0b9401-1ca8-11ec-a4a4-d8bbc10f2ae0','ef0af2ce-1ca8-11ec-a4a4-d8bbc10f2ae0','2a9e2014-1ca4-11ec-a4a4-d8bbc10f2ae0','2021-09-23 20:00:43',1,NULL,0,NULL,NULL),('ef0f122f-1ca8-11ec-a4a4-d8bbc10f2ae0','ef0e61aa-1ca8-11ec-a4a4-d8bbc10f2ae0','2a9e2014-1ca4-11ec-a4a4-d8bbc10f2ae0','2021-09-23 20:00:43',1,NULL,0,NULL,NULL),('ef107daf-1ca8-11ec-a4a4-d8bbc10f2ae0','ef0fccf3-1ca8-11ec-a4a4-d8bbc10f2ae0','2a9e2014-1ca4-11ec-a4a4-d8bbc10f2ae0','2021-09-23 20:00:43',1,NULL,0,NULL,NULL),('ef129082-1ca8-11ec-a4a4-d8bbc10f2ae0','ef11d8b5-1ca8-11ec-a4a4-d8bbc10f2ae0','2a9e2014-1ca4-11ec-a4a4-d8bbc10f2ae0','2021-09-23 20:00:43',1,NULL,0,NULL,NULL),('ef14e839-1ca8-11ec-a4a4-d8bbc10f2ae0','ef14402b-1ca8-11ec-a4a4-d8bbc10f2ae0','2a9e2014-1ca4-11ec-a4a4-d8bbc10f2ae0','2021-09-23 20:00:43',1,NULL,0,NULL,NULL),('ef170210-1ca8-11ec-a4a4-d8bbc10f2ae0','ef163877-1ca8-11ec-a4a4-d8bbc10f2ae0','2a9e2014-1ca4-11ec-a4a4-d8bbc10f2ae0','2021-09-23 20:00:43',1,NULL,0,NULL,NULL),('ef190448-1ca8-11ec-a4a4-d8bbc10f2ae0','ef1857f2-1ca8-11ec-a4a4-d8bbc10f2ae0','2a9e2014-1ca4-11ec-a4a4-d8bbc10f2ae0','2021-09-23 20:00:43',1,NULL,0,NULL,NULL),('ef1a5e20-1ca8-11ec-a4a4-d8bbc10f2ae0','ef19b493-1ca8-11ec-a4a4-d8bbc10f2ae0','2a9e2014-1ca4-11ec-a4a4-d8bbc10f2ae0','2021-09-23 20:00:43',1,NULL,0,NULL,NULL),('ef1c5678-1ca8-11ec-a4a4-d8bbc10f2ae0','ef1bad55-1ca8-11ec-a4a4-d8bbc10f2ae0','2a9e2014-1ca4-11ec-a4a4-d8bbc10f2ae0','2021-09-23 20:00:43',1,NULL,0,NULL,NULL),('ef1e5bab-1ca8-11ec-a4a4-d8bbc10f2ae0','ef1d9f57-1ca8-11ec-a4a4-d8bbc10f2ae0','2a9e2014-1ca4-11ec-a4a4-d8bbc10f2ae0','2021-09-23 20:00:43',1,NULL,0,NULL,NULL),('ef21af8d-1ca8-11ec-a4a4-d8bbc10f2ae0','ef2104aa-1ca8-11ec-a4a4-d8bbc10f2ae0','2a9e2014-1ca4-11ec-a4a4-d8bbc10f2ae0','2021-09-23 20:00:43',1,NULL,0,NULL,NULL),('ef230d62-1ca8-11ec-a4a4-d8bbc10f2ae0','ef225934-1ca8-11ec-a4a4-d8bbc10f2ae0','2a9e2014-1ca4-11ec-a4a4-d8bbc10f2ae0','2021-09-23 20:00:43',1,NULL,0,NULL,NULL),('ef250724-1ca8-11ec-a4a4-d8bbc10f2ae0','ef246115-1ca8-11ec-a4a4-d8bbc10f2ae0','2a9e2014-1ca4-11ec-a4a4-d8bbc10f2ae0','2021-09-23 20:00:43',1,NULL,0,NULL,NULL),('ef270990-1ca8-11ec-a4a4-d8bbc10f2ae0','ef2662a3-1ca8-11ec-a4a4-d8bbc10f2ae0','2a9e2014-1ca4-11ec-a4a4-d8bbc10f2ae0','2021-09-23 20:00:43',1,NULL,0,NULL,NULL),('ef2924fb-1ca8-11ec-a4a4-d8bbc10f2ae0','ef286bb4-1ca8-11ec-a4a4-d8bbc10f2ae0','2a9e2014-1ca4-11ec-a4a4-d8bbc10f2ae0','2021-09-23 20:00:43',1,NULL,0,NULL,NULL),('ef2a978f-1ca8-11ec-a4a4-d8bbc10f2ae0','ef29cb2d-1ca8-11ec-a4a4-d8bbc10f2ae0','2a9e2014-1ca4-11ec-a4a4-d8bbc10f2ae0','2021-09-23 20:00:43',1,NULL,0,NULL,NULL),('ef2c905d-1ca8-11ec-a4a4-d8bbc10f2ae0','ef2bdefd-1ca8-11ec-a4a4-d8bbc10f2ae0','2a9e2014-1ca4-11ec-a4a4-d8bbc10f2ae0','2021-09-23 20:00:43',1,NULL,0,NULL,NULL),('ef2e8b31-1ca8-11ec-a4a4-d8bbc10f2ae0','ef2dda16-1ca8-11ec-a4a4-d8bbc10f2ae0','2a9e2014-1ca4-11ec-a4a4-d8bbc10f2ae0','2021-09-23 20:00:43',1,NULL,0,NULL,NULL),('ef31cfd5-1ca8-11ec-a4a4-d8bbc10f2ae0','ef312ebb-1ca8-11ec-a4a4-d8bbc10f2ae0','2a9e2014-1ca4-11ec-a4a4-d8bbc10f2ae0','2021-09-23 20:00:43',1,NULL,0,NULL,NULL),('ef33354b-1ca8-11ec-a4a4-d8bbc10f2ae0','ef327902-1ca8-11ec-a4a4-d8bbc10f2ae0','2a9e2014-1ca4-11ec-a4a4-d8bbc10f2ae0','2021-09-23 20:00:43',1,NULL,0,NULL,NULL),('ef355d37-1ca8-11ec-a4a4-d8bbc10f2ae0','ef34a62c-1ca8-11ec-a4a4-d8bbc10f2ae0','2a9e2014-1ca4-11ec-a4a4-d8bbc10f2ae0','2021-09-23 20:00:43',1,NULL,0,NULL,NULL),('ef3783eb-1ca8-11ec-a4a4-d8bbc10f2ae0','ef36cadd-1ca8-11ec-a4a4-d8bbc10f2ae0','2a9e2014-1ca4-11ec-a4a4-d8bbc10f2ae0','2021-09-23 20:00:43',1,NULL,0,NULL,NULL),('ef398e8a-1ca8-11ec-a4a4-d8bbc10f2ae0','ef38e28d-1ca8-11ec-a4a4-d8bbc10f2ae0','2a9e2014-1ca4-11ec-a4a4-d8bbc10f2ae0','2021-09-23 20:00:43',1,NULL,0,NULL,NULL),('ef3af3dd-1ca8-11ec-a4a4-d8bbc10f2ae0','ef3a42ee-1ca8-11ec-a4a4-d8bbc10f2ae0','2a9e2014-1ca4-11ec-a4a4-d8bbc10f2ae0','2021-09-23 20:00:43',1,NULL,0,NULL,NULL),('ef3d0cd7-1ca8-11ec-a4a4-d8bbc10f2ae0','ef3c6309-1ca8-11ec-a4a4-d8bbc10f2ae0','2a9e2014-1ca4-11ec-a4a4-d8bbc10f2ae0','2021-09-23 20:00:43',1,NULL,0,NULL,NULL),('ef3f29a2-1ca8-11ec-a4a4-d8bbc10f2ae0','ef3e68d2-1ca8-11ec-a4a4-d8bbc10f2ae0','2a9e2014-1ca4-11ec-a4a4-d8bbc10f2ae0','2021-09-23 20:00:43',1,NULL,0,NULL,NULL);
/*!40000 ALTER TABLE `role_relation_to_controller_action_relation_to_http_method` ENABLE KEYS */;
UNLOCK TABLES;

--
-- Temporary view structure for view `role_to_controller_view`
--

DROP TABLE IF EXISTS `role_to_controller_view`;
/*!50001 DROP VIEW IF EXISTS `role_to_controller_view`*/;
SET @saved_cs_client     = @@character_set_client;
/*!50503 SET character_set_client = utf8mb4 */;
/*!50001 CREATE VIEW `role_to_controller_view` AS SELECT 
 1 AS `uuid`,
 1 AS `role_uuid`,
 1 AS `role`,
 1 AS `http_method`,
 1 AS `route`,
 1 AS `crud`,
 1 AS `flag`,
 1 AS `max_request_per_hour`,
 1 AS `max_time_after_request_in_ms`,
 1 AS `controller`,
 1 AS `controller_uuid`,
 1 AS `deleted`,
 1 AS `active`*/;
SET character_set_client = @saved_cs_client;

--
-- Table structure for table `schema_data_command`
--

DROP TABLE IF EXISTS `schema_data_command`;
/*!40101 SET @saved_cs_client     = @@character_set_client */;
/*!50503 SET character_set_client = utf8mb4 */;
CREATE TABLE `schema_data_command` (
  `uuid` varchar(36) NOT NULL,
  `name` varchar(1024) NOT NULL,
  `creation_datetime` timestamp NULL DEFAULT CURRENT_TIMESTAMP,
  `active` tinyint NOT NULL DEFAULT '1',
  `activation_datetime` datetime DEFAULT NULL,
  `deleted` tinyint DEFAULT '0',
  `deletion_datetime` datetime DEFAULT NULL,
  `changed_datetime` datetime DEFAULT NULL,
  PRIMARY KEY (`uuid`)
) ENGINE=InnoDB DEFAULT CHARSET=utf8mb3;
/*!40101 SET character_set_client = @saved_cs_client */;

--
-- Dumping data for table `schema_data_command`
--

LOCK TABLES `schema_data_command` WRITE;
/*!40000 ALTER TABLE `schema_data_command` DISABLE KEYS */;
INSERT INTO `schema_data_command` VALUES ('58159a03-a5b5-11eb-bac0-309c2364fdb6','GET_SCHEMAS','2021-04-25 10:59:45',1,NULL,0,NULL,'2021-05-27 11:45:15'),('58160a11-a5b5-11eb-bac0-309c2364fdb6','GET_TABLES','2021-04-25 10:59:45',1,NULL,0,NULL,'2021-05-27 11:45:15'),('58160b7d-a5b5-11eb-bac0-309c2364fdb6','GET_VIEWS','2021-04-25 10:59:45',1,NULL,0,NULL,'2021-05-27 11:45:15'),('58160c51-a5b5-11eb-bac0-309c2364fdb6','GET_FUNCTIONS','2021-04-25 10:59:45',1,NULL,0,NULL,'2021-05-27 11:45:15'),('58160d17-a5b5-11eb-bac0-309c2364fdb6','GET_PROCEDURES','2021-04-25 10:59:45',1,NULL,0,NULL,'2021-05-27 11:45:15'),('58160dde-a5b5-11eb-bac0-309c2364fdb6','GET_TRIGGERS','2021-04-25 10:59:45',1,NULL,0,NULL,'2021-05-27 11:45:15'),('58160e9c-a5b5-11eb-bac0-309c2364fdb6','GET_TABLE_COLUMNS','2021-04-25 10:59:45',1,NULL,0,NULL,'2021-05-27 11:45:15'),('58160f59-a5b5-11eb-bac0-309c2364fdb6','GET_TABLE_KEYS','2021-04-25 10:59:45',1,NULL,0,NULL,'2021-05-27 11:45:15'),('5816101f-a5b5-11eb-bac0-309c2364fdb6','GET_SERVER_STATUS_BYVAR','2021-04-25 10:59:45',1,NULL,0,NULL,'2021-05-27 11:45:15'),('5816120f-a5b5-11eb-bac0-309c2364fdb6','GET_SERVER_STATUS_ALL','2021-04-25 10:59:45',1,NULL,0,NULL,'2021-05-27 11:45:15'),('58161340-a5b5-11eb-bac0-309c2364fdb6','GET_TABLE_CONSTRAINTS','2021-04-25 10:59:45',1,NULL,0,NULL,'2021-05-27 11:45:15');
/*!40000 ALTER TABLE `schema_data_command` ENABLE KEYS */;
UNLOCK TABLES;
/*!50003 SET @saved_cs_client      = @@character_set_client */ ;
/*!50003 SET @saved_cs_results     = @@character_set_results */ ;
/*!50003 SET @saved_col_connection = @@collation_connection */ ;
/*!50003 SET character_set_client  = utf8mb4 */ ;
/*!50003 SET character_set_results = utf8mb4 */ ;
/*!50003 SET collation_connection  = utf8mb4_0900_ai_ci */ ;
/*!50003 SET @saved_sql_mode       = @@sql_mode */ ;
/*!50003 SET sql_mode              = 'STRICT_TRANS_TABLES,NO_ENGINE_SUBSTITUTION' */ ;
DELIMITER ;;
/*!50003 CREATE*/ /*!50017 DEFINER=`rest`@`%`*/ /*!50003 TRIGGER `schema_data_command_BEFORE_INSERT` BEFORE INSERT ON `schema_data_command` FOR EACH ROW BEGIN 	SET new.creation_datetime = NOW();   END */;;
DELIMITER ;
/*!50003 SET sql_mode              = @saved_sql_mode */ ;
/*!50003 SET character_set_client  = @saved_cs_client */ ;
/*!50003 SET character_set_results = @saved_cs_results */ ;
/*!50003 SET collation_connection  = @saved_col_connection */ ;
/*!50003 SET @saved_cs_client      = @@character_set_client */ ;
/*!50003 SET @saved_cs_results     = @@character_set_results */ ;
/*!50003 SET @saved_col_connection = @@collation_connection */ ;
/*!50003 SET character_set_client  = utf8mb4 */ ;
/*!50003 SET character_set_results = utf8mb4 */ ;
/*!50003 SET collation_connection  = utf8mb4_0900_ai_ci */ ;
/*!50003 SET @saved_sql_mode       = @@sql_mode */ ;
/*!50003 SET sql_mode              = 'STRICT_TRANS_TABLES,NO_ENGINE_SUBSTITUTION' */ ;
DELIMITER ;;
/*!50003 CREATE*/ /*!50017 DEFINER=`rest`@`%`*/ /*!50003 TRIGGER `schema_data_command_BEFORE_UPDATE` BEFORE UPDATE ON `schema_data_command` FOR EACH ROW BEGIN 	SET new.changed_datetime = NOW();END */;;
DELIMITER ;
/*!50003 SET sql_mode              = @saved_sql_mode */ ;
/*!50003 SET character_set_client  = @saved_cs_client */ ;
/*!50003 SET character_set_results = @saved_cs_results */ ;
/*!50003 SET collation_connection  = @saved_col_connection */ ;

--
-- Table structure for table `site_protect`
--

DROP TABLE IF EXISTS `site_protect`;
/*!40101 SET @saved_cs_client     = @@character_set_client */;
/*!50503 SET character_set_client = utf8mb4 */;
CREATE TABLE `site_protect` (
  `uuid` varchar(36) NOT NULL,
  `ban_time` datetime NOT NULL,
  `ip_addr` varchar(140) NOT NULL,
  `creation_datetime` timestamp NULL DEFAULT CURRENT_TIMESTAMP,
  `active` tinyint NOT NULL DEFAULT '1',
  `activation_datetime` datetime DEFAULT NULL,
  `deleted` tinyint DEFAULT '0',
  `deletion_datetime` datetime DEFAULT NULL,
  `changed_datetime` datetime DEFAULT NULL,
  PRIMARY KEY (`uuid`)
) ENGINE=InnoDB DEFAULT CHARSET=utf8mb3;
/*!40101 SET character_set_client = @saved_cs_client */;

--
-- Dumping data for table `site_protect`
--

LOCK TABLES `site_protect` WRITE;
/*!40000 ALTER TABLE `site_protect` DISABLE KEYS */;
/*!40000 ALTER TABLE `site_protect` ENABLE KEYS */;
UNLOCK TABLES;
/*!50003 SET @saved_cs_client      = @@character_set_client */ ;
/*!50003 SET @saved_cs_results     = @@character_set_results */ ;
/*!50003 SET @saved_col_connection = @@collation_connection */ ;
/*!50003 SET character_set_client  = utf8mb4 */ ;
/*!50003 SET character_set_results = utf8mb4 */ ;
/*!50003 SET collation_connection  = utf8mb4_0900_ai_ci */ ;
/*!50003 SET @saved_sql_mode       = @@sql_mode */ ;
/*!50003 SET sql_mode              = 'STRICT_TRANS_TABLES,NO_ENGINE_SUBSTITUTION' */ ;
DELIMITER ;;
/*!50003 CREATE*/ /*!50017 DEFINER=`root`@`localhost`*/ /*!50003 TRIGGER `site_protect_BEFORE_INSERT` BEFORE INSERT ON `site_protect` FOR EACH ROW BEGIN
	SET new.creation_datetime = NOW();
END */;;
DELIMITER ;
/*!50003 SET sql_mode              = @saved_sql_mode */ ;
/*!50003 SET character_set_client  = @saved_cs_client */ ;
/*!50003 SET character_set_results = @saved_cs_results */ ;
/*!50003 SET collation_connection  = @saved_col_connection */ ;
/*!50003 SET @saved_cs_client      = @@character_set_client */ ;
/*!50003 SET @saved_cs_results     = @@character_set_results */ ;
/*!50003 SET @saved_col_connection = @@collation_connection */ ;
/*!50003 SET character_set_client  = utf8mb4 */ ;
/*!50003 SET character_set_results = utf8mb4 */ ;
/*!50003 SET collation_connection  = utf8mb4_0900_ai_ci */ ;
/*!50003 SET @saved_sql_mode       = @@sql_mode */ ;
/*!50003 SET sql_mode              = 'STRICT_TRANS_TABLES,NO_ENGINE_SUBSTITUTION' */ ;
DELIMITER ;;
/*!50003 CREATE*/ /*!50017 DEFINER=`root`@`localhost`*/ /*!50003 TRIGGER `site_protect_BEFORE_UPDATE` BEFORE UPDATE ON `site_protect` FOR EACH ROW BEGIN
	SET new.changed_datetime = NOW();
END */;;
DELIMITER ;
/*!50003 SET sql_mode              = @saved_sql_mode */ ;
/*!50003 SET character_set_client  = @saved_cs_client */ ;
/*!50003 SET character_set_results = @saved_cs_results */ ;
/*!50003 SET collation_connection  = @saved_col_connection */ ;

--
-- Table structure for table `software`
--

DROP TABLE IF EXISTS `software`;
/*!40101 SET @saved_cs_client     = @@character_set_client */;
/*!50503 SET character_set_client = utf8mb4 */;
CREATE TABLE `software` (
  `uuid` varchar(36) NOT NULL,
  `name` varchar(90) NOT NULL,
  `description` varchar(256) NOT NULL,
  `creation_datetime` timestamp NULL DEFAULT CURRENT_TIMESTAMP,
  `active` tinyint NOT NULL DEFAULT '1',
  `activation_datetime` datetime DEFAULT NULL,
  `deleted` tinyint DEFAULT '0',
  `deletion_datetime` datetime DEFAULT NULL,
  `changed_datetime` datetime DEFAULT NULL,
  PRIMARY KEY (`uuid`)
) ENGINE=InnoDB DEFAULT CHARSET=utf8mb3;
/*!40101 SET character_set_client = @saved_cs_client */;

--
-- Dumping data for table `software`
--

LOCK TABLES `software` WRITE;
/*!40000 ALTER TABLE `software` DISABLE KEYS */;
INSERT INTO `software` VALUES ('5f0f1048-a5b5-11eb-bac0-309c2364fdb6','HelixDBM','Helix Database Modelling and Management Software','2021-04-25 10:59:56',1,NULL,0,NULL,'2021-05-13 23:57:21'),('5f0f25c1-a5b5-11eb-bac0-309c2364fdb6','test222222','test33333','2021-04-25 10:59:56',1,NULL,0,NULL,'2021-07-31 14:25:20'),('7afbb295-f6a1-11eb-8281-309c2364fdb6','neuanlageooooty','testbeschreibung','2021-08-06 10:31:37',1,NULL,0,NULL,NULL),('855b6997-f69f-11eb-8281-309c2364fdb6','neuanlageoooob','testbeschreibung','2021-08-06 10:17:36',1,NULL,0,NULL,NULL),('b8c6a80d-f44a-11eb-b474-309c2364fdb6','neuanlageooooA','neuebeschreibung','2021-08-03 11:05:32',1,NULL,0,NULL,'2021-08-03 14:28:24'),('f59a565b-f6a0-11eb-8281-309c2364fdb6','neuanlageooootz','testbeschreibung','2021-08-06 10:27:54',1,NULL,0,NULL,NULL);
/*!40000 ALTER TABLE `software` ENABLE KEYS */;
UNLOCK TABLES;
/*!50003 SET @saved_cs_client      = @@character_set_client */ ;
/*!50003 SET @saved_cs_results     = @@character_set_results */ ;
/*!50003 SET @saved_col_connection = @@collation_connection */ ;
/*!50003 SET character_set_client  = utf8mb4 */ ;
/*!50003 SET character_set_results = utf8mb4 */ ;
/*!50003 SET collation_connection  = utf8mb4_0900_ai_ci */ ;
/*!50003 SET @saved_sql_mode       = @@sql_mode */ ;
/*!50003 SET sql_mode              = 'STRICT_TRANS_TABLES,NO_ENGINE_SUBSTITUTION' */ ;
DELIMITER ;;
/*!50003 CREATE*/ /*!50017 DEFINER=`rest`@`%`*/ /*!50003 TRIGGER `software_BEFORE_INSERT` BEFORE INSERT ON `software` FOR EACH ROW BEGIN 	SET new.creation_datetime = NOW();   END */;;
DELIMITER ;
/*!50003 SET sql_mode              = @saved_sql_mode */ ;
/*!50003 SET character_set_client  = @saved_cs_client */ ;
/*!50003 SET character_set_results = @saved_cs_results */ ;
/*!50003 SET collation_connection  = @saved_col_connection */ ;
/*!50003 SET @saved_cs_client      = @@character_set_client */ ;
/*!50003 SET @saved_cs_results     = @@character_set_results */ ;
/*!50003 SET @saved_col_connection = @@collation_connection */ ;
/*!50003 SET character_set_client  = utf8mb4 */ ;
/*!50003 SET character_set_results = utf8mb4 */ ;
/*!50003 SET collation_connection  = utf8mb4_0900_ai_ci */ ;
/*!50003 SET @saved_sql_mode       = @@sql_mode */ ;
/*!50003 SET sql_mode              = 'STRICT_TRANS_TABLES,NO_ENGINE_SUBSTITUTION' */ ;
DELIMITER ;;
/*!50003 CREATE*/ /*!50017 DEFINER=`rest`@`%`*/ /*!50003 TRIGGER `software_BEFORE_UPDATE` BEFORE UPDATE ON `software` FOR EACH ROW BEGIN 	SET new.changed_datetime = NOW();END */;;
DELIMITER ;
/*!50003 SET sql_mode              = @saved_sql_mode */ ;
/*!50003 SET character_set_client  = @saved_cs_client */ ;
/*!50003 SET character_set_results = @saved_cs_results */ ;
/*!50003 SET collation_connection  = @saved_col_connection */ ;

--
-- Table structure for table `software_version`
--

DROP TABLE IF EXISTS `software_version`;
/*!40101 SET @saved_cs_client     = @@character_set_client */;
/*!50503 SET character_set_client = utf8mb4 */;
CREATE TABLE `software_version` (
  `uuid` varchar(36) NOT NULL,
  `software_uuid` varchar(36) DEFAULT NULL,
  `version_type_uuid` varchar(36) DEFAULT NULL,
  `version_internal` varchar(45) NOT NULL,
  `version_subversion_internal` varchar(45) NOT NULL,
  `release_note` text NOT NULL,
  `file_extension` varchar(45) DEFAULT NULL,
  `hash` varchar(128) DEFAULT NULL,
  `creation_datetime` timestamp NULL DEFAULT CURRENT_TIMESTAMP,
  `active` tinyint NOT NULL DEFAULT '1',
  `activation_datetime` datetime DEFAULT NULL,
  `deleted` tinyint DEFAULT '0',
  `deletion_datetime` datetime DEFAULT NULL,
  `changed_datetime` datetime DEFAULT NULL,
  PRIMARY KEY (`uuid`),
  KEY `fk_softwareVersionToSoftware_idx` (`software_uuid`),
  KEY `fk_softwareVersionToVersionType_idx` (`version_type_uuid`),
  CONSTRAINT `fk_softwareVersionToSoftware` FOREIGN KEY (`software_uuid`) REFERENCES `software` (`uuid`),
  CONSTRAINT `fk_softwareVersionToVersionType` FOREIGN KEY (`version_type_uuid`) REFERENCES `version_type` (`uuid`)
) ENGINE=InnoDB DEFAULT CHARSET=utf8mb3;
/*!40101 SET character_set_client = @saved_cs_client */;

--
-- Dumping data for table `software_version`
--

LOCK TABLES `software_version` WRITE;
/*!40000 ALTER TABLE `software_version` DISABLE KEYS */;
INSERT INTO `software_version` VALUES ('0664c47a-f793-11eb-9131-309c2364fdb6','f59a565b-f6a0-11eb-8281-309c2364fdb6','78ee5778-a5b5-11eb-bac0-309c2364fdb6','0','2','aBCdef',NULL,'v','2021-08-07 15:20:40',1,NULL,0,NULL,'2021-05-27 11:44:45'),('0a514fc7-f792-11eb-9131-309c2364fdb6','f59a565b-f6a0-11eb-8281-309c2364fdb6','78ee5778-a5b5-11eb-bac0-309c2364fdb6','0','2','aBCdef',NULL,'v','2021-08-07 15:13:37',1,NULL,0,NULL,'2021-05-27 11:44:45'),('0c69426e-f7a1-11eb-9fdf-309c2364fdb6','f59a565b-f6a0-11eb-8281-309c2364fdb6','78ee5778-a5b5-11eb-bac0-309c2364fdb6','0','2','aBCdefghijkhkhhgjfg',NULL,'v','2021-08-07 17:01:03',1,NULL,0,NULL,'2021-05-27 11:44:45'),('0e3d0527-f798-11eb-9131-309c2364fdb6','f59a565b-f6a0-11eb-8281-309c2364fdb6','78ee5778-a5b5-11eb-bac0-309c2364fdb6','0','2','aBCdefg',NULL,'v','2021-08-07 15:56:41',1,NULL,0,NULL,'2021-05-27 11:44:45'),('106afedc-f79a-11eb-9fdf-309c2364fdb6','f59a565b-f6a0-11eb-8281-309c2364fdb6','78ee5778-a5b5-11eb-bac0-309c2364fdb6','0','2','aBCdefghijkh',NULL,'v','2021-08-07 16:11:03',1,NULL,0,NULL,'2021-05-27 11:44:45'),('178d0511-f798-11eb-9131-309c2364fdb6','f59a565b-f6a0-11eb-8281-309c2364fdb6','78ee5778-a5b5-11eb-bac0-309c2364fdb6','0','2','aBCdefgh',NULL,'v','2021-08-07 15:56:56',1,NULL,0,NULL,'2021-05-27 11:44:45'),('1a25aaff-f799-11eb-9131-309c2364fdb6','f59a565b-f6a0-11eb-8281-309c2364fdb6','78ee5778-a5b5-11eb-bac0-309c2364fdb6','0','2','aBCdefghijk',NULL,'v','2021-08-07 16:04:10',1,NULL,0,NULL,'2021-05-27 11:44:45'),('2d944d16-f792-11eb-9131-309c2364fdb6','f59a565b-f6a0-11eb-8281-309c2364fdb6','78ee5778-a5b5-11eb-bac0-309c2364fdb6','0','2','aBCdef',NULL,'v','2021-08-07 15:14:36',1,NULL,0,NULL,'2021-05-27 11:44:45'),('3494cfad-f7a0-11eb-9fdf-309c2364fdb6','f59a565b-f6a0-11eb-8281-309c2364fdb6','78ee5778-a5b5-11eb-bac0-309c2364fdb6','0','2','aBCdefghijkhkhhgjg',NULL,'v','2021-08-07 16:55:01',1,NULL,0,NULL,'2021-05-27 11:44:45'),('4061a07e-f7a4-11eb-9fdf-309c2364fdb6','f59a565b-f6a0-11eb-8281-309c2364fdb6','78ee5778-a5b5-11eb-bac0-309c2364fdb6','0','2','aBCdefghijkfhfffkhhgjfg',NULL,'v','2021-08-07 17:23:59',1,NULL,0,NULL,'2021-05-27 11:44:45'),('41a28deb-f79e-11eb-9fdf-309c2364fdb6','f59a565b-f6a0-11eb-8281-309c2364fdb6','78ee5778-a5b5-11eb-bac0-309c2364fdb6','0','2','aBCdefghijkhkhh',NULL,'v','2021-08-07 16:41:04',1,NULL,0,NULL,'2021-05-27 11:44:45'),('41b0e18c-f79d-11eb-9fdf-309c2364fdb6','f59a565b-f6a0-11eb-8281-309c2364fdb6','78ee5778-a5b5-11eb-bac0-309c2364fdb6','0','2','aBCdefghijkhk',NULL,'v','2021-08-07 16:33:54',1,NULL,0,NULL,'2021-05-27 11:44:45'),('490e9594-f794-11eb-9131-309c2364fdb6','f59a565b-f6a0-11eb-8281-309c2364fdb6','78ee5778-a5b5-11eb-bac0-309c2364fdb6','0','2','aBCdef',NULL,'v','2021-08-07 15:29:41',1,NULL,0,NULL,'2021-05-27 11:44:45'),('4a12d695-f790-11eb-9131-309c2364fdb6','f59a565b-f6a0-11eb-8281-309c2364fdb6','78ee5778-a5b5-11eb-bac0-309c2364fdb6','0','2','aBCd',NULL,'v','2021-08-07 15:01:05',1,NULL,0,NULL,'2021-05-27 11:44:45'),('518067f9-f790-11eb-9131-309c2364fdb6','f59a565b-f6a0-11eb-8281-309c2364fdb6','78ee5778-a5b5-11eb-bac0-309c2364fdb6','0','2','aBCde',NULL,'v','2021-08-07 15:01:17',1,NULL,0,NULL,'2021-05-27 11:44:45'),('57115adc-f7a5-11eb-9fdf-309c2364fdb6','f59a565b-f6a0-11eb-8281-309c2364fdb6','78ee5778-a5b5-11eb-bac0-309c2364fdb6','0','2','aBCdefghijfkfhfffkhhgjffg',NULL,'v','2021-08-07 17:31:46',1,NULL,0,NULL,'2021-05-27 11:44:45'),('59a9a526-f79b-11eb-9fdf-309c2364fdb6','f59a565b-f6a0-11eb-8281-309c2364fdb6','78ee5778-a5b5-11eb-bac0-309c2364fdb6','0','2','aBCdefghijkh',NULL,'v','2021-08-07 16:20:16',1,NULL,0,NULL,'2021-05-27 11:44:45'),('5c5371fa-f790-11eb-9131-309c2364fdb6','f59a565b-f6a0-11eb-8281-309c2364fdb6','78ee5778-a5b5-11eb-bac0-309c2364fdb6','0','2','aBCde',NULL,'v','2021-08-07 15:01:36',1,NULL,0,NULL,'2021-05-27 11:44:45'),('60901a65-f798-11eb-9131-309c2364fdb6','f59a565b-f6a0-11eb-8281-309c2364fdb6','78ee5778-a5b5-11eb-bac0-309c2364fdb6','0','2','aBCdefghi',NULL,'v','2021-08-07 15:58:59',1,NULL,0,NULL,'2021-05-27 11:44:45'),('6237adcc-f790-11eb-9131-309c2364fdb6','f59a565b-f6a0-11eb-8281-309c2364fdb6','78ee5778-a5b5-11eb-bac0-309c2364fdb6','0','2','aBCde',NULL,'v','2021-08-07 15:01:46',1,NULL,0,NULL,'2021-05-27 11:44:45'),('69164248-f7a3-11eb-9fdf-309c2364fdb6','f59a565b-f6a0-11eb-8281-309c2364fdb6','78ee5778-a5b5-11eb-bac0-309c2364fdb6','0','2','aBCdefghijkfhfkhhgjfg',NULL,'v','2021-08-07 17:17:57',1,NULL,0,NULL,'2021-05-27 11:44:45'),('6f182708-f79f-11eb-9fdf-309c2364fdb6','f59a565b-f6a0-11eb-8281-309c2364fdb6','78ee5778-a5b5-11eb-bac0-309c2364fdb6','0','2','aBCdefghijkhkhhgj',NULL,'v','2021-08-07 16:49:30',1,NULL,0,NULL,'2021-05-27 11:44:45'),('6ffd92b0-f794-11eb-9131-309c2364fdb6','f59a565b-f6a0-11eb-8281-309c2364fdb6','78ee5778-a5b5-11eb-bac0-309c2364fdb6','0','2','aBCdef',NULL,'v','2021-08-07 15:30:47',1,NULL,0,NULL,'2021-05-27 11:44:45'),('71710f07-f79e-11eb-9fdf-309c2364fdb6','f59a565b-f6a0-11eb-8281-309c2364fdb6','78ee5778-a5b5-11eb-bac0-309c2364fdb6','0','2','aBCdefghijkhkhhg',NULL,'v','2021-08-07 16:42:24',1,NULL,0,NULL,'2021-05-27 11:44:45'),('7ccc7012-f7a3-11eb-9fdf-309c2364fdb6','f59a565b-f6a0-11eb-8281-309c2364fdb6','78ee5778-a5b5-11eb-bac0-309c2364fdb6','0','2','aBCdefghijkfhffkhhgjfg',NULL,'v','2021-08-07 17:18:31',1,NULL,0,NULL,'2021-05-27 11:44:45'),('97541bd2-f79b-11eb-9fdf-309c2364fdb6','f59a565b-f6a0-11eb-8281-309c2364fdb6','78ee5778-a5b5-11eb-bac0-309c2364fdb6','0','2','aBCdefghijkhk',NULL,'v','2021-08-07 16:21:59',1,NULL,0,NULL,'2021-05-27 11:44:45'),('979bfe4a-f798-11eb-9131-309c2364fdb6','f59a565b-f6a0-11eb-8281-309c2364fdb6','78ee5778-a5b5-11eb-bac0-309c2364fdb6','0','2','aBCdefghij',NULL,'v','2021-08-07 16:00:31',1,NULL,0,NULL,'2021-05-27 11:44:45'),('993852cb-f790-11eb-9131-309c2364fdb6','f59a565b-f6a0-11eb-8281-309c2364fdb6','78ee5778-a5b5-11eb-bac0-309c2364fdb6','0','2','aBCde',NULL,'v','2021-08-07 15:03:18',1,NULL,0,NULL,'2021-05-27 11:44:45'),('9f3b73f7-f7a5-11eb-9fdf-309c2364fdb6','f59a565b-f6a0-11eb-8281-309c2364fdb6','78ee5778-a5b5-11eb-bac0-309c2364fdb6','0','2','aBCdefghijfkfhffffkhhgjffg',NULL,'v','2021-08-07 17:33:47',1,NULL,0,NULL,'2021-05-27 11:44:45'),('b21953c0-f6a6-11eb-8281-309c2364fdb6','f59a565b-f6a0-11eb-8281-309c2364fdb6','78ee5778-a5b5-11eb-bac0-309c2364fdb6','0','2','aBC',NULL,'v','2021-08-06 11:08:57',1,NULL,0,NULL,'2021-05-27 11:44:45'),('c363bf3d-f798-11eb-9131-309c2364fdb6','f59a565b-f6a0-11eb-8281-309c2364fdb6','78ee5778-a5b5-11eb-bac0-309c2364fdb6','0','2','aBCdefghijk',NULL,'v','2021-08-07 16:01:45',1,NULL,0,NULL,'2021-05-27 11:44:45'),('c373d265-f79e-11eb-9fdf-309c2364fdb6','f59a565b-f6a0-11eb-8281-309c2364fdb6','78ee5778-a5b5-11eb-bac0-309c2364fdb6','0','2','aBCdefghijkhkhhgj',NULL,'v','2021-08-07 16:44:42',1,NULL,0,NULL,'2021-05-27 11:44:45'),('c54d7b1c-a5bb-11eb-bac0-309c2364fdb6','5f0f1048-a5b5-11eb-bac0-309c2364fdb6','78ee5d00-a5b5-11eb-bac0-309c2364fdb6','0','1','Alphaphase',NULL,'','2021-04-25 11:45:45',1,NULL,0,NULL,'2021-05-13 23:58:38'),('c54dba6f-a5bb-11eb-bac0-309c2364fdb6','5f0f25c1-a5b5-11eb-bac0-309c2364fdb6','78ee5778-a5b5-11eb-bac0-309c2364fdb6','0','2','a',NULL,' ','2021-04-25 11:45:45',1,NULL,0,NULL,'2021-05-27 11:44:45'),('cdaf1368-f79f-11eb-9fdf-309c2364fdb6','f59a565b-f6a0-11eb-8281-309c2364fdb6','78ee5778-a5b5-11eb-bac0-309c2364fdb6','0','2','aBCdefghijkhkhhgj',NULL,'v','2021-08-07 16:52:08',1,NULL,0,NULL,'2021-05-27 11:44:45'),('d8cf4d0a-f6a6-11eb-8281-309c2364fdb6','f59a565b-f6a0-11eb-8281-309c2364fdb6','78ee5778-a5b5-11eb-bac0-309c2364fdb6','0','2','aBCd',NULL,'v','2021-08-06 11:10:02',1,NULL,0,NULL,'2021-05-27 11:44:45'),('e5cd6d6c-f79d-11eb-9fdf-309c2364fdb6','f59a565b-f6a0-11eb-8281-309c2364fdb6','78ee5778-a5b5-11eb-bac0-309c2364fdb6','0','2','aBCdefghijkhk',NULL,'v','2021-08-07 16:38:30',1,NULL,0,NULL,'2021-05-27 11:44:45'),('e7677832-f7a2-11eb-9fdf-309c2364fdb6','f59a565b-f6a0-11eb-8281-309c2364fdb6','78ee5778-a5b5-11eb-bac0-309c2364fdb6','0','2','aBCdefghijkhfkhhgjfg',NULL,'v','2021-08-07 17:14:20',1,NULL,0,NULL,'2021-05-27 11:44:45'),('ead26508-f788-11eb-9131-309c2364fdb6','f59a565b-f6a0-11eb-8281-309c2364fdb6','78ee5778-a5b5-11eb-bac0-309c2364fdb6','0','2','aBCd',NULL,'v','2021-08-07 14:08:19',1,NULL,0,NULL,'2021-05-27 11:44:45'),('f3da8b29-f78e-11eb-9131-309c2364fdb6','f59a565b-f6a0-11eb-8281-309c2364fdb6','78ee5778-a5b5-11eb-bac0-309c2364fdb6','0','2','aBCd',NULL,'v','2021-08-07 14:51:31',1,NULL,0,NULL,'2021-05-27 11:44:45');
/*!40000 ALTER TABLE `software_version` ENABLE KEYS */;
UNLOCK TABLES;
/*!50003 SET @saved_cs_client      = @@character_set_client */ ;
/*!50003 SET @saved_cs_results     = @@character_set_results */ ;
/*!50003 SET @saved_col_connection = @@collation_connection */ ;
/*!50003 SET character_set_client  = utf8mb4 */ ;
/*!50003 SET character_set_results = utf8mb4 */ ;
/*!50003 SET collation_connection  = utf8mb4_0900_ai_ci */ ;
/*!50003 SET @saved_sql_mode       = @@sql_mode */ ;
/*!50003 SET sql_mode              = 'STRICT_TRANS_TABLES,NO_ENGINE_SUBSTITUTION' */ ;
DELIMITER ;;
/*!50003 CREATE*/ /*!50017 DEFINER=`rest`@`%`*/ /*!50003 TRIGGER `software_version_BEFORE_INSERT` BEFORE INSERT ON `software_version` FOR EACH ROW BEGIN 	SET new.creation_datetime = NOW();   END */;;
DELIMITER ;
/*!50003 SET sql_mode              = @saved_sql_mode */ ;
/*!50003 SET character_set_client  = @saved_cs_client */ ;
/*!50003 SET character_set_results = @saved_cs_results */ ;
/*!50003 SET collation_connection  = @saved_col_connection */ ;
/*!50003 SET @saved_cs_client      = @@character_set_client */ ;
/*!50003 SET @saved_cs_results     = @@character_set_results */ ;
/*!50003 SET @saved_col_connection = @@collation_connection */ ;
/*!50003 SET character_set_client  = utf8mb4 */ ;
/*!50003 SET character_set_results = utf8mb4 */ ;
/*!50003 SET collation_connection  = utf8mb4_0900_ai_ci */ ;
/*!50003 SET @saved_sql_mode       = @@sql_mode */ ;
/*!50003 SET sql_mode              = 'STRICT_TRANS_TABLES,NO_ENGINE_SUBSTITUTION' */ ;
DELIMITER ;;
/*!50003 CREATE*/ /*!50017 DEFINER=`rest`@`%`*/ /*!50003 TRIGGER `software_version_BEFORE_UPDATE` BEFORE UPDATE ON `software_version` FOR EACH ROW BEGIN 	SET new.changed_datetime = NOW();END */;;
DELIMITER ;
/*!50003 SET sql_mode              = @saved_sql_mode */ ;
/*!50003 SET character_set_client  = @saved_cs_client */ ;
/*!50003 SET character_set_results = @saved_cs_results */ ;
/*!50003 SET collation_connection  = @saved_col_connection */ ;

--
-- Table structure for table `software_version_relation_to_operating_system`
--

DROP TABLE IF EXISTS `software_version_relation_to_operating_system`;
/*!40101 SET @saved_cs_client     = @@character_set_client */;
/*!50503 SET character_set_client = utf8mb4 */;
CREATE TABLE `software_version_relation_to_operating_system` (
  `uuid` varchar(36) NOT NULL DEFAULT 'UUID',
  `software_version_uuid` varchar(36) NOT NULL,
  `operating_system_uuid` varchar(36) NOT NULL,
  `creation_datetime` timestamp NULL DEFAULT CURRENT_TIMESTAMP,
  `active` tinyint NOT NULL DEFAULT '1',
  `activation_datetime` datetime DEFAULT NULL,
  `deleted` tinyint DEFAULT '0',
  `deletion_datetime` datetime DEFAULT NULL,
  `changed_datetime` datetime DEFAULT NULL,
  PRIMARY KEY (`software_version_uuid`,`operating_system_uuid`),
  KEY `fk_softwareVersionOpArchToSoftwareVersion_idx` (`software_version_uuid`),
  KEY `fk_softwareVersionOpArchToOperatingSystem_idx` (`operating_system_uuid`),
  CONSTRAINT `fk_softwareVersionOpArchToOperatingSystem` FOREIGN KEY (`operating_system_uuid`) REFERENCES `operating_system` (`uuid`),
  CONSTRAINT `fk_softwareVersionOpArchToSoftwareVersion` FOREIGN KEY (`software_version_uuid`) REFERENCES `software_version` (`uuid`)
) ENGINE=InnoDB DEFAULT CHARSET=utf8mb3;
/*!40101 SET character_set_client = @saved_cs_client */;

--
-- Dumping data for table `software_version_relation_to_operating_system`
--

LOCK TABLES `software_version_relation_to_operating_system` WRITE;
/*!40000 ALTER TABLE `software_version_relation_to_operating_system` DISABLE KEYS */;
INSERT INTO `software_version_relation_to_operating_system` VALUES ('e2411bd4-a5bb-11eb-bac0-309c2364fdb6','c54d7b1c-a5bb-11eb-bac0-309c2364fdb6','3feb2832-a5b5-11eb-bac0-309c2364fdb6','2021-04-25 11:46:33',1,NULL,0,NULL,'2021-06-08 20:01:23'),('e2417776-a5bb-11eb-bac0-309c2364fdb6','c54d7b1c-a5bb-11eb-bac0-309c2364fdb6','6f192049-c881-11eb-a494-309c2364fdb6','2021-04-25 11:46:33',1,NULL,0,NULL,'2021-06-08 20:01:23'),('e24185ca-a5bb-11eb-bac0-309c2364fdb6','c54dba6f-a5bb-11eb-bac0-309c2364fdb6','3feb2832-a5b5-11eb-bac0-309c2364fdb6','2021-04-25 11:46:33',1,NULL,0,NULL,'2021-06-08 20:01:23');
/*!40000 ALTER TABLE `software_version_relation_to_operating_system` ENABLE KEYS */;
UNLOCK TABLES;
/*!50003 SET @saved_cs_client      = @@character_set_client */ ;
/*!50003 SET @saved_cs_results     = @@character_set_results */ ;
/*!50003 SET @saved_col_connection = @@collation_connection */ ;
/*!50003 SET character_set_client  = utf8mb4 */ ;
/*!50003 SET character_set_results = utf8mb4 */ ;
/*!50003 SET collation_connection  = utf8mb4_0900_ai_ci */ ;
/*!50003 SET @saved_sql_mode       = @@sql_mode */ ;
/*!50003 SET sql_mode              = 'STRICT_TRANS_TABLES,NO_ENGINE_SUBSTITUTION' */ ;
DELIMITER ;;
/*!50003 CREATE*/ /*!50017 DEFINER=`rest`@`%`*/ /*!50003 TRIGGER `software_version_relation_to_operating_system_arch_BEFORE_INSERT` BEFORE INSERT ON `software_version_relation_to_operating_system` FOR EACH ROW BEGIN 	SET new.creation_datetime = NOW();   END */;;
DELIMITER ;
/*!50003 SET sql_mode              = @saved_sql_mode */ ;
/*!50003 SET character_set_client  = @saved_cs_client */ ;
/*!50003 SET character_set_results = @saved_cs_results */ ;
/*!50003 SET collation_connection  = @saved_col_connection */ ;
/*!50003 SET @saved_cs_client      = @@character_set_client */ ;
/*!50003 SET @saved_cs_results     = @@character_set_results */ ;
/*!50003 SET @saved_col_connection = @@collation_connection */ ;
/*!50003 SET character_set_client  = utf8mb4 */ ;
/*!50003 SET character_set_results = utf8mb4 */ ;
/*!50003 SET collation_connection  = utf8mb4_0900_ai_ci */ ;
/*!50003 SET @saved_sql_mode       = @@sql_mode */ ;
/*!50003 SET sql_mode              = 'STRICT_TRANS_TABLES,NO_ENGINE_SUBSTITUTION' */ ;
DELIMITER ;;
/*!50003 CREATE*/ /*!50017 DEFINER=`rest`@`%`*/ /*!50003 TRIGGER `software_version_relation_to_operating_system_arch_BEFORE_UPDATE` BEFORE UPDATE ON `software_version_relation_to_operating_system` FOR EACH ROW BEGIN 	SET new.changed_datetime = NOW();END */;;
DELIMITER ;
/*!50003 SET sql_mode              = @saved_sql_mode */ ;
/*!50003 SET character_set_client  = @saved_cs_client */ ;
/*!50003 SET character_set_results = @saved_cs_results */ ;
/*!50003 SET collation_connection  = @saved_col_connection */ ;

--
-- Table structure for table `system_message_user`
--

DROP TABLE IF EXISTS `system_message_user`;
/*!40101 SET @saved_cs_client     = @@character_set_client */;
/*!50503 SET character_set_client = utf8mb4 */;
CREATE TABLE `system_message_user` (
  `uuid` varchar(36) NOT NULL,
  `user` varchar(128) NOT NULL,
  `password` varchar(45) NOT NULL,
  `communication_medium_uuid` varchar(36) NOT NULL,
  `creation_datetime` timestamp NULL DEFAULT CURRENT_TIMESTAMP,
  `active` tinyint NOT NULL DEFAULT '1',
  `activation_datetime` datetime DEFAULT NULL,
  `deleted` tinyint DEFAULT '0',
  `deletion_datetime` datetime DEFAULT NULL,
  `changed_datetime` datetime DEFAULT NULL,
  PRIMARY KEY (`user`,`communication_medium_uuid`),
  KEY `user_Idx` (`user`),
  KEY `fk_sysMsgUserToCommMedium_idx` (`communication_medium_uuid`),
  CONSTRAINT `fk_sysMsgUserToCommMedium` FOREIGN KEY (`communication_medium_uuid`) REFERENCES `communication_medium` (`uuid`)
) ENGINE=InnoDB DEFAULT CHARSET=utf8mb3;
/*!40101 SET character_set_client = @saved_cs_client */;

--
-- Dumping data for table `system_message_user`
--

LOCK TABLES `system_message_user` WRITE;
/*!40000 ALTER TABLE `system_message_user` DISABLE KEYS */;
INSERT INTO `system_message_user` VALUES ('1b745f22-dbe3-11eb-8cd9-842afd097283','datenschutz@helixdb.org','g9iMFhYnxGMbzs9','258b6f62-d91d-11eb-81f0-842afd097283','2021-07-03 09:43:22',1,NULL,1,NULL,'2021-07-04 17:38:36'),('1b73e51b-dbe3-11eb-8cd9-842afd097283','datenschutz@helixdb.org','g9iMFhYnxGMbzs9','6ad9523e-d91a-11eb-81f0-842afd097283','2021-07-03 09:43:22',1,NULL,1,NULL,'2021-07-04 17:38:36'),('1b743ff7-dbe3-11eb-8cd9-842afd097283','service@helixdb.org','g9iMFhYnxGMbzs9','258b6f62-d91d-11eb-81f0-842afd097283','2021-07-03 09:43:22',1,NULL,0,NULL,NULL),('1b72a750-dbe3-11eb-8cd9-842afd097283','service@helixdb.org','g9iMFhYnxGMbzs9','6ad9523e-d91a-11eb-81f0-842afd097283','2021-07-03 09:43:22',1,NULL,0,NULL,NULL),('1b747710-dbe3-11eb-8cd9-842afd097283','support@helixdb.org','g9iMFhYnxGMbzs9','258b6f62-d91d-11eb-81f0-842afd097283','2021-07-03 09:43:22',1,NULL,1,NULL,'2021-07-04 17:38:36'),('1b740830-dbe3-11eb-8cd9-842afd097283','support@helixdb.org','g9iMFhYnxGMbzs9','6ad9523e-d91a-11eb-81f0-842afd097283','2021-07-03 09:43:22',1,NULL,1,NULL,'2021-07-04 17:38:36');
/*!40000 ALTER TABLE `system_message_user` ENABLE KEYS */;
UNLOCK TABLES;
/*!50003 SET @saved_cs_client      = @@character_set_client */ ;
/*!50003 SET @saved_cs_results     = @@character_set_results */ ;
/*!50003 SET @saved_col_connection = @@collation_connection */ ;
/*!50003 SET character_set_client  = utf8mb4 */ ;
/*!50003 SET character_set_results = utf8mb4 */ ;
/*!50003 SET collation_connection  = utf8mb4_0900_ai_ci */ ;
/*!50003 SET @saved_sql_mode       = @@sql_mode */ ;
/*!50003 SET sql_mode              = 'STRICT_TRANS_TABLES,NO_ENGINE_SUBSTITUTION' */ ;
DELIMITER ;;
/*!50003 CREATE*/ /*!50017 DEFINER=`root`@`localhost`*/ /*!50003 TRIGGER `system_message_user_BEFORE_INSERT` BEFORE INSERT ON `system_message_user` FOR EACH ROW BEGIN
SET new.creation_datetime = NOW();   
END */;;
DELIMITER ;
/*!50003 SET sql_mode              = @saved_sql_mode */ ;
/*!50003 SET character_set_client  = @saved_cs_client */ ;
/*!50003 SET character_set_results = @saved_cs_results */ ;
/*!50003 SET collation_connection  = @saved_col_connection */ ;
/*!50003 SET @saved_cs_client      = @@character_set_client */ ;
/*!50003 SET @saved_cs_results     = @@character_set_results */ ;
/*!50003 SET @saved_col_connection = @@collation_connection */ ;
/*!50003 SET character_set_client  = utf8mb4 */ ;
/*!50003 SET character_set_results = utf8mb4 */ ;
/*!50003 SET collation_connection  = utf8mb4_0900_ai_ci */ ;
/*!50003 SET @saved_sql_mode       = @@sql_mode */ ;
/*!50003 SET sql_mode              = 'STRICT_TRANS_TABLES,NO_ENGINE_SUBSTITUTION' */ ;
DELIMITER ;;
/*!50003 CREATE*/ /*!50017 DEFINER=`root`@`localhost`*/ /*!50003 TRIGGER `system_message_user_BEFORE_UPDATE` BEFORE UPDATE ON `system_message_user` FOR EACH ROW BEGIN
SET new.changed_datetime = NOW();
END */;;
DELIMITER ;
/*!50003 SET sql_mode              = @saved_sql_mode */ ;
/*!50003 SET character_set_client  = @saved_cs_client */ ;
/*!50003 SET character_set_results = @saved_cs_results */ ;
/*!50003 SET collation_connection  = @saved_col_connection */ ;

--
-- Table structure for table `user`
--

DROP TABLE IF EXISTS `user`;
/*!40101 SET @saved_cs_client     = @@character_set_client */;
/*!50503 SET character_set_client = utf8mb4 */;
CREATE TABLE `user` (
  `uuid` varchar(36) NOT NULL,
  `user_type_uuid` varchar(36) NOT NULL,
  `account_uuid` varchar(36) NOT NULL,
  `user` varchar(20) NOT NULL,
  `password` varchar(45) NOT NULL,
  `first_name` varchar(45) DEFAULT NULL,
  `last_name` varchar(45) DEFAULT NULL,
  `phone` varchar(45) DEFAULT NULL,
  `date_of_birth` date DEFAULT NULL,
  `activation_code` varchar(4) DEFAULT NULL,
  `activation_token` varchar(1024) DEFAULT NULL,
  `max_auth_token` int NOT NULL DEFAULT '1',
  `creation_datetime` timestamp NULL DEFAULT CURRENT_TIMESTAMP,
  `active` tinyint NOT NULL DEFAULT '1',
  `activation_datetime` datetime DEFAULT NULL,
  `deleted` tinyint DEFAULT '0',
  `deletion_datetime` datetime DEFAULT NULL,
  `changed_datetime` datetime DEFAULT NULL,
  `api_access_granted` tinyint NOT NULL DEFAULT '0' COMMENT 'Wenn Software bezahlt erhlt er API Access',
  `user_profile_pic_file_ext` varchar(5) DEFAULT NULL,
  PRIMARY KEY (`uuid`),
  KEY `fk_userToUserType_idx` (`user_type_uuid`),
  KEY `fk_userToAccount_idx` (`account_uuid`),
  CONSTRAINT `fk_userToAccount` FOREIGN KEY (`account_uuid`) REFERENCES `account` (`uuid`),
  CONSTRAINT `fk_userToUserType` FOREIGN KEY (`user_type_uuid`) REFERENCES `user_type` (`uuid`)
) ENGINE=InnoDB DEFAULT CHARSET=utf8mb3;
/*!40101 SET character_set_client = @saved_cs_client */;

--
-- Dumping data for table `user`
--

LOCK TABLES `user` WRITE;
/*!40000 ALTER TABLE `user` DISABLE KEYS */;
INSERT INTO `user` VALUES ('3e166107-be6a-11eb-9f54-842afd097283','7340425e-a5b5-11eb-bac0-309c2364fdb6','dcd8ec4e-bfa2-11eb-a11f-309c2364fdb6','test2','098f6bcd4621d373cade4e832627b4f6',NULL,NULL,NULL,NULL,NULL,NULL,1,'2021-05-26 21:35:08',1,NULL,0,NULL,'2021-11-13 16:41:59',1,NULL),('6c7d07e0-a5b5-11eb-bac0-309c2364fdb6','7340425e-a5b5-11eb-bac0-309c2364fdb6','dcd8ac39-bfa2-11eb-a11f-309c2364fdb6','test','098f6bcd4621d373cade4e832627b4f6',NULL,NULL,NULL,NULL,NULL,NULL,1,'2021-04-25 11:00:19',1,NULL,0,NULL,'2021-11-13 16:41:59',1,'.jpg'),('d0f751a8-3425-11ec-b696-d8bbc10f2ae0','0e1244f8-1ca3-11ec-a4a4-d8bbc10f2ae0','d0eb95d2-3425-11ec-b696-d8bbc10f2ae0','mika-roos@web.de','ecdb9464e6fadfbbff7e7fc139405e61','test','test','02373177057',NULL,'7540','eyJhbGciOiJIUzUxMiIsInR5cCI6IkpXVCJ9.eyJ1dWlkIjoiMDAwMDAwMDAtMDAwMC0wMDAwLTAwMDAtMDAwMDAwMDAwMDAwIiwidXNlciI6Im1pa2Etcm9vc0B3ZWIuZGUiLCJ1c2VyX3R5cGVfaWQiOiIwMDAwMDAwMC0wMDAwLTAwMDAtMDAwMC0wMDAwMDAwMDAwMDAiLCJlbWFpbCI6IjAwMDAwMDAwLTAwMDAtMDAwMC0wMDAwLTAwMDAwMDAwMDAwMCIsImV4cGlyZXNfdGltZSI6IjA3LjExLjIwMjEgMTQ6NDY6MDYiLCJuYmYiOjE2MzU2ODc5NjYsImV4cCI6MTYzNjI5Mjc2NiwiaWF0IjoxNjM1Njg3OTY2fQ.jPk4rsd3ERkX4wiABLioNmv9zmS-zGyB-o78t4RceBnfquRJlRsOIO4JuVQ8RkQJsZTbxCH91UFxZFTezoZ2aQ',1,'2021-10-23 17:22:36',1,NULL,0,NULL,'2021-11-27 17:34:50',1,NULL),('f8708bc4-1ca5-11ec-a4a4-d8bbc10f2ae0','0e1244f8-1ca3-11ec-a4a4-d8bbc10f2ae0','edf04962-1ca5-11ec-a4a4-d8bbc10f2ae0','root','63a9f0ea7bb98050796b649e85481845',NULL,NULL,NULL,NULL,NULL,NULL,1,'2021-09-23 19:39:30',1,NULL,0,NULL,'2021-11-13 16:41:59',1,NULL);
/*!40000 ALTER TABLE `user` ENABLE KEYS */;
UNLOCK TABLES;
/*!50003 SET @saved_cs_client      = @@character_set_client */ ;
/*!50003 SET @saved_cs_results     = @@character_set_results */ ;
/*!50003 SET @saved_col_connection = @@collation_connection */ ;
/*!50003 SET character_set_client  = utf8mb4 */ ;
/*!50003 SET character_set_results = utf8mb4 */ ;
/*!50003 SET collation_connection  = utf8mb4_0900_ai_ci */ ;
/*!50003 SET @saved_sql_mode       = @@sql_mode */ ;
/*!50003 SET sql_mode              = 'STRICT_TRANS_TABLES,NO_ENGINE_SUBSTITUTION' */ ;
DELIMITER ;;
/*!50003 CREATE*/ /*!50017 DEFINER=`rest`@`%`*/ /*!50003 TRIGGER `user_BEFORE_INSERT` BEFORE INSERT ON `user` FOR EACH ROW BEGIN 	SET new.creation_datetime = NOW();   END */;;
DELIMITER ;
/*!50003 SET sql_mode              = @saved_sql_mode */ ;
/*!50003 SET character_set_client  = @saved_cs_client */ ;
/*!50003 SET character_set_results = @saved_cs_results */ ;
/*!50003 SET collation_connection  = @saved_col_connection */ ;
/*!50003 SET @saved_cs_client      = @@character_set_client */ ;
/*!50003 SET @saved_cs_results     = @@character_set_results */ ;
/*!50003 SET @saved_col_connection = @@collation_connection */ ;
/*!50003 SET character_set_client  = utf8mb4 */ ;
/*!50003 SET character_set_results = utf8mb4 */ ;
/*!50003 SET collation_connection  = utf8mb4_0900_ai_ci */ ;
/*!50003 SET @saved_sql_mode       = @@sql_mode */ ;
/*!50003 SET sql_mode              = 'STRICT_TRANS_TABLES,NO_ENGINE_SUBSTITUTION' */ ;
DELIMITER ;;
/*!50003 CREATE*/ /*!50017 DEFINER=`rest`@`%`*/ /*!50003 TRIGGER `user_BEFORE_UPDATE` BEFORE UPDATE ON `user` FOR EACH ROW BEGIN 	SET new.changed_datetime = NOW();END */;;
DELIMITER ;
/*!50003 SET sql_mode              = @saved_sql_mode */ ;
/*!50003 SET character_set_client  = @saved_cs_client */ ;
/*!50003 SET character_set_results = @saved_cs_results */ ;
/*!50003 SET collation_connection  = @saved_col_connection */ ;

--
-- Temporary view structure for view `user_active_view`
--

DROP TABLE IF EXISTS `user_active_view`;
/*!50001 DROP VIEW IF EXISTS `user_active_view`*/;
SET @saved_cs_client     = @@character_set_client;
/*!50503 SET character_set_client = utf8mb4 */;
/*!50001 CREATE VIEW `user_active_view` AS SELECT 
 1 AS `uuid`,
 1 AS `user_type_uuid`,
 1 AS `account_uuid`,
 1 AS `user`,
 1 AS `password`,
 1 AS `max_auth_token`,
 1 AS `creation_datetime`,
 1 AS `active`,
 1 AS `activation_datetime`,
 1 AS `deleted`,
 1 AS `deletion_datetime`,
 1 AS `changed_datetime`,
 1 AS `api_access_granted`,
 1 AS `user_profile_pic_file_ext`*/;
SET character_set_client = @saved_cs_client;

--
-- Table structure for table `user_relation_to_role`
--

DROP TABLE IF EXISTS `user_relation_to_role`;
/*!40101 SET @saved_cs_client     = @@character_set_client */;
/*!50503 SET character_set_client = utf8mb4 */;
CREATE TABLE `user_relation_to_role` (
  `uuid` varchar(36) NOT NULL,
  `user_uuid` varchar(36) NOT NULL,
  `role_uuid` varchar(36) NOT NULL,
  `creation_datetime` timestamp NULL DEFAULT CURRENT_TIMESTAMP,
  `active` tinyint NOT NULL DEFAULT '1',
  `activation_datetime` datetime DEFAULT NULL,
  `deleted` tinyint DEFAULT '0',
  `deletion_datetime` datetime DEFAULT NULL,
  `changed_datetime` datetime DEFAULT NULL,
  PRIMARY KEY (`user_uuid`,`role_uuid`),
  KEY `fk_userRoleToRole_idx` (`role_uuid`),
  KEY `fk_userRoleToUser_idx` (`user_uuid`),
  CONSTRAINT `fk_userRoleToRole` FOREIGN KEY (`role_uuid`) REFERENCES `role` (`uuid`),
  CONSTRAINT `fk_userRoleToUser` FOREIGN KEY (`user_uuid`) REFERENCES `user` (`uuid`)
) ENGINE=InnoDB DEFAULT CHARSET=utf8mb3;
/*!40101 SET character_set_client = @saved_cs_client */;

--
-- Dumping data for table `user_relation_to_role`
--

LOCK TABLES `user_relation_to_role` WRITE;
/*!40000 ALTER TABLE `user_relation_to_role` DISABLE KEYS */;
INSERT INTO `user_relation_to_role` VALUES ('5160a65e-bec5-11eb-8e36-309c2364fdb6','3e166107-be6a-11eb-9f54-842afd097283','4c155424-a5b5-11eb-bac0-309c2364fdb6','2021-05-27 08:27:04',1,NULL,0,NULL,'2021-05-27 12:45:46'),('4a1b3cd4-bec2-11eb-8e36-309c2364fdb6','6c7d07e0-a5b5-11eb-bac0-309c2364fdb6','4c155424-a5b5-11eb-bac0-309c2364fdb6','2021-05-27 08:05:24',1,NULL,0,NULL,NULL),('54380de7-1cad-11ec-a4a4-d8bbc10f2ae0','f8708bc4-1ca5-11ec-a4a4-d8bbc10f2ae0','2a9e2014-1ca4-11ec-a4a4-d8bbc10f2ae0','2021-09-23 20:32:10',1,NULL,0,NULL,NULL);
/*!40000 ALTER TABLE `user_relation_to_role` ENABLE KEYS */;
UNLOCK TABLES;
/*!50003 SET @saved_cs_client      = @@character_set_client */ ;
/*!50003 SET @saved_cs_results     = @@character_set_results */ ;
/*!50003 SET @saved_col_connection = @@collation_connection */ ;
/*!50003 SET character_set_client  = utf8mb4 */ ;
/*!50003 SET character_set_results = utf8mb4 */ ;
/*!50003 SET collation_connection  = utf8mb4_0900_ai_ci */ ;
/*!50003 SET @saved_sql_mode       = @@sql_mode */ ;
/*!50003 SET sql_mode              = 'STRICT_TRANS_TABLES,NO_ENGINE_SUBSTITUTION' */ ;
DELIMITER ;;
/*!50003 CREATE*/ /*!50017 DEFINER=`rest`@`%`*/ /*!50003 TRIGGER `user_relation_to_role_BEFORE_INSERT` BEFORE INSERT ON `user_relation_to_role` FOR EACH ROW BEGIN 	SET new.creation_datetime = NOW();   END */;;
DELIMITER ;
/*!50003 SET sql_mode              = @saved_sql_mode */ ;
/*!50003 SET character_set_client  = @saved_cs_client */ ;
/*!50003 SET character_set_results = @saved_cs_results */ ;
/*!50003 SET collation_connection  = @saved_col_connection */ ;
/*!50003 SET @saved_cs_client      = @@character_set_client */ ;
/*!50003 SET @saved_cs_results     = @@character_set_results */ ;
/*!50003 SET @saved_col_connection = @@collation_connection */ ;
/*!50003 SET character_set_client  = utf8mb4 */ ;
/*!50003 SET character_set_results = utf8mb4 */ ;
/*!50003 SET collation_connection  = utf8mb4_0900_ai_ci */ ;
/*!50003 SET @saved_sql_mode       = @@sql_mode */ ;
/*!50003 SET sql_mode              = 'STRICT_TRANS_TABLES,NO_ENGINE_SUBSTITUTION' */ ;
DELIMITER ;;
/*!50003 CREATE*/ /*!50017 DEFINER=`rest`@`%`*/ /*!50003 TRIGGER `user_relation_to_role_BEFORE_UPDATE` BEFORE UPDATE ON `user_relation_to_role` FOR EACH ROW BEGIN 	SET new.changed_datetime = NOW();END */;;
DELIMITER ;
/*!50003 SET sql_mode              = @saved_sql_mode */ ;
/*!50003 SET character_set_client  = @saved_cs_client */ ;
/*!50003 SET character_set_results = @saved_cs_results */ ;
/*!50003 SET collation_connection  = @saved_col_connection */ ;

--
-- Temporary view structure for view `user_role_view`
--

DROP TABLE IF EXISTS `user_role_view`;
/*!50001 DROP VIEW IF EXISTS `user_role_view`*/;
SET @saved_cs_client     = @@character_set_client;
/*!50503 SET character_set_client = utf8mb4 */;
/*!50001 CREATE VIEW `user_role_view` AS SELECT 
 1 AS `uuid`,
 1 AS `name`,
 1 AS `description`,
 1 AS `creation_datetime`,
 1 AS `active`,
 1 AS `activation_datetime`,
 1 AS `deleted`,
 1 AS `deletion_datetime`,
 1 AS `changed_datetime`,
 1 AS `user_uuid`*/;
SET character_set_client = @saved_cs_client;

--
-- Temporary view structure for view `user_roles`
--

DROP TABLE IF EXISTS `user_roles`;
/*!50001 DROP VIEW IF EXISTS `user_roles`*/;
SET @saved_cs_client     = @@character_set_client;
/*!50503 SET character_set_client = utf8mb4 */;
/*!50001 CREATE VIEW `user_roles` AS SELECT 
 1 AS `user_uuid`,
 1 AS `user`,
 1 AS `role`,
 1 AS `http_method`,
 1 AS `crud`,
 1 AS `flag`,
 1 AS `route`,
 1 AS `controller`,
 1 AS `max_request_per_hour`,
 1 AS `max_time_after_request_in_ms`*/;
SET character_set_client = @saved_cs_client;

--
-- Table structure for table `user_type`
--

DROP TABLE IF EXISTS `user_type`;
/*!40101 SET @saved_cs_client     = @@character_set_client */;
/*!50503 SET character_set_client = utf8mb4 */;
CREATE TABLE `user_type` (
  `uuid` varchar(36) NOT NULL DEFAULT 'UUID',
  `name` varchar(45) NOT NULL,
  `creation_datetime` timestamp NULL DEFAULT CURRENT_TIMESTAMP,
  `active` tinyint NOT NULL DEFAULT '1',
  `activation_datetime` datetime DEFAULT NULL,
  `deleted` tinyint DEFAULT '0',
  `deletion_datetime` datetime DEFAULT NULL,
  `changed_datetime` datetime DEFAULT NULL,
  PRIMARY KEY (`uuid`)
) ENGINE=InnoDB DEFAULT CHARSET=utf8mb3;
/*!40101 SET character_set_client = @saved_cs_client */;

--
-- Dumping data for table `user_type`
--

LOCK TABLES `user_type` WRITE;
/*!40000 ALTER TABLE `user_type` DISABLE KEYS */;
INSERT INTO `user_type` VALUES ('0e1244f8-1ca3-11ec-a4a4-d8bbc10f2ae0','root','2021-09-23 19:18:38',1,NULL,0,NULL,NULL),('733fd09c-a5b5-11eb-bac0-309c2364fdb6','Administrator','2021-04-25 11:00:30',1,NULL,0,NULL,NULL),('7340425e-a5b5-11eb-bac0-309c2364fdb6','User','2021-04-25 11:00:30',1,NULL,0,NULL,NULL);
/*!40000 ALTER TABLE `user_type` ENABLE KEYS */;
UNLOCK TABLES;
/*!50003 SET @saved_cs_client      = @@character_set_client */ ;
/*!50003 SET @saved_cs_results     = @@character_set_results */ ;
/*!50003 SET @saved_col_connection = @@collation_connection */ ;
/*!50003 SET character_set_client  = utf8mb4 */ ;
/*!50003 SET character_set_results = utf8mb4 */ ;
/*!50003 SET collation_connection  = utf8mb4_0900_ai_ci */ ;
/*!50003 SET @saved_sql_mode       = @@sql_mode */ ;
/*!50003 SET sql_mode              = 'STRICT_TRANS_TABLES,NO_ENGINE_SUBSTITUTION' */ ;
DELIMITER ;;
/*!50003 CREATE*/ /*!50017 DEFINER=`rest`@`%`*/ /*!50003 TRIGGER `user_type_BEFORE_INSERT` BEFORE INSERT ON `user_type` FOR EACH ROW BEGIN 	SET new.creation_datetime = NOW();   END */;;
DELIMITER ;
/*!50003 SET sql_mode              = @saved_sql_mode */ ;
/*!50003 SET character_set_client  = @saved_cs_client */ ;
/*!50003 SET character_set_results = @saved_cs_results */ ;
/*!50003 SET collation_connection  = @saved_col_connection */ ;
/*!50003 SET @saved_cs_client      = @@character_set_client */ ;
/*!50003 SET @saved_cs_results     = @@character_set_results */ ;
/*!50003 SET @saved_col_connection = @@collation_connection */ ;
/*!50003 SET character_set_client  = utf8mb4 */ ;
/*!50003 SET character_set_results = utf8mb4 */ ;
/*!50003 SET collation_connection  = utf8mb4_0900_ai_ci */ ;
/*!50003 SET @saved_sql_mode       = @@sql_mode */ ;
/*!50003 SET sql_mode              = 'STRICT_TRANS_TABLES,NO_ENGINE_SUBSTITUTION' */ ;
DELIMITER ;;
/*!50003 CREATE*/ /*!50017 DEFINER=`rest`@`%`*/ /*!50003 TRIGGER `user_type_BEFORE_UPDATE` BEFORE UPDATE ON `user_type` FOR EACH ROW BEGIN 	SET new.changed_datetime = NOW();END */;;
DELIMITER ;
/*!50003 SET sql_mode              = @saved_sql_mode */ ;
/*!50003 SET character_set_client  = @saved_cs_client */ ;
/*!50003 SET character_set_results = @saved_cs_results */ ;
/*!50003 SET collation_connection  = @saved_col_connection */ ;

--
-- Table structure for table `version_type`
--

DROP TABLE IF EXISTS `version_type`;
/*!40101 SET @saved_cs_client     = @@character_set_client */;
/*!50503 SET character_set_client = utf8mb4 */;
CREATE TABLE `version_type` (
  `uuid` varchar(36) NOT NULL DEFAULT 'UUID',
  `name` varchar(90) DEFAULT NULL,
  `description` varchar(256) DEFAULT NULL,
  `creation_datetime` timestamp NULL DEFAULT CURRENT_TIMESTAMP,
  `active` tinyint NOT NULL DEFAULT '1',
  `activation_datetime` datetime DEFAULT NULL,
  `deleted` tinyint DEFAULT '0',
  `deletion_datetime` datetime DEFAULT NULL,
  `changed_datetime` datetime DEFAULT NULL,
  PRIMARY KEY (`uuid`)
) ENGINE=InnoDB DEFAULT CHARSET=utf8mb3;
/*!40101 SET character_set_client = @saved_cs_client */;

--
-- Dumping data for table `version_type`
--

LOCK TABLES `version_type` WRITE;
/*!40000 ALTER TABLE `version_type` DISABLE KEYS */;
INSERT INTO `version_type` VALUES ('78edf51c-a5b5-11eb-bac0-309c2364fdb6','Long-term support','LTS','2021-04-25 11:00:40',1,NULL,0,NULL,'2021-05-27 11:43:17'),('78ee562a-a5b5-11eb-bac0-309c2364fdb6','Short term support','STS','2021-04-25 11:00:40',1,NULL,0,NULL,'2021-05-27 11:43:17'),('78ee5778-a5b5-11eb-bac0-309c2364fdb6','Beta','Pre LTS & STS','2021-04-25 11:00:40',1,NULL,0,NULL,'2021-05-27 11:43:17'),('78ee5d00-a5b5-11eb-bac0-309c2364fdb6','Alpha','Pre Beta','2021-04-25 11:00:40',1,NULL,0,NULL,'2021-05-27 11:43:17'),('78ee5dce-a5b5-11eb-bac0-309c2364fdb6','RC','Release Candidate','2021-04-25 11:00:40',1,NULL,0,NULL,'2021-05-27 11:43:17');
/*!40000 ALTER TABLE `version_type` ENABLE KEYS */;
UNLOCK TABLES;
/*!50003 SET @saved_cs_client      = @@character_set_client */ ;
/*!50003 SET @saved_cs_results     = @@character_set_results */ ;
/*!50003 SET @saved_col_connection = @@collation_connection */ ;
/*!50003 SET character_set_client  = utf8mb4 */ ;
/*!50003 SET character_set_results = utf8mb4 */ ;
/*!50003 SET collation_connection  = utf8mb4_0900_ai_ci */ ;
/*!50003 SET @saved_sql_mode       = @@sql_mode */ ;
/*!50003 SET sql_mode              = 'STRICT_TRANS_TABLES,NO_ENGINE_SUBSTITUTION' */ ;
DELIMITER ;;
/*!50003 CREATE*/ /*!50017 DEFINER=`rest`@`%`*/ /*!50003 TRIGGER `version_type_BEFORE_INSERT` BEFORE INSERT ON `version_type` FOR EACH ROW BEGIN 	SET new.creation_datetime = NOW();   END */;;
DELIMITER ;
/*!50003 SET sql_mode              = @saved_sql_mode */ ;
/*!50003 SET character_set_client  = @saved_cs_client */ ;
/*!50003 SET character_set_results = @saved_cs_results */ ;
/*!50003 SET collation_connection  = @saved_col_connection */ ;
/*!50003 SET @saved_cs_client      = @@character_set_client */ ;
/*!50003 SET @saved_cs_results     = @@character_set_results */ ;
/*!50003 SET @saved_col_connection = @@collation_connection */ ;
/*!50003 SET character_set_client  = utf8mb4 */ ;
/*!50003 SET character_set_results = utf8mb4 */ ;
/*!50003 SET collation_connection  = utf8mb4_0900_ai_ci */ ;
/*!50003 SET @saved_sql_mode       = @@sql_mode */ ;
/*!50003 SET sql_mode              = 'STRICT_TRANS_TABLES,NO_ENGINE_SUBSTITUTION' */ ;
DELIMITER ;;
/*!50003 CREATE*/ /*!50017 DEFINER=`rest`@`%`*/ /*!50003 TRIGGER `version_type_BEFORE_UPDATE` BEFORE UPDATE ON `version_type` FOR EACH ROW BEGIN 	SET new.changed_datetime = NOW();END */;;
DELIMITER ;
/*!50003 SET sql_mode              = @saved_sql_mode */ ;
/*!50003 SET character_set_client  = @saved_cs_client */ ;
/*!50003 SET character_set_results = @saved_cs_results */ ;
/*!50003 SET collation_connection  = @saved_col_connection */ ;

--
-- Dumping events for database 'rest_api'
--

--
-- Dumping routines for database 'rest_api'
--
/*!50003 DROP PROCEDURE IF EXISTS `AlterTableAddColumnIfNotExists` */;
/*!50003 SET @saved_cs_client      = @@character_set_client */ ;
/*!50003 SET @saved_cs_results     = @@character_set_results */ ;
/*!50003 SET @saved_col_connection = @@collation_connection */ ;
/*!50003 SET character_set_client  = utf8mb4 */ ;
/*!50003 SET character_set_results = utf8mb4 */ ;
/*!50003 SET collation_connection  = utf8mb4_0900_ai_ci */ ;
/*!50003 SET @saved_sql_mode       = @@sql_mode */ ;
/*!50003 SET sql_mode              = 'STRICT_TRANS_TABLES,NO_ENGINE_SUBSTITUTION' */ ;
DELIMITER ;;
CREATE DEFINER=`rest`@`%` PROCEDURE `AlterTableAddColumnIfNotExists`(schema_n varchar(64),tbl varchar(64),col_name varchar(64),alter_statement text)
BEGIN
	
	SET @statement_altertable = CONCAT('ALTER TABLE `',schema_n,'`.`',tbl,'` ',alter_statement);
	PREPARE exec_statement_altertable FROM @statement_altertable;

	set @statement_result = null;
	SET @statement = CONCAT('SELECT COUNT(*) into @statement_result FROM information_schema.COLUMNS WHERE TABLE_SCHEMA =  \'',schema_n,'\' AND TABLE_NAME =  \'',tbl,'\' AND COLUMN_NAME =  \'',col_name,'\';');
    PREPARE exec_statement FROM @statement;
    EXECUTE exec_statement;
	if ((SELECT @statement_result) = 1) THEN
		SET @statement_altertabledrop = CONCAT('ALTER TABLE `',schema_n,'`.`',tbl,'` drop column `',col_name,'`;');
		PREPARE exec_statement_altertabledrop FROM @statement_altertabledrop;
		EXECUTE exec_statement_altertabledrop;
		DEALLOCATE PREPARE exec_statement_altertabledrop; 
        
		EXECUTE exec_statement_altertable;
	else 
		
		EXECUTE exec_statement_altertable;
    END IF;
    
	DEALLOCATE PREPARE exec_statement_altertable; 
	DEALLOCATE PREPARE exec_statement; 
END ;;
DELIMITER ;
/*!50003 SET sql_mode              = @saved_sql_mode */ ;
/*!50003 SET character_set_client  = @saved_cs_client */ ;
/*!50003 SET character_set_results = @saved_cs_results */ ;
/*!50003 SET collation_connection  = @saved_col_connection */ ;
/*!50003 DROP PROCEDURE IF EXISTS `AlterTableDropColumn` */;
/*!50003 SET @saved_cs_client      = @@character_set_client */ ;
/*!50003 SET @saved_cs_results     = @@character_set_results */ ;
/*!50003 SET @saved_col_connection = @@collation_connection */ ;
/*!50003 SET character_set_client  = utf8mb4 */ ;
/*!50003 SET character_set_results = utf8mb4 */ ;
/*!50003 SET collation_connection  = utf8mb4_0900_ai_ci */ ;
/*!50003 SET @saved_sql_mode       = @@sql_mode */ ;
/*!50003 SET sql_mode              = 'STRICT_TRANS_TABLES,NO_ENGINE_SUBSTITUTION' */ ;
DELIMITER ;;
CREATE DEFINER=`rest`@`%` PROCEDURE `AlterTableDropColumn`(schema_n varchar(64),tbl varchar(64),col_name varchar(64))
BEGIN
	set @statement_result = null;
	SET @statement = CONCAT('SELECT COUNT(*) into @statement_result FROM information_schema.COLUMNS WHERE TABLE_SCHEMA =  \'',schema_n,'\' AND TABLE_NAME =  \'',tbl,'\' AND COLUMN_NAME =  \'',col_name,'\';');
    
    PREPARE exec_statement FROM @statement;
    EXECUTE exec_statement;
	if ((SELECT @statement_result) = 1) THEN
		SET @statement_altertable = CONCAT('ALTER TABLE `',schema_n,'`.`',tbl,'` drop column `',col_name,'`;');
		PREPARE exec_statement_altertable FROM @statement_altertable;
		EXECUTE exec_statement_altertable;
		DEALLOCATE PREPARE exec_statement_altertable; 
		
    END IF;
    
	DEALLOCATE PREPARE exec_statement; 
END ;;
DELIMITER ;
/*!50003 SET sql_mode              = @saved_sql_mode */ ;
/*!50003 SET character_set_client  = @saved_cs_client */ ;
/*!50003 SET character_set_results = @saved_cs_results */ ;
/*!50003 SET collation_connection  = @saved_col_connection */ ;

--
-- Final view structure for view `class_relation_to_class_view`
--

/*!50001 DROP VIEW IF EXISTS `class_relation_to_class_view`*/;
/*!50001 SET @saved_cs_client          = @@character_set_client */;
/*!50001 SET @saved_cs_results         = @@character_set_results */;
/*!50001 SET @saved_col_connection     = @@collation_connection */;
/*!50001 SET character_set_client      = utf8mb4 */;
/*!50001 SET character_set_results     = utf8mb4 */;
/*!50001 SET collation_connection      = utf8mb4_0900_ai_ci */;
/*!50001 CREATE ALGORITHM=UNDEFINED */
/*!50013 DEFINER=`root`@`localhost` SQL SECURITY DEFINER */
/*!50001 VIEW `class_relation_to_class_view` AS select `c`.`assembly` AS `assembly`,`c`.`namespace` AS `namespace`,`c`.`net_name` AS `net_name`,`c`.`table_name` AS `table_name`,`cr`.`uuid` AS `uuid`,`cr`.`direction` AS `direction`,`cr`.`entity_one_class_uuid` AS `entity_one_class_uuid`,`cr`.`entity_one` AS `entity_one`,`cr`.`entity_one_key_col` AS `entity_one_key_col`,`cr`.`entity_one_relationship_type_uuid` AS `entity_one_relationship_type_uuid`,`cr`.`entity_two_relationship_type_uuid` AS `entity_two_relationship_type_uuid`,`cr`.`entity_two` AS `entity_two`,`cr`.`entity_two_class_uuid` AS `entity_two_class_uuid`,`cr`.`entity_two_key_col` AS `entity_two_key_col`,`cr`.`creation_datetime` AS `creation_datetime`,`cr`.`active` AS `active`,`cr`.`activation_datetime` AS `activation_datetime`,`cr`.`deleted` AS `deleted`,`cr`.`deletion_datetime` AS `deletion_datetime`,`cr`.`changed_datetime` AS `changed_datetime`,(case when (`crc`.`controller_uuid` is null) then 0 else 1 end) AS `has_controller`,`con`.`name` AS `controller_name`,`con`.`uuid` AS `controller_uuid` from (((`class` `c` left join `class_relation` `cr` on((`c`.`uuid` = `cr`.`entity_two_class_uuid`))) left join `controller_relation_to_class` `crc` on((`c`.`uuid` = `crc`.`class_uuid`))) left join `controller` `con` on((`con`.`uuid` = `crc`.`controller_uuid`))) */;
/*!50001 SET character_set_client      = @saved_cs_client */;
/*!50001 SET character_set_results     = @saved_cs_results */;
/*!50001 SET collation_connection      = @saved_col_connection */;

--
-- Final view structure for view `class_relation_to_controller_view`
--

/*!50001 DROP VIEW IF EXISTS `class_relation_to_controller_view`*/;
/*!50001 SET @saved_cs_client          = @@character_set_client */;
/*!50001 SET @saved_cs_results         = @@character_set_results */;
/*!50001 SET @saved_col_connection     = @@collation_connection */;
/*!50001 SET character_set_client      = utf8mb4 */;
/*!50001 SET character_set_results     = utf8mb4 */;
/*!50001 SET collation_connection      = utf8mb4_0900_ai_ci */;
/*!50001 CREATE ALGORITHM=UNDEFINED */
/*!50013 DEFINER=`root`@`localhost` SQL SECURITY DEFINER */
/*!50001 VIEW `class_relation_to_controller_view` AS select `c`.`uuid` AS `class_uuid`,`c`.`assembly` AS `assembly`,`c`.`namespace` AS `namespace`,`c`.`net_name` AS `net_name`,`c`.`table_name` AS `table_name`,`ccr`.`controller_uuid` AS `controller_uuid`,`cr`.`name` AS `name`,`cr`.`api_uuid` AS `api_uuid` from ((`class` `c` left join `controller_relation_to_class` `ccr` on((`c`.`uuid` = `ccr`.`class_uuid`))) left join `controller` `cr` on((`ccr`.`controller_uuid` = `cr`.`uuid`))) */;
/*!50001 SET character_set_client      = @saved_cs_client */;
/*!50001 SET character_set_results     = @saved_cs_results */;
/*!50001 SET collation_connection      = @saved_col_connection */;

--
-- Final view structure for view `role_to_controller_view`
--

/*!50001 DROP VIEW IF EXISTS `role_to_controller_view`*/;
/*!50001 SET @saved_cs_client          = @@character_set_client */;
/*!50001 SET @saved_cs_results         = @@character_set_results */;
/*!50001 SET @saved_col_connection     = @@collation_connection */;
/*!50001 SET character_set_client      = utf8mb4 */;
/*!50001 SET character_set_results     = utf8mb4 */;
/*!50001 SET collation_connection      = utf8mb4_0900_ai_ci */;
/*!50001 CREATE ALGORITHM=UNDEFINED */
/*!50013 DEFINER=`rest`@`%` SQL SECURITY DEFINER */
/*!50001 VIEW `role_to_controller_view` AS select `rrtcarth`.`uuid` AS `uuid`,`r`.`uuid` AS `role_uuid`,`r`.`name` AS `role`,`hm`.`name` AS `http_method`,`carth`.`action_route` AS `route`,`cr`.`name` AS `crud`,`cr`.`flag` AS `flag`,`r`.`max_request_per_hour` AS `max_request_per_hour`,`r`.`max_time_after_request_in_ms` AS `max_time_after_request_in_ms`,`c`.`name` AS `controller`,`c`.`uuid` AS `controller_uuid`,`c`.`deleted` AS `deleted`,`c`.`active` AS `active` from ((((((`role` `r` join `role_relation_to_controller_action_relation_to_http_method` `rrtcarth` on((`rrtcarth`.`role_uuid` = `r`.`uuid`))) join `controller_action_relation_to_http_method` `carth` on((`carth`.`uuid` = `rrtcarth`.`controller_action_relation_to_http_method_uuid`))) join `controller_action` `ca` on((`ca`.`uuid` = `carth`.`controller_action_uuid`))) join `http_method` `hm` on((`hm`.`uuid` = `carth`.`http_method_uuid`))) join `crud` `cr` on((`cr`.`uuid` = `hm`.`crud_uuid`))) join `controller` `c` on((`c`.`uuid` = `ca`.`controller_uuid`))) group by `rrtcarth`.`uuid` */;
/*!50001 SET character_set_client      = @saved_cs_client */;
/*!50001 SET character_set_results     = @saved_cs_results */;
/*!50001 SET collation_connection      = @saved_col_connection */;

--
-- Final view structure for view `user_active_view`
--

/*!50001 DROP VIEW IF EXISTS `user_active_view`*/;
/*!50001 SET @saved_cs_client          = @@character_set_client */;
/*!50001 SET @saved_cs_results         = @@character_set_results */;
/*!50001 SET @saved_col_connection     = @@collation_connection */;
/*!50001 SET character_set_client      = utf8mb4 */;
/*!50001 SET character_set_results     = utf8mb4 */;
/*!50001 SET collation_connection      = utf8mb4_0900_ai_ci */;
/*!50001 CREATE ALGORITHM=UNDEFINED */
/*!50013 DEFINER=`root`@`localhost` SQL SECURITY DEFINER */
/*!50001 VIEW `user_active_view` AS select `user`.`uuid` AS `uuid`,`user`.`user_type_uuid` AS `user_type_uuid`,`user`.`account_uuid` AS `account_uuid`,`user`.`user` AS `user`,`user`.`password` AS `password`,`user`.`max_auth_token` AS `max_auth_token`,`user`.`creation_datetime` AS `creation_datetime`,`user`.`active` AS `active`,`user`.`activation_datetime` AS `activation_datetime`,`user`.`deleted` AS `deleted`,`user`.`deletion_datetime` AS `deletion_datetime`,`user`.`changed_datetime` AS `changed_datetime`,`user`.`api_access_granted` AS `api_access_granted`,`user`.`user_profile_pic_file_ext` AS `user_profile_pic_file_ext` from `user` where (`user`.`active` = 1) */;
/*!50001 SET character_set_client      = @saved_cs_client */;
/*!50001 SET character_set_results     = @saved_cs_results */;
/*!50001 SET collation_connection      = @saved_col_connection */;

--
-- Final view structure for view `user_role_view`
--

/*!50001 DROP VIEW IF EXISTS `user_role_view`*/;
/*!50001 SET @saved_cs_client          = @@character_set_client */;
/*!50001 SET @saved_cs_results         = @@character_set_results */;
/*!50001 SET @saved_col_connection     = @@collation_connection */;
/*!50001 SET character_set_client      = utf8mb4 */;
/*!50001 SET character_set_results     = utf8mb4 */;
/*!50001 SET collation_connection      = utf8mb4_0900_ai_ci */;
/*!50001 CREATE ALGORITHM=UNDEFINED */
/*!50013 DEFINER=`root`@`localhost` SQL SECURITY DEFINER */
/*!50001 VIEW `user_role_view` AS select `r`.`uuid` AS `uuid`,`r`.`name` AS `name`,`r`.`description` AS `description`,`r`.`creation_datetime` AS `creation_datetime`,`r`.`active` AS `active`,`r`.`activation_datetime` AS `activation_datetime`,`r`.`deleted` AS `deleted`,`r`.`deletion_datetime` AS `deletion_datetime`,`r`.`changed_datetime` AS `changed_datetime`,`ur`.`user_uuid` AS `user_uuid` from ((`user_relation_to_role` `ur` join `role` `r` on((`r`.`uuid` = `ur`.`role_uuid`))) join `user` `u` on((`u`.`uuid` = `ur`.`user_uuid`))) group by `ur`.`uuid` */;
/*!50001 SET character_set_client      = @saved_cs_client */;
/*!50001 SET character_set_results     = @saved_cs_results */;
/*!50001 SET collation_connection      = @saved_col_connection */;

--
-- Final view structure for view `user_roles`
--

/*!50001 DROP VIEW IF EXISTS `user_roles`*/;
/*!50001 SET @saved_cs_client          = @@character_set_client */;
/*!50001 SET @saved_cs_results         = @@character_set_results */;
/*!50001 SET @saved_col_connection     = @@collation_connection */;
/*!50001 SET character_set_client      = utf8mb4 */;
/*!50001 SET character_set_results     = utf8mb4 */;
/*!50001 SET collation_connection      = utf8mb4_0900_ai_ci */;
/*!50001 CREATE ALGORITHM=UNDEFINED */
/*!50013 DEFINER=`root`@`localhost` SQL SECURITY DEFINER */
/*!50001 VIEW `user_roles` AS select `u`.`uuid` AS `user_uuid`,`u`.`user` AS `user`,`r`.`name` AS `role`,`h`.`name` AS `http_method`,`cr`.`name` AS `crud`,`cr`.`flag` AS `flag`,`carth`.`action_route` AS `route`,`c`.`name` AS `controller`,`r`.`max_request_per_hour` AS `max_request_per_hour`,`r`.`max_time_after_request_in_ms` AS `max_time_after_request_in_ms` from ((((((((`user` `u` join `user_relation_to_role` `urr` on((`urr`.`user_uuid` = `u`.`uuid`))) join `role` `r` on((`r`.`uuid` = `urr`.`role_uuid`))) join `role_relation_to_controller_action_relation_to_http_method` `rrtacth` on((`rrtacth`.`role_uuid` = `r`.`uuid`))) join `controller_action_relation_to_http_method` `carth` on((`carth`.`uuid` = `rrtacth`.`controller_action_relation_to_http_method_uuid`))) join `http_method` `h` on((`h`.`uuid` = `carth`.`http_method_uuid`))) join `crud` `cr` on((`cr`.`uuid` = `h`.`crud_uuid`))) join `controller_action` `ca` on((`ca`.`uuid` = `carth`.`controller_action_uuid`))) join `controller` `c` on((`c`.`uuid` = `ca`.`controller_uuid`))) group by `carth`.`uuid` */;
/*!50001 SET character_set_client      = @saved_cs_client */;
/*!50001 SET character_set_results     = @saved_cs_results */;
/*!50001 SET collation_connection      = @saved_col_connection */;
/*!40103 SET TIME_ZONE=@OLD_TIME_ZONE */;

/*!40101 SET SQL_MODE=@OLD_SQL_MODE */;
/*!40014 SET FOREIGN_KEY_CHECKS=@OLD_FOREIGN_KEY_CHECKS */;
/*!40014 SET UNIQUE_CHECKS=@OLD_UNIQUE_CHECKS */;
/*!40101 SET CHARACTER_SET_CLIENT=@OLD_CHARACTER_SET_CLIENT */;
/*!40101 SET CHARACTER_SET_RESULTS=@OLD_CHARACTER_SET_RESULTS */;
/*!40101 SET COLLATION_CONNECTION=@OLD_COLLATION_CONNECTION */;
/*!40111 SET SQL_NOTES=@OLD_SQL_NOTES */;

-- Dump completed on 2021-12-07 22:00:55
